time,open,high,low,close,Entry,Stop,Target,MA fast,MA slow,Exh Top,Exh Bot,EMA 9,EMA 21,EMA 50,EMA 200,VWAP,VWAP +1σ,VWAP -1σ,Volume
1774912500,23045,23069,23035.25,23056,,,,23115.8375,23277.225,0,0,23089.89416926317,23135.324412950198,23222.79159616009,23497.957887296005,23228.286645144723,23338.858777928992,23117.714512360453,1573
1774913400,23057,23059.75,23034.25,23041,,,,23106.4875,23270.05,0,0,23080.115335410537,23126.74946631836,23215.662513957734,23493.411042646294,23227.437472007437,23338.453115826967,23116.421828187908,1462
1774914300,23042,23047,23023.25,23046,,,,23098.25,23262.86,0,0,23073.29226832843,23119.408605743964,23209.00908203782,23488.959191475686,23226.36609350416,23337.970313597463,23114.761873410855,1802
1774915200,23045.5,23083.25,23008.75,23021,,,,23089.65,23255.525,0,0,23062.833814662743,23110.46236885815,23201.636176859865,23484.302881112744,23223.807089387938,23336.780199506466,23110.83397926941,4363
1774916100,23023,23027.75,22961.5,23011.75,,,,23082.4875,23247.55,0,0,23052.617051730194,23101.48851714377,23194.189660120264,23479.600862395204,23220.65489374699,23335.8824669224,23105.427320571576,4603
1774917000,23011.75,23161,22992,23159.75,,,,23082.65,23242.135,0,0,23074.043641384156,23106.785015585247,23192.83908521359,23476.41826674948,23218.431982640028,23333.660711587858,23103.203253692198,6353
1774917900,23158,23283.75,23152,23202.25,,,,23086.725,23236.46,0,0,23099.684913107325,23115.46365053204,23193.20814069541,23473.69022429426,23218.23593390671,23331.493370401717,23104.978497411706,11711
1774918800,23203,23241.25,23160.25,23188.5,,,,23093.85,23230.905,0,0,23117.44793048586,23122.103318665493,23193.02350772696,23470.85251061969,23217.923128302715,23330.38587998284,23105.46037662259,5068
1774919700,23193.25,23328.25,23186,23315.75,,,,23107.8,23228.065,0,0,23157.10834438869,23139.707562423177,23197.836311345513,23469.30920205631,23219.14109797801,23330.74619653927,23107.53599941675,7399
1774920600,23314.75,23397.25,23313,23364,,,,23122.0125,23226.03,0,0,23198.48667551095,23160.09778402107,23204.352534430003,23468.26134929953,23221.949537734876,23334.138015453464,23109.761060016288,7362
1774921500,23362.75,23374.25,23336.75,23339.25,,,,23132.2,23222.795,0,0,23226.63934040876,23176.384349110063,23209.642631119023,23466.977654281625,23223.07448806676,23335.407173363317,23110.7418027702,3226
1774922400,23340,23346.5,23322.75,23335,,,,23144.25,23219.355,0,0,23248.31147232701,23190.80395373642,23214.558606369257,23465.664443791262,23223.776365417154,23336.102739566242,23111.449991268066,2324
1774923300,23336,23364.25,23332.5,23349.5,,,,23156.75,23216.225,0,0,23268.549177861605,23205.230867033108,23219.850425727327,23464.50857867891,23224.558250402897,23336.96545506634,23112.151045739454,2328
1774924200,23346.75,23357,23325.25,23351.25,,,,23169.05,23213.19,0,0,23285.089342289284,23218.50533366646,23225.003350208608,23463.38162764728,23225.27182700819,23337.723086126593,23112.820567889787,2227
1774925100,23350.25,23405,23344,23345.5,,,,23181.0125,23209.905,0,0,23297.171473831426,23230.050303333144,23229.728709023955,23462.2086761284,23226.516701085977,23339.23173042141,23113.801671750545,3369
1774926000,23346.25,23397.5,23340.75,23380.25,,,,23194.125,23209.64,0,0,23313.78717906514,23243.704821211948,23235.631504748508,23461.393166913193,23227.41723788749,23340.366061451314,23114.468414323666,2339
1774926900,23380.75,23383.25,23348,23351,,,,23205.5125,23210.62,0,0,23321.22974325211,23253.458928374497,23240.15575946425,23460.29472744142,23227.88223346549,23340.907577261773,23114.85688966921,1330
1774927800,23352.5,23360.75,23330.25,23330.5,,,,23216.7375,23209.89,0,0,23323.08379460169,23260.462662158632,23243.698670857808,23459.00323761613,23228.309386450237,23341.332379928834,23115.28639297164,1452
1774928700,23332.5,23343.5,23310,23318.25,,,,23227.6375,23209.75,0,0,23322.117035681353,23265.71605650785,23246.622252392797,23457.602707888604,23228.692208591885,23341.650173276787,23115.734243906983,1539
1774929600,23319.5,23332.5,23313.25,23326,,,,23241.625,23210.785,0,0,23322.893628545084,23271.196415007136,23249.73510524014,23456.29322820812,23229.003355246383,23341.907482602383,23116.099227890383,1260
1774930500,23325.25,23342,23295.25,23302.5,,,,23253.95,23209.285,0,0,23318.814902836068,23274.042195461032,23251.80431679935,23454.762947330426,23229.339549755485,23342.14328500697,23116.535814504,1545
1774931400,23300.25,23321,23294.75,23308,,,,23267.3,23209.105,0,0,23316.651922268855,23277.129268600936,23254.008069081727,23453.30261949629,23229.58234649123,23342.296071459463,23116.868621522994,1200
1774932300,23310.25,23313.75,23277.75,23283.75,,,,23279.1875,23208.18,0,0,23310.071537815085,23277.73115327358,23255.174419313815,23451.615528755035,23229.831703314834,23342.38775947869,23117.27564715098,1564
1774933200,23283,23286.25,23247.25,23248.25,,,,23290.55,23205.1,0,0,23297.70723025207,23275.051048430527,23254.90287345837,23449.59199115548,23229.98511657935,23342.280965595724,23117.68926756298,1955
1774934100,23249.75,23303.75,23235,23288.75,,,,23304.4,23203.375,0,0,23295.915784201654,23276.296407664115,23256.23021175412,23447.991573333038,23230.193702847562,23342.276291760696,23118.11111393443,1791
1774935000,23289.25,23317.25,23279.5,23309,,,,23311.8625,23202.86,0,0,23298.532627361325,23279.26946151283,23258.299615214743,23446.608572603356,23230.461792489037,23342.42029502514,23118.503289952936,1477
1774935900,23306.75,23338.5,23300.25,23310.5,,,,23317.275,23203.57,0,0,23300.92610188906,23282.1086013753,23260.34668912789,23445.254258448098,23230.836903901018,23342.694429998046,23118.97937780399,1732
1774936800,23311.25,23313.25,23266.5,23275.75,,,,23321.6375,23203.06,0,0,23295.890881511248,23281.53054670482,23260.95074053464,23443.5676489113,23231.067949949902,23342.74335322546,23119.392546674342,1695
1774937700,23275.75,23319,23270.5,23288.75,,,,23320.2875,23203.075,0,0,23294.462705209,23282.186860640744,23262.0409075725,23442.02717479278,23231.343266035732,23342.84499802474,23119.841534046725,1787
1774938600,23290,23302.75,23265.25,23272.5,,,,23315.7125,23203.56,0,0,23290.0701641672,23281.30623694613,23262.451068059854,23440.340337232654,23231.523569203713,23342.85861955005,23120.188518857376,1484
1774939500,23272,23308,23266,23292,,,,23313.35,23205.46,0,0,23290.456131333758,23282.278397223756,23263.609849704564,23438.864313976606,23231.68748299218,23342.904733876258,23120.470232108102,1156
1774940400,23292.25,23309.5,23249.5,23265.5,,,,23309.875,23206.21,0,0,23285.464905067005,23280.753088385234,23263.683973245563,23437.13929592709,23231.94227440726,23342.879915625115,23121.00463318941,2394
1774941300,23266,23281.25,23238.25,23274.5,,,,23306.125,23207.485,0,0,23283.271924053603,23280.18462580476,23264.1081311575,23435.52099447508,23232.121619577276,23342.781223626218,23121.462015528334,2234
1774942200,23274.75,23340.5,23274.75,23338.25,,,,23305.475,23210.39,0,0,23294.267539242883,23285.463296186146,23267.015655425832,23434.55312388329,23232.777852298343,23343.26590068716,23122.289803909523,3145
1774943100,23339,23371.5,23331.5,23369.75,,,,23306.6875,23214.685,0,0,23309.364031394307,23293.125723805588,23271.04445325227,23433.90831668047,23233.85885342884,23344.47358611064,23123.24412074704,3589
1774944000,23369.5,23390.25,23340,23344,,,,23304.875,23218.435,0,0,23316.291225115445,23297.75065800508,23273.905455085514,23433.01370656425,23234.897877588402,23345.628505635912,23124.167249540893,3495
1774944900,23345.25,23363,23322.5,23327.5,,,,23303.7,23222.57,0,0,23318.532980092357,23300.455143640982,23276.007201944907,23431.963818936743,23235.431248283887,23346.12074770138,23124.741748866392,2180
1774945800,23328.25,23336.75,23310,23314.75,,,,23302.9125,23227.945,0,0,23317.776384073884,23301.754676037257,23277.526527358834,23430.797512280657,23235.85443780628,23346.43036573444,23125.27850987812,2100
1774946700,23316.75,23338,23293.25,23313.25,,,,23302.6625,23233.475,0,0,23316.871107259107,23302.799705488414,23278.927447854567,23429.62788529279,23236.377614700923,23346.772754846792,23125.982474555054,2815
1774947600,23311.75,23351.75,23309.75,23333.75,,,,23303.05,23238.555,0,0,23320.246885807286,23305.613368625833,23281.07735186027,23428.673876483906,23236.73179231814,23347.074358789272,23126.389225847008,1584
1774948500,23332.75,23351,23317.75,23324,,,,23304.125,23242.325,0,0,23320.99750864583,23307.28488056894,23282.760592963787,23427.632345374615,23237.156260405296,23347.430502048115,23126.882018762477,1931
1774949400,23323.25,23337,23304,23318.75,,,,23304.6625,23246.82,0,0,23320.548006916662,23308.32716415358,23284.171942259323,23426.548938952976,23237.623933151244,23347.761015453267,23127.48685084922,2435
1774950300,23318.5,23335,23293.75,23305.75,,,,23305.7625,23250.945,0,0,23317.58840553333,23308.092876503255,23285.018140602097,23425.346959460905,23237.97746675136,23347.968924030964,23127.986009471755,2072
1774951200,23306.5,23332.5,23303.75,23319.75,,,,23309.3375,23255.235,0,0,23318.020724426664,23309.15261500296,23286.380174303977,23424.29624344637,23238.29784687253,23348.18794247231,23128.407751272753,1726
1774952100,23320,23324,23296,23314,,,,23310.6,23259.39,0,0,23317.21657954133,23309.59328636633,23287.463304723427,23423.198768387203,23238.568183762847,23348.34434772406,23128.792019801633,1615
1774953000,23315.25,23321,23238.5,23247.25,,,,23307.5125,23261.975,0,0,23303.223263633066,23303.92571487848,23285.88631238133,23421.4480343734,23238.81893154011,23348.175165629484,23129.462697450737,3635
1774953900,23247,23293.5,23240,23286.75,,,,23306.325,23265.245,0,0,23299.928610906452,23302.364286253167,23285.920182484024,23420.10775542441,23239.049451872736,23348.077101567287,23130.021802178184,2951
1774954800,23284.5,23398,23264,23334.25,,,,23309.25,23269.81,0,0,23306.792888725162,23305.26298750288,23287.815469445435,23419.253449400287,23240.397510980976,23349.201846826512,23131.59317513544,6512
1774955700,23334,23386,23323.25,23348.5,,,,23312.2375,23274.775,0,0,23315.13431098013,23309.19362500262,23290.19525495738,23418.549434978395,23242.140361791528,23350.984080876922,23133.296642706133,7092
1774956600,23348.5,23382,23326,23381.5,,,,23317.6875,23281.48,0,0,23328.407448784106,23315.766931820563,23293.775833194344,23418.180783884083,23243.054935482993,23351.99198581888,23134.117885147105,3476
1774957500,23381.25,23381.75,23338.25,23360,,,,23321.0875,23287.56,0,0,23334.725959027284,23319.788119836874,23296.372859343584,23417.601870611605,23243.924025266897,23352.919293096744,23134.92875743705,3444
1774958400,23359.75,23428,23328.75,23333,,,,23324.4625,23293.4,0,0,23334.380767221828,23320.989199851705,23297.8092178007,23416.760060953777,23246.1903190389,23355.367378045725,23137.013260032072,8972
1774959300,23331,23415,23312,23403,,,,23330.8875,23300.54,0,0,23348.10461377746,23328.444727137914,23301.934346514397,23416.623144924386,23248.210172715397,23357.729898644993,23138.6904467858,7428
1774960200,23400.25,23439.25,23391.25,23422.25,,,,23335.0875,23308.565,0,0,23362.933691021968,23336.972479216285,23306.6526074354,23416.679133532103,23250.084397510287,23360.42828388698,23139.740511133594,5369
1774961100,23422.25,23426.75,23368.25,23370.25,,,,23335.1125,23315.735,0,0,23364.396952817573,23339.99770837844,23309.146622830092,23416.217152103924,23251.643826913954,23362.331687584807,23140.955966243102,5532
1774962000,23370.75,23393.75,23357,23381.25,,,,23336.975,23320.165,0,0,23367.76756225406,23343.74791670767,23311.97420624852,23415.86922024219,23252.791719165412,23363.61982961976,23141.963608711063,4523
1774962900,23381.25,23405.5,23374.5,23380.75,,,,23339.6375,23323.735,0,0,23370.364049803247,23347.11174246152,23314.671296199558,23415.519775264656,23254.06829743732,23365.133841849238,23143.0027530254,4759
1774963800,23381.75,23468.25,23378.75,23416.75,,,,23344.7375,23328.3,0,0,23379.641239842596,23353.442493146835,23318.674382623103,23415.5320163068,23264.199151234137,23378.99943899528,23149.398863472994,32254
1774964700,23417,23575,23417,23565,,,,23357.325,23333.285,0,0,23416.712991874076,23372.67499376985,23328.33421075553,23417.019259925637,23277.237863114246,23402.365675707802,23152.11005052069,28706
1774965600,23569,23580.75,23495.75,23524,,,,23366.8375,23336.485,0,0,23438.170393499262,23386.431812518047,23336.007378961196,23418.0837449015,23285.877326206653,23417.286789547685,23154.467862865622,19572
1774966500,23524.5,23578,23503.5,23567.5,,,,23379.0125,23341.05,0,0,23464.03631479941,23402.892556834588,23345.08552096272,23419.570473807955,23293.554844322105,23430.420313612358,23156.689375031852,17403
1774967400,23567.75,23587.75,23476.75,23491.5,,,,23387.65,23344.18,0,0,23469.529051839527,23410.947778940535,23350.82726523869,23420.286190486484,23518.666666666668,23518.666666666668,23518.666666666668,19097
1774968300,23491.75,23504,23376.5,23409.5,,,,23392.8375,23345.38,0,0,23457.523241471623,23410.816162673214,23353.128156797957,23420.17886520801,23471.363771089833,23515.59753810699,23427.130004072675,21839
1774969200,23409.25,23550,23407.5,23544.25,,,,23404.0625,23349.24,0,0,23474.8685931773,23422.946511521102,23360.623131041175,23421.413403862658,23481.074395441894,23519.750210934384,23442.398579949404,20376
1774970100,23544.25,23558.75,23483.25,23492,,,,23412.9625,23352.17,0,0,23478.29487454184,23429.22410138282,23365.775165117993,23422.115758053078,23487.38213334366,23523.920882921328,23450.843383765994,16147
1774971000,23492,23520.75,23458,23484.25,,,,23424.8125,23354.25,0,0,23479.485899633473,23434.226455802564,23370.42123707415,23422.73400921673,23487.425284209145,23521.07969272789,23453.7708756904,13847
1774971900,23483.25,23510.25,23442.25,23446.5,,,,23432.8,23356.16,0,0,23472.888719706778,23435.342232547784,23373.404717973204,23422.970486736962,23485.06591379232,23517.47147184226,23452.660355742384,11500
1774972800,23446.25,23533.25,23435.75,23515,,,,23441.8375,23359.85,0,0,23481.310975765424,23442.58384777071,23378.95747413112,23423.886203286842,23486.17643415654,23516.804545849427,23455.548322463652,13447
1774973700,23516,23568,23516,23550.25,,,,23451.925,23364.49,0,0,23495.098780612338,23452.371679791555,23385.67482808676,23425.143554497918,23491.396456079045,23525.05632781349,23457.7365843446,11374
1774974600,23550.25,23857.25,23531.25,23777.5,,,,23471.725,23373.52,0,0,23551.57902448987,23481.928799810503,23401.04052110297,23428.64958878152,23552.666153642567,23658.52924474506,23446.803062540075,46179
1774975500,23779.5,23822.5,23696.75,23775.25,,,,23492.4875,23382.975,0,0,23596.313219591895,23508.594363464093,23415.715402628342,23432.098349092154,23590.847597052107,23716.67771475545,23465.017479348764,38142
1774976400,23775.75,23863.25,23761,23828.5,,,,23517.2625,23393.385,0,0,23642.750575673515,23537.676694058267,23431.90303389782,23436.04264412606,23616.44999204778,23754.995540292555,23477.904443803003,26979
1774977300,23828.25,23876,23794.25,23804.75,,,,23537.35,23403.805,0,0,23675.15046053881,23561.956085507514,23446.524483548885,23439.711374035254,23632.0894058003,23776.21584830985,23487.96296329075,19370
1774978200,23805.25,23872,23761.5,23786,,,,23555.5375,23414.56,0,0,23697.32036843105,23582.32371409774,23459.83724889991,23443.157032005052,23646.422205462222,23792.571948173812,23500.272462750632,23127
1774979100,23785,23822.25,23747.5,23761,,,,23575.075,23424.005,0,0,23710.05629474484,23598.567012816125,23471.64755286462,23446.319648602017,23651.728673873004,23797.177887841084,23506.279459904923,11929
1774980000,23760,23831.75,23760,23818,,,,23596.9125,23434.185,0,0,23731.645035795875,23618.515466196477,23485.230001771888,23450.017960556226,23657.23905610815,23802.809272763054,23511.668839453243,11071
1774980900,23817.5,23848.5,23793.5,23827,,,,23619.225,23444.515,0,0,23750.7160286367,23637.46860563316,23498.632746800442,23453.76902562532,23662.621123877023,23808.79164285371,23516.450604900336,10216
1774981800,23826.25,23864.5,23804,23838,,,,23640.2875,23455.76,0,0,23768.17282290936,23655.698732393783,23511.94126653376,23457.59221940019,23669.046186075455,23816.155783595917,23521.936588554992,12145
1774982700,23837.25,23872,23837.25,23855.5,,,,23654.8125,23467.095,0,0,23785.63825832749,23673.862483994348,23525.41415804224,23461.551500799193,23673.76153575054,23821.904800342625,23525.61827115845,8506
1774983600,23856.25,23887.5,23833.5,23879.25,,,,23672.575,23479.23,0,0,23804.36060666199,23692.534076358497,23539.290073413133,23465.70770477134,23679.40331984126,23828.94200763313,23529.864632049394,10097
1774984500,23879.5,23912.5,23872.75,23882.75,,,,23688.3375,23491.045,0,0,23820.03848532959,23709.82643305318,23552.75909014203,23469.857379350728,23686.406705605994,23838.186116194087,23534.6272950179,11920
1774985400,23882,23921.25,23875,23907.25,,,,23709.125,23503.88,0,0,23837.480788263674,23727.774030048346,23566.660694450187,23474.20954473032,23693.9477286209,23848.190127655504,23539.705329586297,13003
1774986300,23907,23975.25,23882,23909.75,,,,23734.1375,23516.585,1,0,23851.93463061094,23744.31730004395,23580.11517702077,23478.54328060365,23717.65995261524,23879.443444419256,23555.87646081122,42902
1774987200,23909.5,23934.5,23868.25,23926.25,,,,23753.2375,23528.345,0,0,23866.797704488752,23760.85663640359,23593.689091647404,23482.998073831477,23725.57151795983,23888.519034858553,23562.624001061107,17758
1774988100,23925.5,23944.5,23920.5,23942.25,,,,23775.75,23539.795,0,0,23881.888163591,23777.346942185082,23607.35814687692,23487.567744738626,23727.00329702154,23890.312499035368,23563.69409500771,2956
1774989000,23942.75,23945.5,23906.75,23909.75,,,,23797.025,23551.11,0,0,23887.4605308728,23789.38358380462,23619.21665092096,23491.768563198937,23728.048228091528,23891.53299260691,23564.563463576145,2354
1774989900,23909.25,23917.25,23894.5,23905.5,,,,23819.975,23562.67,0,0,23891.06842469824,23799.939621640566,23630.44344892406,23495.885293913376,23728.998264466765,23892.559563092906,23565.436965840625,2345
1774994400,23889,23969,23880,23962.5,,,,23842.35,23575.625,0,0,23905.35473975859,23814.71783785506,23643.46527445645,23500.528226312246,23730.846381993953,23894.84667417675,23566.846089811155,3929
1774995300,23962.5,23974,23933.5,23958.5,,,,23862.7625,23588.53,0,0,23915.983791806873,23827.788943504598,23655.81957741894,23505.085159383765,23732.06123486672,23896.444279500884,23567.678190232557,2408
1774996200,23959.25,23973.5,23938.25,23961.5,,,,23871.9625,23601.085,0,0,23925.0870334455,23839.94449409509,23667.807044971138,23509.626600583928,23732.9856236557,23897.663726870407,23568.30752044099,1830
1774997100,23962,23965,23946,23958,,,,23881.1,23613.765,0,0,23931.6696267564,23850.676812813716,23679.18716085462,23514.088027443788,23733.536142796223,23898.383610975874,23568.688674616573,1104
1774998000,23957,23963.5,23943,23954.25,,,,23887.3875,23626.475,0,0,23936.18570140512,23860.092557103377,23689.973938860323,23518.46774856375,23734.22864025883,23899.277331514935,23569.179949002722,1414
1774998900,23954.75,23984.5,23948.25,23980.5,,,,23896.175,23639.97,0,0,23945.048561124095,23871.038688275796,23701.367117728547,23523.06508439894,23735.056526173226,23900.40844528693,23569.704607059524,1576
1774999800,23977,24020,23973.75,23987,,,,23906.225,23653.315,0,0,23953.438848899277,23881.580625705268,23712.568407229388,23527.681352215866,23736.937172357008,23903.144947598706,23570.72939711531,3304
1775000700,23987,24045.75,23981.75,24038,,,,23920.075,23667.795,0,0,23970.35107911942,23895.80056882297,23725.330430475293,23532.759149706257,23738.74468741819,23905.961449169547,23571.527925666836,2900
1775001600,24036.25,24048.25,24020,24034.5,,,,23930.9,23683.54,0,0,23983.180863295536,23908.409608020884,23737.4547273194,23537.751595977836,23740.72063934621,23909.108512561394,23572.33276613103,3077
1775002500,24035,24037,24005.25,24022.25,,,,23940.6625,23698.25,0,0,23990.994690636428,23918.75873456444,23748.623169385308,23542.572475619847,23742.164760914387,23911.315685878944,23573.01383594983,2379
1775003400,24022,24025.5,23992.25,24021.5,,,,23949.8375,23711.995,0,0,23997.095752509143,23928.098849604034,23759.324221566276,23547.33792362363,23743.259696060784,23912.941272508826,23573.578119612743,1877
1775004300,24020,24036.25,24011.5,24036.25,,,,23958.875,23725.75,0,0,24004.926602007316,23937.930772367305,23770.184056014656,23552.202720403493,23744.16481704067,23914.33302862812,23573.99660545322,1481
1775005200,24037,24042.25,23975,23999,,,,23964.8625,23738.1,0,0,24003.741281605853,23943.482520333913,23779.15723028859,23556.64846447908,23746.34127167413,23917.45482258004,23575.22772076822,3914
1775006100,23999,24014.5,23980.25,24010.25,,,,23971.2375,23751.105,0,0,24005.04302528468,23949.552291212647,23788.2196918459,23561.161912593714,23747.32708191983,23918.842470466818,23575.81169337284,1821
1775007000,24008.5,24013.5,23967,23976,,,,23974.675,23763.965,0,0,23999.234420227745,23951.956628375134,23795.583625499003,23565.28965475696,23748.263673472695,23920.089284232672,23576.438062712718,1862
1775007900,23975.5,23984.75,23967.5,23976.25,,,,23978,23775.43,0,0,23994.637536182196,23954.165116704666,23802.668581361788,23569.378812421073,23748.737741900586,23920.698328864713,23576.77715493646,987
1775008800,23978.25,23996.25,23971,23975.5,,,,23980.4625,23786.495,0,0,23990.810028945758,23956.104651549696,23809.446284053483,23573.419819262654,23749.339028022732,23921.481723881203,23577.19633216426,1232
1775009700,23974.5,23981.5,23965.5,23969,,,,23981.8,23798.47,0,0,23986.448023156605,23957.27695595427,23815.703292521976,23577.355940464022,23749.763673604266,23922.016293134606,23577.511054073926,909
1775010600,23969,23975,23956.25,23970.75,,,,23984.85,23810.26,0,0,23983.308418525285,23958.501778140246,23821.78355556033,23581.270309215623,23750.28599343069,23922.66088119446,23577.91110566692,1147
1775011500,23971.5,23983.5,23965,23966.25,,,,23987.8875,23821.97,0,0,23979.896734820228,23959.206161945676,23827.448906322672,23585.10095290502,23750.73759801485,23923.225861193565,23578.249334836135,977
1775012400,23966.75,23988.5,23963.25,23983,,,,23988.9125,23833.295,0,0,23980.517387856184,23961.369238132433,23833.548949211978,23589.060147403477,23751.093927592,23923.68171832418,23578.506136859818,751
1775013300,23983.75,23984.75,23968.5,23975.75,,,,23989.775,23841.51,0,0,23979.563910284945,23962.676580120395,23839.125461007585,23592.90780762832,23751.355265396276,23924.01325230758,23578.69727848497,557
1775014200,23976.5,23990.75,23976.5,23987.5,,,,23991.075,23850.78,0,0,23981.151128227957,23964.933254654905,23844.944070379835,23596.83409809968,23751.663799649265,23924.416127992154,23578.911471306375,635
1775015100,23987.25,23993.5,23977.75,23981.75,,,,23992.2625,23859.065,0,0,23981.270902582364,23966.462049686277,23850.309008796314,23600.66410707381,23751.975094925776,23924.821184465636,23579.129005385916,644
1775016000,23982,23992.25,23980,23982.25,,,,23993.6625,23868.88,0,0,23981.466722065892,23967.897317896615,23855.483165314105,23604.46098163029,23752.33205277133,23925.285705648945,23579.378399893714,739
1775016900,23984.25,24009,23978.5,24008,,,,23995.0375,23880.85,0,0,23986.773377652713,23971.54301626965,23861.464217654728,23608.47629524591,23752.955489712484,23926.132540607618,23579.77843881735,1224
1775017800,24007,24012.25,23999.5,24007,,,,23996.0375,23890.105,0,0,23990.81870212217,23974.766378426953,23867.171503236896,23612.441705243462,23753.256483025718,23926.550459963488,23579.962506087948,575
1775018700,24006.75,24022.5,24001.5,24011.75,,,,23994.725,23900.5,0,0,23995.004961697738,23978.128525842683,23872.841248208,23616.414922106713,23753.716450468743,23927.198908614864,23580.23399232262,862
1775019600,24013.75,24045,24007.5,24043,,,,23995.15,23911.675,0,0,24004.60396935819,23984.025932584256,23879.514140435134,23620.65954974744,23754.404954926224,23928.22287138308,23580.587038469366,1203
1775020500,24042.75,24073.75,24036,24053,,,,23996.6875,23923.805,0,0,24014.283175486555,23990.296302349325,23886.317507476895,23624.961444774828,23755.43800431617,23929.8434646823,23581.032543950038,1680
1775021400,24053.5,24064.5,24030.75,24053.75,,,,23998.3,23934.58,0,0,24022.176540389242,23996.06482031757,23892.88348757584,23629.22799756314,23756.471592352744,23931.43860503669,23581.5045796688,1719
1775022300,24053.25,24062.5,24038,24041.25,,,,23998.55,23944.4,0,0,24025.991232311393,24000.17256392506,23898.70178218071,23633.32771898042,23757.33303161321,23932.753977221444,23581.912086004973,1454
1775023200,24041.5,24081.25,24039,24079.25,,,,24002.5625,23950.435,0,0,24036.642985849114,24007.361421750054,23905.78210444813,23637.764756602508,23758.790709837867,23935.074462057288,23582.506957618447,2325
1775024100,24078.75,24126.75,24075.75,24119.25,,,,24008.0125,23957.315,0,0,24053.16438867929,24017.533110681867,23914.153394469773,23642.555654546763,23761.577139203553,23939.876487611902,23583.277790795204,3975
1775025000,24118.5,24168.75,24112.75,24166.25,,,,24017.525,23964.07,0,0,24075.781510943434,24031.052827892607,23924.039535863114,23647.76654355625,23765.079595012783,23946.32247827842,23583.836711747146,4532
1775025900,24168.25,24176.75,24154,24169,,,,24027.1625,23971.355,0,0,24094.425208754747,24043.59347990237,23933.645828574365,23652.95294610793,23767.713131171102,23951.245034045667,23584.181228296537,3312
1775026800,24169.5,24181.25,24141.25,24149,,,,24035.8375,23978.615,0,0,24105.340167003797,24053.175890820337,23942.0910901989,23657.888737688943,23770.18474015709,23955.72895897674,23584.64052133744,3225
1775027700,24149,24151.5,24131,24147.5,,,,24044.7625,23986.345,0,0,24113.772133603037,24061.75080983667,23950.14634156365,23662.760491542784,23771.59585698089,23958.199802885963,23584.991911075816,1929
1775028600,24147.75,24179.25,24141.5,24167.25,,,,24054.5875,23993.33,0,0,24124.46770688243,24071.341645306064,23958.66021052194,23667.780287646834,23773.615495482147,23961.83596803017,23585.395022934124,2648
1775029500,24167.25,24169,24072.25,24079.25,,,,24060.2375,23998.375,0,0,24115.424165505945,24072.060586641877,23963.38922187402,23671.8745136404,23776.702765465216,23966.749909898757,23586.655621031674,4795
1775030400,24078.75,24094,24033.5,24048.5,,,,24063.5125,24002.585,0,0,24102.039332404755,24069.91871512898,23966.726899447585,23675.62203091761,23778.991341381537,23969.948986446827,23588.033696316248,4235
1775031300,24048.5,24106.5,24043.25,24081.25,,,,24068.7875,24007.1,0,0,24097.881465923805,24070.94883193544,23971.218001430032,23679.65813011246,23780.77175504072,23972.538219060927,23589.005291020516,3136
1775032200,24082.5,24098.25,24077.25,24092,,,,24074.0125,24011.355,0,0,24096.705172739043,24072.862574486764,23975.95455039356,23683.761034290445,23782.014037098324,23974.388182197425,23589.639891999224,2123
1775033100,24090.25,24102.5,24026.75,24071.75,,,,24078.5125,24015.135,0,0,24091.714138191233,24072.761431351602,23979.71123469185,23687.62162101392,23784.326775121208,23977.617314039864,23591.03623620255,4312
1775034000,24072,24084.5,24028.75,24038,,,,24081.3,24017.75,0,0,24080.971310552988,24069.60130122873,23981.997068625504,23691.107973043632,23785.558986617118,23979.24579664252,23591.872176591714,2472
1775034900,24038.75,24044.25,24003.5,24029.5,,,,24082.375,24020.145,0,0,24070.67704844239,24065.955728389756,23983.859928679405,23694.47505788897,23786.631805856283,23980.54815677661,23592.715454935955,2395
1775035800,24029.25,24055.25,24029,24049.25,,,,24084.4875,24022.605,0,0,24066.391638753914,24064.437025808867,23986.424245201782,23698.00515681545,23787.538962263807,23981.715091585414,23593.3628329422,1893
1775036700,24050.25,24090.75,24049,24068,,,,24087.3,24025.12,0,0,24066.713311003132,24064.760932553516,23989.623294409557,23701.686697543653,23789.040242186973,23983.78137883673,23594.299105537215,2883
1775037600,24070.75,24087.5,24050.75,24070.25,,,,24088.6625,24028.33,0,0,24067.420648802505,24065.259938685016,23992.785126001338,23705.353994085508,23790.04444671607,23985.157109235843,23594.9317841963,1944
1775038500,24070.25,24087,24056.75,24067.25,,,,24089.375,24031.565,0,0,24067.386519042004,24065.440853350014,23995.70531713854,23708.95494936824,23791.20736234692,23986.74662529423,23595.66809939961,2262
1775039400,24069.5,24094.5,24062.5,24090.75,,,,24091.225,24034.13,0,0,24072.059215233603,24067.74168486365,23999.432559603698,23712.753905095917,23792.09981674433,23988.00217751568,23596.19745597298,1675
1775040300,24089.75,24140,24089.25,24127,,,,24095.5125,24037.5,0,0,24083.047372186884,24073.1288044215,24004.43520432512,23716.875756786503,23794.10101580102,23991.058634947643,23597.1433966544,3371
1775041200,24128.5,24158.5,24123.5,24155.75,,,,24099.3375,24041.385,0,0,24097.58789774951,24080.639822201363,24010.369117880997,23721.242664679176,23795.657401124943,23993.560989176593,23597.753813073294,2445
1775042100,24155.75,24166,24142.25,24150.5,,,,24100.9,24045.235,0,0,24108.170318199605,24086.990747455784,24015.864446591546,23725.513881946048,23797.540109074926,23996.609197114267,23598.471021035584,2928
1775043000,24151.25,24188,24146,24178.75,,,,24101.525,24049.725,0,0,24122.286254559684,24095.332497687075,24022.25211535266,23730.02369406599,23800.186409371592,24001.006475696806,23599.36634304638,3966
1775043900,24178.75,24205,24170,24191,,,,24102.625,24053.935,0,0,24136.029003647745,24104.029543351888,24028.86967945648,23734.610522980754,23802.46121852612,24004.874388773398,23600.048048278844,3296
1775044800,24189.75,24196.5,24162.5,24167.25,,,,24103.5375,24057.54,0,0,24142.273202918197,24109.776857592624,24034.29635869348,23738.915393398856,23804.735851102785,24008.609277412175,23600.862424793395,3454
1775045700,24166.75,24176.75,24123.5,24141.75,,,,24103.25,24059.615,0,0,24142.16856233456,24112.683506902384,24038.510226980008,23742.92369794215,23807.299041325732,24012.542742672544,23602.05533997892,4269
1775046600,24144.25,24246,24104.75,24182.25,,,,24104,24062.57,0,0,24150.184849867648,24119.00773354762,24044.14708082393,23747.295103932778,23811.557504842065,24019.402853917603,23603.712155766527,6637
1775047500,24186.75,24234.75,24050,24062.25,,,,24103.15,24063.37,0,0,24132.597879894118,24113.847939588744,24044.85699922299,23750.428983495636,23817.946859880856,24028.17125939314,23607.72246036857,12388
1775048400,24061,24083.75,24036,24066.5,,,,24104.05,24064.27,0,0,24119.378303915295,24109.54358144431,24045.7057443515,23753.573968734487,23821.376477995,24032.087159366867,23610.665796623132,8401
1775049300,24066.25,24101.5,24054,24088.25,,,,24104.4,24065.31,0,0,24113.152643132235,24107.60780131301,24047.374146533795,23756.904078498323,23824.343250199618,24035.658906467113,23613.02759393212,6906
1775050200,24087.75,24194.75,24043.25,24096.25,,,,24104.6125,24067.255,0,0,24109.772114505788,24106.575273920917,24049.290846669726,23760.280654831673,23840.23586219246,24055.855852139473,23624.61587224545,35452
1775051100,24094.75,24142.5,24058.75,24120.75,,,,24107.0625,24069.465,0,0,24111.96769160463,24107.863885382652,24052.09316640817,23763.86741448509,23848.85463091414,24066.155190633584,23631.554071194692,21353
1775052000,24121.75,24178,24108.75,24165.75,,,,24113.45,24073.26,0,0,24122.724153283703,24113.126259438774,24056.55029713726,23767.866246181755,23858.08607004678,24078.264448759142,23637.907691334414,20867
1775052900,24165.25,24210.75,24152,24187.5,,,,24121.35,24077.485,0,0,24135.679322626962,24119.887508580705,24061.685579602465,23772.041706418753,23866.594672862222,24089.991937254956,23643.19740846949,18332
1775053800,24186.75,24244.5,24131,24205.5,,,,24129.1625,24082.085,0,0,24149.64345810157,24127.670462346094,24067.325360794526,23776.354724265333,24193.666666666668,24193.666666666668,24193.666666666668,25130
1775054700,24206.25,24270,24176,24260,,,,24138.7625,24087.905,0,0,24171.71476648126,24139.70042031463,24074.881228998664,23781.167115068663,24210.383174081224,24230.80569894995,24189.9606492125,16837
1775055600,24260.25,24286.75,24251.75,24266.25,,,,24148.5625,24093.815,0,0,24190.621813185007,24151.204927558756,24082.38588668499,23785.993810441116,24225.363391669318,24256.21074480953,24194.516038529106,14659
1775056500,24266.75,24284.75,24248.5,24250,,,,24157.7,24099.49,0,0,24202.497450548006,24160.18629778069,24088.95898916793,23790.610787451653,24231.34113890237,24262.48767458904,24200.194603215703,11381
1775057400,24249.5,24293,24229.75,24290.5,,,,24167.6875,24105.64,0,0,24220.097960438405,24172.032997982446,24096.86255822017,23795.58480946706,24238.13505323256,24270.199286839186,24206.070819625933,14023
1775058300,24290,24327,24281.25,24313.25,,,,24177,24112.39,0,0,24238.728368350723,24184.87090725677,24105.34834025075,23800.735706885298,24246.093280952846,24283.45135852641,24208.73520337928,10689
1775059200,24314,24326.25,24296.5,24301.75,,,,24184.3,24118.675,0,0,24251.33269468058,24195.496279324336,24113.050366123272,23805.72092373221,24252.526315831878,24292.637726208777,24212.414905454978,10720
1775060100,24301.25,24329.75,24294.5,24304.75,,,,24192.0125,24125.135,0,0,24262.016155744463,24205.428435749396,24120.56799882432,23810.68638717766,24257.037771060022,24298.50254139096,24215.573000729084,8867
1775061000,24304.75,24327.75,24288.25,24325.5,,,,24199.35,24132,0,0,24274.71292459557,24216.34403249945,24128.604547890034,23815.808910688327,24260.37056571143,24302.75707943405,24217.98405198881,7001
1775061900,24325.25,24330.75,24312.75,24318.75,,,,24205.7375,24138.215,0,0,24283.520339676455,24225.653665908594,24136.0612322865,23820.813299636702,24262.59429383731,24305.719356381713,24219.469231292904,4562
1775062800,24319.75,24348.25,24314.25,24342,,,,24214.475,24144.915,0,0,24295.216271741163,24236.23060537145,24144.137262392913,23825.99923695375,24267.174813176567,24312.471150455018,24221.878475898116,8386
1775063700,24342,24346.75,24329,24331.5,,,,24223.9625,24151.31,0,0,24302.47301739293,24244.89145942859,24151.484820730446,23831.02909529252,24269.85821388007,24316.20781294923,24223.50861481091,5386
1775064600,24331.5,24341,24304.5,24311.25,,,,24230.4125,24156.675,0,0,24304.228413914345,24250.92405402599,24157.75012187827,23835.807412752296,24272.593050896296,24319.01732779405,24226.168773998543,8126
1775065500,24310.75,24315.75,24265.5,24266.75,,,,24240.6375,24160.95,0,0,24296.732731131477,24252.36277638726,24162.024626902654,23840.09539869506,24273.156668674364,24318.322911754716,24227.990425594013,8639
1775066400,24266.75,24273.5,24215.25,24227,,,,24248.6625,24164.415,0,0,24282.78618490518,24250.057069442966,24164.57268074961,23843.94519572297,24269.562502417986,24313.59954446396,24225.525460372013,17914
1775067300,24227,24227,24140.5,24154,,,,24251.95,24166.67,0,0,24257.028947924144,24241.324608584513,24164.158065818254,23847.030318153586,24259.18745882187,24310.320994068134,24208.053923575608,20946
1775068200,24154,24204.75,24124.5,24180.5,,,,24256.1625,24168.695,0,0,24241.723158339315,24235.795098713195,24164.798925982243,23850.348424440614,24252.185110260234,24306.825937853337,24197.54428266713,16450
1775069100,24180,24186.25,24147.25,24159,,,,24258.075,24169.49,0,0,24225.17852667145,24228.813726102904,24164.571517120195,23853.41958439643,24248.05082094233,24304.550242992696,24191.551398891967,10336
1775070000,24159,24202,24153.75,24193,,,,24259.4375,24170.025,0,0,24218.74282133716,24225.557932820822,24165.68635958607,23856.798494004426,24245.167857437584,24302.004116475542,24188.331598399625,10191
1775070900,24193,24245.75,24182,24233.75,,,,24261.75,24171.32,0,0,24221.744257069728,24226.302666200747,24168.355521955244,23860.549255258113,24244.042584809,24299.805412517213,24188.27975710079,11005
1775071800,24234,24255.75,24202,24229.5,,,,24262.95,24172.93,0,0,24223.295405655783,24226.59333290977,24170.753344623667,23864.220406947086,24243.210578338352,24297.508852229646,24188.912304447058,14208
1775072700,24228.75,24243.5,24171.5,24200.75,,,,24259.9875,24173.995,0,0,24218.786324524626,24224.243939008884,24171.92968405019,23867.568960111792,24239.028467277876,24291.60939359449,24186.447540961264,31628
1775073600,24201,24215.75,24180.25,24204.25,,,,24256.8875,24174.735,0,0,24215.8790596197,24222.426308189893,24173.197147420768,23870.91902021018,24237.833058439555,24290.034752898206,24185.631363980905,9091
1775074500,24204.75,24206,24176.5,24180,,,,24253.3875,24176.75,0,0,24208.70324769576,24218.56937108172,24173.463925953285,23873.994452844905,24237.464450942938,24289.651402135318,24185.27749975056,2185
1775075400,24181.25,24196.75,24177.25,24190,,,,24248.3625,24179.58,0,0,24204.96259815661,24215.972155528838,24174.112399445312,23877.138786647443,24237.268440623124,24289.444515668816,24185.09236557743,1187
1775076300,24189.5,24202.5,24185,24187.25,,,,24242.0625,24181.7,0,0,24201.420078525287,24213.361050480762,24174.627599467065,23880.224470362395,24237.03356277366,24289.177803649778,24184.889321897543,1548
1775080800,24180,24206,24173,24186.25,,,,24236.2875,24183.585,0,0,24198.38606282023,24210.896409527966,24175.08337988012,23883.269500508042,24236.73220743543,24288.854447885165,24184.609966985696,1878
1775081700,24186.5,24197.75,24167.5,24194.5,,,,24230.775,24186.04,0,0,24197.608850256183,24209.405826843606,24175.844815963253,23886.36632139851,24236.565585082066,24288.6811262766,24184.450043887533,1010
1775082600,24193.25,24201.75,24181.5,24195.5,,,,24224.275,24189.19,0,0,24197.187080204945,24208.141660766913,24176.615607494106,23889.442278399518,24236.4664464867,24288.56422239169,24184.368670581705,692
1775083500,24195.75,24196.75,24158,24170.5,,,,24216.8625,24192.01,0,0,24191.849664163958,24204.719691606286,24176.37577974924,23892.2388726443,24236.122260462875,24288.27557406785,24183.968946857898,1718
1775084400,24170.5,24203.75,24163.5,24199.5,,,,24209.7375,24195.015,0,0,24193.379731331166,24204.245174187534,24177.282611915936,23895.296197294603,24235.952779214113,24288.088893517295,24183.81666491093,1104
1775085300,24200.5,24203,24188,24201.5,,,,24203.2375,24197.685,0,0,24195.00378506493,24203.995612897757,24178.23231340943,23898.343001301622,24235.869675301714,24287.980025356665,24183.759325246763,666
1775086200,24198.5,24200.5,24184.25,24193.75,,,,24197.3625,24200.155,0,0,24194.753028051946,24203.064193543414,24178.840850138473,23901.282374423,24235.745740752132,24287.832081992816,24183.65939951145,890
1775087100,24194.5,24200,24159.25,24183.5,,,,24193.2,24202.48,0,0,24192.502422441557,24201.285630494014,24179.02356189775,23904.090510000882,24235.508861855156,24287.60682461062,24183.410899099694,1341
1775088000,24183,24185,24156.75,24168.75,,,,24190.2875,24204.04,0,0,24187.751937953246,24198.32784590365,24178.620677117444,23906.723937762068,24235.104457294234,24287.293159338325,24182.915755250142,1933
1775088900,24169,24186.75,24158.25,24163.5,,,,24190.7625,24204.77,0,0,24182.901550362596,24195.161678094224,24178.02770938735,23909.27892345598,24234.78381459734,24287.0454780831,24182.52215111158,1534
1775089800,24164.5,24229.75,24154.5,24225,,,,24192.9875,24206.155,0,0,24191.321240290075,24197.87425281293,24179.86975999961,23912.420426705172,24234.492996429562,24286.602106679748,24182.383886179377,2906
1775090700,24225.75,24245.75,24207.5,24236.25,,,,24196.85,24207.87,0,0,24200.30699223206,24201.362957102665,24182.080749803546,23915.642611514075,24234.45617620346,24286.360637158847,24182.551715248075,2523
1775091600,24236,24240,24083.75,24141.25,,,,24194.2625,24207.12,0,0,24188.49559378565,24195.898142820606,24180.479543928897,23917.88746115075,24232.333259666833,24285.118339575405,24179.54817975826,8765
1775092500,24139.75,24148.75,23962,23973,,,,24181.225,24202.76,0,0,24145.39647502852,24175.63467529146,24172.343091225805,23918.435844621887,24226.009833287553,24288.880349889576,24163.13931668553,10472
1775093400,23974.75,23978.75,23915,23950.75,,,,24167.2875,24198.43,0,0,24106.467180022817,24155.19061390133,24163.653166079694,23918.757378506245,24221.17986102243,24293.309154684317,24149.05056736054,5989
1775094300,23948.75,23962.25,23912.5,23938.5,,,,24154.175,24194.365,0,0,24072.873744018252,24135.491467183027,24154.823630155,23918.953822501207,24217.715599993127,24295.875173875153,24139.556026111102,4263
1775095200,23940.5,23967,23862,23874.25,,,,24137.675,24188.205,0,0,24033.1489952146,24111.74224289366,24143.82074269794,23918.509008346966,24213.135634655566,24299.4475372121,24126.82373209903,5119
1775096100,23875,23904.25,23866,23868,,,,24122.075,24184.32,0,0,24000.11919617168,24089.583857176054,24133.004242984294,23918.006431149483,24210.146063254528,24301.643310468684,24118.64881604037,3199
1775097000,23868.25,23884.5,23856,23872.5,,,,24106.2,24180.44,0,0,23974.595356937345,24069.84896106914,24122.788390318245,23917.55363083954,24207.5271419878,24303.38347635973,24111.670807615872,2779
1775097900,23871.25,23894.75,23863.25,23884.75,,,,24091.075,24176.37,0,0,23956.626285549875,24053.021782790125,24113.453551482235,23917.22722655258,24206.06167830344,24304.1621247103,24107.961231896577,1622
1775098800,23885.5,23885.5,23851.75,23872,,,,24075.3625,24171.885,0,0,23939.7010284399,24036.565257081933,24103.984784757442,23916.777204397826,24204.63136106383,24304.93966107265,24104.323061055013,1544
1775099700,23872.75,23894.75,23870.75,23879.75,,,,24059.625,24167.065,0,0,23927.71082275192,24022.30932461994,24095.19126378656,23916.40877450332,24203.541120600363,24305.416585026996,24101.66565617373,1230
1775100600,23879.5,23884.75,23828,23846.25,,,,24042.1625,24160.675,0,0,23911.418658201535,24006.30393147267,24085.428861285127,23915.71067724458,24201.229608343114,24306.65782751676,24095.801389169468,2418
1775101500,23846.5,23848.25,23815,23821.5,,,,24024.7125,24153.355,0,0,23893.43492656123,23989.503574066064,24075.07870986218,23914.773257570505,24199.38451244145,24307.75841492505,24091.01060995785,1823
1775102400,23821.75,23838,23809.25,23821.75,,,,24005.825,24145.68,0,0,23879.097941248983,23974.253249150966,24065.144250651898,23913.847653017565,24197.60861511731,24308.760552262604,24086.45667797202,1747
1775103300,23822.75,23841.25,23812.25,23819,,,,23986.7,24136.86,0,0,23867.078352999186,23960.13931740997,24055.491534940058,23912.903895276097,24196.41724436548,24309.372221727495,24083.462267003462,1185
1775104200,23819,23828.5,23800.25,23813.75,,,,23967.7,24127.81,0,0,23856.41268239935,23946.831197645424,24046.01147474633,23911.91728935295,24195.184267327175,24310.020926714904,24080.347607939446,1202
1775105100,23812.5,23818.75,23795,23803,,,,23948.675,24118.87,0,0,23845.73014591948,23933.755634223115,24036.48161299157,23910.833535230035,24193.68143606263,24310.81313766653,24076.54973445873,1443
1775106000,23805.25,23826,23802.75,23807.25,,,,23930.6,24109.205,0,0,23838.034116735584,23922.25512202101,24027.492137972295,23909.80285328745,24192.291773536435,24311.44864597325,24073.13490109962,1367
1775106900,23805.75,23815.5,23793.25,23814.75,,,,23913.1625,24099.235,0,0,23833.37729338847,23912.48192911001,24019.149309032204,23908.85705375225,24191.04351859227,24312.00055722848,24070.08647995606,1223
1775107800,23815.25,23827,23775.25,23781.75,,,,23891,24088.835,0,0,23823.051834710775,23900.597208281826,24009.83953220741,23907.592306948743,24188.348115447938,24313.21702990766,24063.479200988215,2579
1775108700,23783.75,23785.5,23753.75,23756,,,,23866.9875,24077.86,0,0,23809.64146776862,23887.452007528933,23999.885040748297,23906.083925785075,24186.30232252518,24314.281264620575,24058.32338042979,1842
1775109600,23757.5,23793.25,23752.5,23760.5,,,,23847.95,24066.56,0,0,23799.813174214894,23875.910915935394,23990.4973920915,23904.635329508605,24183.6286429831,24315.47319657977,24051.784089386434,2456
1775110500,23759.75,23795.75,23754.25,23789.25,,,,23838.7625,24055.97,0,0,23797.700539371916,23868.032650850357,23982.605337499677,23903.487216777175,24181.48463103772,24316.21410674308,24046.755155332365,2047
1775111400,23789,23805.5,23783.25,23793.75,,,,23830.9125,24045.005,0,0,23796.910431497534,23861.279682591234,23975.199245833024,23902.395304172427,24179.530846916223,24316.69273686537,24042.368956967075,1955
1775112300,23793,23819,23783.25,23815.5,,,,23824.7625,24034.685,0,0,23800.628345198027,23857.117893264756,23968.936530310162,23901.530674280166,24177.96129757911,24316.951554881638,24038.97104027658,1635
1775113200,23815.75,23836.75,23805.5,23819.75,,,,23822.0375,24024.855,0,0,23804.45267615842,23853.72081205887,23963.086078141136,23900.716936227625,24175.374768513804,24317.134795910435,24033.614741117173,2838
1775114100,23818.5,23838.75,23795.25,23823,,,,23819.7875,24015.98,0,0,23808.162140926735,23850.92801096261,23957.592506449328,23899.94363337959,24173.470549020913,24317.2186499538,24029.722448088025,2106
1775115000,23824,23851.75,23819,23842,,,,23818.2625,24008.28,0,0,23814.92971274139,23850.11637360237,23953.059466980725,23899.367079813623,24171.622956607243,24317.111867415613,24026.134045798874,2180
1775115900,23843,23882,23842.75,23879.25,,,,23817.9875,24002.785,0,0,23827.79377019311,23852.764885093064,23950.16497807952,23899.166909865227,24170.156842004388,24316.812253750515,24023.50143025826,1923
1775116800,23878.5,23881.75,23840,23843.75,,,,23816.575,23996.05,0,0,23830.98501615449,23851.945350084603,23945.991841684245,23898.615497826766,24168.12072826023,24316.4648963286,24019.776560191858,2591
1775117700,23843.25,23855,23823.25,23838.5,,,,23814.5125,23989.64,0,0,23832.48801292359,23850.723045531457,23941.776475343686,23898.017333669286,24166.552159605657,24316.268753010223,24016.83556620109,1919
1775118600,23837.25,23870,23837,23845.75,,,,23814.4875,23982.695,0,0,23835.14041033887,23850.270950483144,23938.010731212562,23897.49726069745,24164.872277145816,24315.94566635238,24013.79888793925,2155
1775119500,23848.5,23858,23831.5,23834.75,,,,23815.15,23974.715,0,0,23835.062328271095,23848.859954984677,23933.961290772855,23896.87290984474,24164.146166457635,24315.824350711897,24012.467982203372,911
1775120400,23835.25,23848.25,23823.75,23827.25,,,,23815.425,23966.67,0,0,23833.499862616874,23846.895413622435,23929.776534271958,23896.180144572652,24163.257710774,24315.697456824302,24010.817964723698,1092
1775121300,23828,23860,23825.5,23848,,,,23816.875,23959.615,0,0,23836.3998900935,23846.99583056585,23926.569611359333,23895.700740149045,24162.395996522988,24315.526632029592,24009.265361016383,1103
1775122200,23849.5,23850.25,23820.75,23827,,,,23817.5375,23952.07,0,0,23834.5199120748,23845.178027787137,23922.66492071779,23895.017150694825,24161.587423444136,24315.397194309004,24007.77765257927,1003
1775123100,23826.75,23839,23818.5,23830.25,,,,23818.9,23945.075,0,0,23833.66592965984,23843.82093435194,23919.040806179837,23894.37270143418,24160.74291744807,24315.265657505894,24006.22017739025,1042
1775124000,23831.5,23840.75,23785,23787.5,,,,23817.9125,23937.025,0,0,23824.432743727873,23838.700849410856,23913.882343192392,23893.30929146966,24159.40195215004,24315.16922279693,24003.634681503154,1549
1775124900,23788.5,23796,23776,23781.5,,,,23816.25,23928.91,0,0,23815.8461949823,23833.500772191688,23908.690878753474,23892.19676120628,24157.71543468307,24315.143915258657,24000.28695410748,1860
1775125800,23781.5,23817.5,23775,23807,,,,23817.5125,23921.325,0,0,23814.076955985838,23831.091611083353,23904.7030011553,23891.349032239053,24155.888082066864,24314.972392757547,23996.80377137618,2122
1775126700,23807,23819.25,23796.5,23813.25,,,,23820.375,23913.7,0,0,23813.911564788672,23829.46964643941,23901.116608953133,23890.571927440655,24154.73312225157,24314.801643400373,23994.66460110277,1391
1775127600,23811.75,23822,23757.25,23759,,,,23820.3,23904.97,0,0,23802.929251830938,23823.06331494492,23895.54340860203,23889.262754033283,24152.25722894055,24314.66419236628,23989.850265514822,2769
1775128500,23758.75,23761,23723.5,23726.25,,,,23817.15,23896.085,0,0,23787.59340146475,23814.26210449538,23888.904451401948,23887.640736580215,24148.93943597841,24314.868134563825,23983.010737392993,3380
1775129400,23727.75,23750,23700.75,23708.75,,,,23812.9,23886.27,0,0,23771.8247211718,23804.6700949958,23881.839570954813,23885.86072925106,24145.546831574848,24315.131424046307,23975.962239103388,3372
1775130300,23710.25,23731.5,23682,23682.75,,,,23806.2625,23875.895,0,0,23754.00977693744,23793.586449996183,23874.032136799724,23883.839726969956,24142.29795976638,24315.476609166897,23969.119310365862,3124
1775131200,23684,23700.5,23666,23690.75,,,,23799.8125,23865.835,0,0,23741.35782154995,23784.237681814713,23866.844602023266,23881.918436154334,24137.932161750115,24315.915838870795,23959.948484629436,4148
1775132100,23691.25,23734,23685.25,23727,,,,23795.0125,23856.705,0,0,23738.48625723996,23779.034256195195,23861.360499983137,23880.376959177673,24133.813512935605,24315.727290377807,23951.899735493404,4270
1775133000,23726,23748,23712,23742.5,,,,23790.0375,23848.18,0,0,23739.28900579197,23775.71296017745,23856.699303905367,23879.005049136103,24129.91871047181,24315.152321496582,23944.68509944704,4311
1775133900,23742.5,23757.75,23722.5,23725.5,,,,23782.35,23839.42,0,0,23736.531204633575,23771.148145615865,23851.55423316398,23877.477635711864,24125.862059334413,24314.39161300938,23937.332505659448,4594
1775134800,23725.25,23751,23707.25,23721.25,,,,23776.225,23829.345,0,0,23733.47496370686,23766.611950559876,23846.444263235982,23875.923131873937,24121.335488968187,24313.501501965093,23929.16947597128,5124
1775135700,23721.25,23767.75,23717.75,23762.75,,,,23772.4375,23819.875,0,0,23739.32997096549,23766.26086414534,23843.162135265942,23874.797031059272,24115.650041713052,24311.725205087583,23919.57487833852,7018
1775136600,23763.5,23818.75,23678,23710.75,,,,23765.6875,23811.265,0,0,23733.61397677239,23761.21442195031,23837.969502510416,23873.164722292513,24092.062758902015,24302.919162400947,23881.206355403083,30398
1775137500,23712.25,23908.25,23695.25,23898,,,,23768.85,23809.765,0,0,23766.491181417914,23773.649474500282,23840.32363966687,23873.411839483633,24077.805343774213,24291.07530249458,23864.535385053845,28605
1775138400,23897.75,23964.5,23859,23934.25,,,,23774.2,23809.435,0,0,23800.04294513433,23788.249522272985,23844.0070263466,23874.01719431464,24069.97264881521,24280.727741310613,23859.217556319803,26924
1775139300,23934,24004.25,23929.25,23942,,,,23778.9,23809.505,0,0,23828.434356107464,23802.226838429986,23847.8498880585,23874.693640142355,24065.829649055868,24273.703515242687,23857.95578286905,21038
1775140200,23941.5,24266.75,23931.75,24201,,,,23797.6,23816.04,0,0,23902.94748488597,23838.47894402726,23861.698912056207,23877.940469593676,24133.16666666667,24133.16666666667,24133.16666666667,50825
1775141100,24201,24211.5,24084.75,24175,,,,23814.8375,23822.18,0,0,23957.357987908777,23869.07176729751,23873.98522923047,23880.896285816623,24141.072630462844,24152.323409868564,24129.821851057124,25097
1775142000,24174.5,24214.5,24105,24181,,,,23834.5125,23828.35,0,0,24002.086390327022,23897.428879361374,23886.02502416261,23883.882392425414,24146.782236016992,24161.377052831198,24132.187419202786,21619
1775142900,24180.75,24204.5,24120,24180.75,,,,23854.475,23834.27,0,0,24037.81911226162,23923.185344873975,23897.58286635231,23886.836298968443,24149.917924611,24165.41442588109,24134.42142334091,16534
1775143800,24181.5,24213.5,24138.5,24187.75,,,,23873.5125,23840.585,0,0,24067.805289809294,23947.23667715816,23908.96196963261,23889.83046514786,24153.322326530826,24170.741481292192,24135.90317176946,14603
1775144700,24188,24188,24089,24136,,,,23889.65,23845.71,0,0,24081.444231847436,23964.39697923469,23917.865421803883,23892.279913255843,24151.735265909654,24168.910695548024,24134.559836271284,14516
1775145600,24136,24166.25,24082.5,24111.5,,,,23907.275,23851.015,0,0,24087.455385477948,23977.769981122445,23925.45893467432,23894.461207651308,24149.49289802222,24167.93316977981,24131.05262626463,10918
1775146500,24112,24126,24057.5,24086.75,,,,23925.3,23856.32,0,0,24087.31430838236,23987.677255565857,23931.784074491014,23896.37452896821,24145.623077545246,24168.706030106623,24122.54012498387,10738
1775147400,24085.25,24177,24069,24145.25,,,,23947.125,23862.79,0,0,24098.901446705888,24002.002050514417,23940.15528725607,23898.850901814294,24144.44435988406,24166.984455094815,24121.904264673303,13852
1775148300,24146.5,24161,24118.75,24121,,,,23969.0375,23868.83,0,0,24103.32115736471,24012.820045922195,23947.24723677544,23901.061340602213,24144.02955539529,24166.232828888795,24121.826281901784,7096
1775149200,24120.5,24167.5,24098.5,24156,,,,23992.3,23875.675,0,0,24113.856925891767,24025.836405383812,23955.433619646992,23903.5980436808,24143.888922696624,24165.633401208044,24122.144444185204,8109
1775150100,24155,24182.75,24150.75,24164.75,,,,24014.1875,23882.91,0,0,24124.035540713412,24038.464913985285,23963.642105151033,23906.196570609347,24144.6733031194,24166.419699938033,24122.92690630077,7104
1775151000,24164.5,24169.5,24124.5,24138,,,,24033.9625,23889.525,0,0,24126.82843257073,24047.51355816844,23970.479669654913,23908.503072394327,24144.651826451034,24166.04891209884,24123.25474080323,6623
1775151900,24138.25,24140,24063.5,24090.75,,,,24052.225,23895.045,0,0,24119.612746056584,24051.444143789493,23975.196153197856,23910.31647465906,24142.562545521738,24165.589143339123,24119.535947704353,9753
1775152800,24091.25,24144.75,24091,24125.25,,,,24072.425,23901.915,0,0,24120.74019684527,24058.153767081356,23981.08061777833,23912.45511670225,24141.730335441003,24164.712516475625,24118.74815440638,8455
1775153700,24125.75,24137.75,24099.25,24107,,,,24089.6375,23908.935,0,0,24117.992157476216,24062.594333710324,23986.018632767416,23914.390886685313,24140.849804229834,24163.959349226974,24117.740259232694,7595
1775154600,24107.75,24148,24101,24138.25,,,,24111.0125,23916.49,0,0,24122.043725980973,24069.472121554838,23991.98849030595,23916.61834054914,24140.513704687037,24163.374983827427,24117.652425546647,6864
1775155500,24139,24165,24131.75,24140.5,,,,24123.1375,23923.515,0,0,24125.73498078478,24075.929201413488,23997.812471078265,23918.84601875263,24140.643315746755,24163.23453973515,24118.05209175836,6099
1775156400,24141,24182,24138.25,24162.5,,,,24134.55,23930.89,0,0,24133.087984627822,24083.79927401226,24004.270805545784,23921.270436476483,24141.217268582965,24163.738840011363,24118.695697154566,7179
1775157300,24162,24167.5,24135,24146.5,,,,24144.775,23937.51,0,0,24135.770387702258,24089.499340011145,24009.848421014576,23923.511526660797,24141.459553814824,24163.70062280728,24119.21848482237,7486
1775158200,24146.5,24168.5,24136.75,24143.75,,,,24141.9125,23943.99,0,0,24137.366310161808,24094.43121819195,24015.09946332773,23925.702954256212,24141.645019736607,24163.66715299643,24119.622886476784,6036
1775159100,24143.75,24225.75,24138,24220.75,,,,24144.2,23951.945,0,0,24154.043048129446,24105.914743810863,24023.164190256055,23928.63874575615,24145.21593573481,24170.307649067,24120.12422240262,19223
1775160000,24220.75,24229.5,24199.75,24212.75,,,,24145.7875,23959.36,0,0,24165.784438503557,24115.627039828058,24030.598927893072,23931.465723410318,24147.483307383493,24175.045209384283,24119.9214053827,9760
1775160900,24212.75,24233.75,24202,24226,,,,24148.05,23966.295,0,0,24177.827550802846,24125.660945298234,24038.26171503452,23934.396412729617,24148.040941312513,24176.224546237485,24119.85733638754,2276
1775161800,24225,24228.75,24203.5,24214.5,,,,24149.3875,23973.71,0,0,24185.162040642277,24133.737222998396,24045.173020327285,23937.183513100466,24148.438373938505,24177.009815556154,24119.866932320856,1766
1775162700,24215,24222,24207.75,24219.5,,,,24153.5625,23981.33,0,0,24192.029632513822,24141.53383908945,24052.009372471315,23939.992632373098,24148.728633690876,24177.581515019232,24119.87575236252,1287
1775167200,24219.5,24219.5,24192.5,24196.75,,,,24157.825,23988.35,0,0,24192.973706011056,24146.553490081318,24057.685475511655,23942.54743205098,24148.89888809147,24177.86559162134,24119.9321845616,950
1775168100,24195.75,24218.25,24177.5,24205.5,,,,24163.7625,23995.765,0,0,24195.478964808844,24151.91226371029,24063.482123530805,23945.163875513157,24149.353513847233,24178.59184569888,24120.115181995585,2692
1775169000,24205.5,24218.75,24201,24205,,,,24166.75,24003.32,0,0,24197.383171847076,24156.738421554808,24069.031844176654,23947.749309587653,24149.48489278912,24178.82247256836,24120.147313009882,682
1775169900,24203,24208.75,24200,24203.5,,,,24170.875,24010.43,0,0,24198.60653747766,24160.989474140733,24074.305105189334,23950.29409257683,24149.540552874434,24178.914895651556,24120.16621009731,312
1775170800,24203,24203,24189,24194.75,,,,24172.8125,24017.785,0,0,24197.835229982127,24164.058612855213,24079.028434397595,23952.72648966562,24149.629592760728,24179.045151601247,24120.21403392021,593
1775171700,24195.75,24212.25,24194.25,24208.75,,,,24175.0125,24025.355,0,0,24200.018183985703,24168.121466232013,24084.115554617296,23955.27398728089,24149.729958908156,24179.213253142363,24120.24666467395,556
1775172600,24209,24216.75,24205.25,24213,,,,24178.7625,24033.865,0,0,24202.61454718856,24172.20133293819,24089.16984659309,23957.838425218393,24149.84105253182,24179.41424820172,24120.267856861923,552
1775173500,24213,24215,24204.75,24213.25,,,,24184.8875,24042.5,0,0,24204.74163775085,24175.93302994381,24094.035734961988,23960.37983392269,24149.970548005913,24179.645877028317,24120.29521898351,653
1775174400,24214.75,24255,24214.75,24240.25,,,,24190.6375,24051.165,0,0,24211.84331020068,24181.78002722165,24099.769627708578,23963.164611694603,24150.475838219794,24180.791576624502,24120.160099815086,1808
1775175300,24239,24240.25,24219.75,24236.5,,,,24197.1125,24059.63,0,0,24216.774648160543,24186.754570201498,24105.131603092555,23965.884366802118,24150.773116178036,24181.430840256722,24120.11539209935,1133
1775176200,24237,24240,24213.25,24219,,,,24201.15,24068.83,0,0,24217.219718528435,24189.68597291045,24109.597030422257,23968.402930316526,24150.976930472458,24181.834394922145,24120.11946602277,868
1775177100,24218,24227.5,24212.5,24225.25,,,,24205.3875,24078.81,0,0,24218.825774822748,24192.91906628223,24114.132440993933,23970.95862255218,24151.09935369658,24182.07007061482,24120.12863677834,541
1775178000,24226,24231.75,24206.75,24211,,,,24207.8125,24088.855,0,0,24217.2606198582,24194.5627875293,24117.93116879809,23973.347093969573,24151.25040167753,24182.34422440398,24120.156578951082,724
1775178900,24211.25,24222.5,24208.75,24217.5,,,,24211.3625,24099.55,0,0,24217.30849588656,24196.647988663,24121.835828845225,23975.77647611913,24151.386139522645,24182.588884309433,24120.183394735857,656
1775179800,24217.5,24220,24205.5,24207.5,,,,24214.55,24109.885,0,0,24215.346796709247,24197.634535148183,24125.195208106197,23978.08218282441,24151.474064173108,24182.737606795687,24120.21052155053,464
1775180700,24208,24208.5,24195.75,24196.75,,,,24213.35,24119.28,0,0,24211.6274373674,24197.554122861984,24128.00127837654,23980.257982000287,24151.5659882399,24182.87178782578,24120.26018865402,593
1775181600,24196,24201.25,24191.25,24200,,,,24212.7125,24128.43,0,0,24209.301949893917,24197.776475329076,24130.824757655893,23982.44446974158,24151.641645286287,24182.977062444326,24120.306228128247,520
1775182500,24199.75,24205.5,24162.25,24169,,,,24209.8625,24137.3,0,0,24201.241559915135,24195.16043211734,24132.321825983112,23984.3007436745,24151.73222850805,24183.05490082657,24120.409556189534,1052
1775183400,24169,24172,24155,24168.5,,,,24207.5625,24146.245,0,0,24194.693247932108,24192.73675647031,24133.740577905344,23986.13357209565,24151.770543985127,24183.056721785706,24120.484366184548,906
1775184300,24168.75,24197.75,24150.5,24181.25,,,,24205.65,24154.615,0,0,24192.004598345688,24191.6925058821,24135.60369249729,23988.075029089723,24151.915881177254,24183.167205434704,24120.664556919804,1878
1775185200,24180.25,24192.5,24176.5,24179.25,,,,24204.775,24163.985,0,0,24189.45367867655,24190.561368983726,24137.315312399358,23989.977267606242,24152.025013694816,24183.274680580325,24120.775346809307,1135
1775186100,24180,24187.5,24170.25,24172.75,,,,24203.1375,24169.48,0,0,24186.11294294124,24188.94215362157,24138.70490799154,23991.795901759415,24152.08659482164,24183.321856393173,24120.85133325011,798
1775187000,24172.5,24179.75,24161,24164.25,,,,24201.1,24174.08,0,0,24181.74035435299,24186.697412383244,24139.7066763056,23993.51186293594,24152.106280557204,24183.32772908687,24120.88483202754,390
1775187900,24163.5,24173.75,24163.25,24167.25,,,,24199.2875,24178.585,0,0,24178.842283482394,24184.92946580295,24140.786806646556,23995.240600618166,24152.116003757004,24183.3304375659,24120.90156994811,196
1775188800,24166.25,24179,24165,24174.5,,,,24198.275,24178.055,0,0,24177.973826785914,24183.981332548137,24142.108892660417,23997.024276233908,24152.140932425293,24183.344847418655,24120.93701743193,388
1775189700,24176,24183,24172.25,24177,,,,24196.6875,24178.095,0,0,24177.77906142873,24183.346665952853,24143.477171379618,23998.81507945546,24152.16254840232,24183.361867338233,24120.963229466408,276
1775190600,24177.25,24179.5,24157.25,24159.75,,,,24194.025,24177.67,0,0,24174.173249142983,24181.201514502594,24144.115321521593,24000.41642194844,24152.17938856687,24183.362601836845,24120.996175296896,408
1775191500,24159.25,24176.5,24159.25,24166.25,,,,24191.675,24177.38,0,0,24172.588599314386,24179.84228591145,24144.98334812859,24002.06650730219,24152.19470816948,24183.365875694773,24121.02354064419,327
1775192400,24167.5,24191,24162.25,24178.75,,,,24188.6,24177.2,0,0,24173.82087945151,24179.74298719223,24146.30753055492,24003.824552005648,24152.236527902518,24183.398601608944,24121.074454196092,539
1775193300,24178.25,24179.5,24159.25,24168.75,,,,24185.2125,24177.855,0,0,24172.806703561208,24178.74362472021,24147.187627395906,24005.465601239423,24152.253753857916,24183.404646885185,24121.102860830648,330
1775194200,24170.25,24191.25,24170.25,24188.25,,,,24183.675,24179.39,0,0,24175.895362848965,24179.607840654735,24148.797916517637,24007.284351475846,24152.29679571654,24183.447444795594,24121.146146637482,451
1775195100,24189,24193.5,24177.25,24180.75,,,,24181.45,24181.27,0,0,24176.866290279173,24179.711673322487,24150.050939399298,24009.01037782932,24152.328612396137,24183.479636953318,24121.177587838956,328
1775196000,24183,24184.25,24175.5,24179,,,,24179.85,24181.945,0,0,24177.293032223337,24179.646975747713,24151.186196677758,24010.701816855893,24152.338752268883,24183.48841621918,24121.189088318584,121
1775196900,24178.75,24181.75,24167.75,24171.5,,,,24177.55,24182.955,0,0,24176.13442577867,24178.90634158883,24151.982816415886,24012.301798777724,24152.35677080133,24183.499439185118,24121.21410241754,275
1775197800,24171.25,24171.5,24145.75,24152.75,,,,24174.8125,24182.89,0,0,24171.457540622934,24176.528492353482,24152.012902046637,24013.699293317248,24152.366493841007,24183.474685798694,24121.25830188332,736
1775198700,24152.25,24164.75,24139.25,24152.75,,,,24172.6125,24182.65,0,0,24167.71603249835,24174.366811230437,24152.04180784873,24015.08288243847,24152.36626149193,24183.443415472328,24121.289107511533,652
1775199600,24152.75,24154.25,24120,24127.5,,,,24168.9875,24182.44,0,0,24159.672825998678,24170.10619202767,24151.079384011526,24016.201460722663,24152.318412988512,24183.36942340168,24121.267402575344,850
1775200500,24128.5,24150.5,24126.5,24149.75,,,,24168.025,24183.62,0,0,24157.688260798943,24168.25562911606,24151.02725130519,24017.5303019095,24152.29833140987,24183.32161289595,24121.27504992379,655
1775201400,24150,24163.5,24150,24158.5,,,,24167.525,24184.285,0,0,24157.850608639154,24167.368753741874,24151.32030027361,24018.93298547259,24152.30757485955,24183.303115794173,24121.31203392493,604
1775202300,24159.75,24160.5,24149.25,24155.25,,,,24166.225,24185.25,0,0,24157.330486911324,24166.267048856247,24151.474406145237,24020.289373676846,24152.310338056875,24183.290089722068,24121.330586391683,338
1775203200,24154.25,24167.5,24152.75,24158.25,,,,24165.175,24185.65,0,0,24157.51438952906,24165.53822623295,24151.74011570817,24021.662116227326,24152.3171644583,24183.28299712258,24121.351331794023,313
1775204100,24159.25,24161.25,24142,24146.25,,,,24163.85,24185.765,0,0,24155.26151162325,24163.784751120864,24151.52481705295,24022.901796662874,24152.314282049494,24183.262257586688,24121.3663065123,383
1775205000,24146.25,24158.5,24142.25,24151.25,,,,24163.2,24185.54,0,0,24154.4592092986,24162.645228291694,24151.514039913618,24024.17889321349,24152.31276582219,24183.246538401443,24121.378993242935,304
1775205900,24150.25,24158.25,24146.75,24149,,,,24162.2875,24185.59,0,0,24153.367367438877,24161.40475299245,24151.415450113083,24025.420894276045,24152.31228574454,24183.238483758854,24121.38608773023,162
1775206800,24150.5,24153.5,24133.5,24136,,,,24160.3625,24185.435,0,0,24149.893893951103,24159.095229993138,24150.810922657667,24026.521183885237,24152.29936261458,24183.210252662277,24121.388472566883,378
1775207700,24137.25,24150.25,24131.75,24144,,,,24158.7125,24183.9,0,0,24148.71511516088,24157.722936357397,24150.543827651483,24027.690127329166,24152.287734296937,24183.183105806867,24121.392362787006,374
1775208600,24145.25,24148.75,24141.25,24142.25,,,,24157.8375,24182.49,0,0,24147.422092128705,24156.31630577945,24150.218579508288,24028.83002655972,24152.283179610647,24183.1705787095,24121.395780511793,184
1775209500,24141.25,24146,24139.25,24140.25,,,,24156.5375,24180.775,0,0,24145.987673702963,24154.855732526776,24149.82765482169,24029.938683011864,24152.280657937205,24183.164756574257,24121.396559300152,80
1775210400,24140.25,24145,24126,24134,,,,24154.3,24179.165,0,0,24143.59013896237,24152.959756842523,24149.20696247574,24030.974119001796,24152.253387342076,24183.12072969851,24121.386044985644,524
1775211300,24135.75,24144.25,24131.5,24134.5,,,,24152.5875,24177.465,0,0,24141.772111169896,24151.281597129568,24148.63021884924,24032.004227270434,24152.23827432763,24183.094361200172,24121.382187455085,324
1775212200,24133.75,24141.75,24129,24136.75,,,,24150.0125,24176.265,0,0,24140.767688935917,24149.960542845063,24148.164327913975,24033.046473765255,24152.217324130444,24183.05926719997,24121.37538106092,425
1775213100,24137,24144.25,24137,24138.5,,,,24147.9,24174.925,0,0,24140.314151148734,24148.918675313693,24147.785334662447,24034.09576258351,24152.2087180619,24183.04158559548,24121.375850528315,233
1775214000,24139.75,24140.5,24114.25,24130.75,,,,24145.4875,24173.44,0,0,24138.401320918987,24147.2669775579,24147.117282322743,24035.057496289148,24152.156436603218,24182.975361727033,24121.337511479403,736
1775214900,24129,24154.25,24126,24150.75,,,,24144.45,24172.385,0,0,24140.871056735188,24147.58361596173,24147.259741839498,24036.2086654803,24152.139656294607,24182.930417928685,24121.34889466053,661
1775215800,24150.5,24159.5,24147.75,24148.25,,,,24144.225,24171.455,0,0,24142.34684538815,24147.644196328845,24147.298575492852,24037.32350462975,24152.1391505984,24182.904488636508,24121.37381256029,553
1775216700,24149.25,24156.25,24146.5,24151.25,,,,24144.15,24170.305,0,0,24144.12747631052,24147.971996662585,24147.45353331666,24038.457101598608,24152.13841035736,24182.88962398865,24121.387196726067,308
1775217600,24151.25,24180,24150.25,24160.5,,,,24145.8,24169.255,0,0,24147.401981048417,24149.110906056896,24147.965159461106,24039.67145879663,24152.170509297262,24182.8845338375,24121.456484757025,943
1775218500,24160.5,24172,24128.75,24166.25,,,,24146.625,24168.315,0,0,24151.171584838732,24150.669005506268,24148.682212031257,24040.930946768804,24152.182281847894,24182.84522027353,24121.519343422256,1136
1775219400,24167.75,24245.25,24128.25,24163.5,,,,24146.875,24166.78,0,0,24153.637267870985,24151.835459551152,24149.26330175552,24042.15053933827,24152.450948515845,24183.076580250443,24121.825316781247,3414
1775220300,24164,24170.25,24112.75,24116.5,,,,24144.9375,24164.38,0,0,24146.209814296788,24148.623145046502,24147.978466392557,24042.890334966745,24152.34660023971,24182.922007458037,24121.771193021385,1854
1775221200,24115.75,24137.25,24106,24129.75,,,,24143.5125,24162.595,0,0,24142.91785143743,24146.907404587728,24147.26362457324,24043.754610240707,24152.24793873948,24182.814539845058,24121.681337633905,1211
1775426400,24093.5,24094.25,23981.5,24025,,,,24137.45,24158.59,0,0,24119.334281149942,24135.82491326157,24142.46897262919,24043.567997203485,24149.654058815777,24184.510442253453,24114.7976753781,7684
1775427300,24025,24073,24010.5,24063.5,,,,24133.0625,24155.64,0,0,24108.167424919953,24129.249921146882,24139.372150173145,24043.76632558952,24148.246365022685,24184.820728635557,24111.672001409814,4986
1775428200,24061.75,24083,24034,24061.25,,,,24128.675,24152.515,0,0,24098.783939935962,24123.06811013353,24136.308536440865,24043.94029249908,24147.389616234006,24184.808235054705,24109.970997413307,3472
1775429100,24059,24097,24046,24079.25,,,,24125.8375,24149.95,0,0,24094.87715194877,24119.084645575935,24134.07094677652,24044.291632872224,24146.80218503342,24184.63934132965,24108.965028737188,2908
1775430000,24079.25,24094.5,24041,24069.25,,,,24122.1,24147.4,0,0,24089.751721559016,24114.55422325085,24131.528948863714,24044.539974833693,24145.311049385215,24184.29030320382,24106.33179556661,7022
1775430900,24069.5,24089.5,24055.5,24070.5,,,,24118.5125,24144.81,0,0,24085.901377247214,24110.54929386441,24129.135656751412,24044.798283541815,24144.854463751602,24184.13908271923,24105.569844783975,2313
1775431800,24070.75,24086,24068.5,24070,,,,24115,24142.83,0,0,24082.72110179777,24106.86299442219,24126.81661138861,24045.049046889657,24144.736152458394,24184.092777987833,24105.379526928955,630
1775432700,24069.5,24092.5,24068.25,24091.75,,,,24112.8875,24141.295,0,0,24084.526881438218,24105.489085838355,24125.441450157687,24045.513732990257,24144.630422210914,24184.033886277743,24105.226958144085,652
1775433600,24091.5,24173.5,24087.75,24165.75,,,,24114.45,24140.985,0,0,24100.771505150573,24110.96735076214,24127.022177602485,24046.710113756522,24144.60568556617,24183.79713058896,24105.41424054338,4066
1775434500,24165.75,24204.25,24154,24171.5,,,,24116.1875,24140.83,0,0,24114.91720412046,24116.470318874675,24128.766405931798,24047.951804166903,24144.802476788605,24183.95309828537,24105.651855291842,2338
1775435400,24172.5,24203,24172.5,24199,,,,24119.2125,24141.355,0,0,24131.733763296368,24123.973017158794,24131.520664522708,24049.45477128962,24145.02097764387,24184.209686864473,24105.83226842327,1786
1775436300,24200,24216,24188.75,24208.75,,,,24123.1125,24142.245,0,0,24147.137010637096,24131.680015598904,24134.549265913975,24051.03979844097,24145.265396038525,24184.55816951225,24105.9726225648,1575
1775437200,24209.75,24225.5,24208.25,24218.25,,,,24126.4875,24143.265,0,0,24161.359608509676,24139.550014180822,24137.831647642837,24052.70358154106,24145.527496009607,24184.987948981925,24106.06704303729,1399
1775438100,24218.25,24240,24196.25,24234,,,,24130.775,24144.455,0,0,24175.887686807742,24148.136376528022,24141.60295557841,24054.507526003337,24145.94759325335,24185.712822873375,24106.182363633325,2086
1775439000,24234.25,24234.25,24207.5,24220.5,,,,24134.2375,24145.325,0,0,24184.810149446195,24154.714887752747,24144.696957320433,24056.159192411265,24146.15108342036,24186.05286263897,24106.249304201745,1055
1775439900,24220.75,24225.25,24183.75,24193.75,,,,24135.9,24146.005,0,0,24186.598119556955,24158.26353432068,24146.620606052966,24057.528255173343,24146.382542154413,24186.35810201982,24106.406982289005,1646
1775440800,24193.25,24274.75,24188.25,24261.5,,,,24140.6625,24147.91,0,0,24201.578495645565,24167.64866756425,24151.1256803254,24059.55782477361,24147.13222924176,24187.828621889457,24106.435836594064,3094
1775441700,24260,24326.75,24253,24311.25,,,,24148.05,24150.56,0,0,24223.51279651645,24180.70333414932,24157.40506541068,24062.062224527104,24148.4637599287,24191.350379319258,24105.577140538146,3519
1775442600,24311.75,24316.25,24253,24264.25,,,,24155.4375,24152.47,0,0,24231.66023721316,24188.29848559029,24161.595062845554,24064.074043188528,24149.22293902627,24193.1103758285,24105.33550222404,2338
1775443500,24263,24269,24222,24223,,,,24160.1,24153.165,0,0,24229.92818977053,24191.453168718446,24164.00309959671,24065.65539599262,24149.689966227153,24193.930419150372,24105.449513303935,2107
1775444400,24223,24230,24193,24194.75,,,,24168.5875,24153.445,0,0,24222.892551816425,24191.752880653134,24165.20886039684,24066.93991941558,24149.96252888414,24194.268069633097,24105.656988135186,1951
1775445300,24196,24209.75,24120.5,24185,,,,24174.6625,24153.565,0,0,24215.31404145314,24191.13898241194,24165.984983518534,24068.114646585575,24150.159619494563,24194.312523967415,24106.00671502171,3674
1775446200,24186.5,24199.25,24176.5,24195.75,,,,24181.3875,24154.05,0,0,24211.401233162513,24191.558165829036,24167.152239066825,24069.384650102136,24150.27302726074,24194.415529565,24106.13052495648,1145
1775447100,24196.75,24216.5,24191.75,24213,,,,24188.075,24155.255,0,0,24211.72098653001,24193.50742348094,24168.95019047597,24070.813658558833,24150.390647230237,24194.562973466003,24106.21832099447,845
1775448000,24213,24237.25,24207.75,24226.25,,,,24195.925,24156.725,0,0,24214.626789224007,24196.48402134631,24171.197241829854,24072.36028882193,24150.617141306666,24194.908611472623,24106.32567114071,1264
1775448900,24227.5,24235,24220,24227.25,,,,24203.7625,24158.72,0,0,24217.151431379207,24199.280928496646,24173.395389209076,24073.90147997793,24150.763931823756,24195.14001400525,24106.387849642262,784
1775449800,24227.5,24256.75,24221.5,24252.5,,,,24212.8875,24160.775,0,0,24224.221145103365,24204.119025906042,24176.49753080872,24075.67857967964,24151.05155540757,24195.658156158544,24106.444954656592,1275
1775450700,24253,24265,24243.75,24253.5,,,,24220.975,24162.675,0,0,24230.076916082693,24208.608205369128,24179.517235482886,24077.44794704601,24151.33125008584,24196.198683487342,24106.46381668434,1120
1775451600,24253,24268,24251.5,24260.5,,,,24225.7125,24164.78,0,0,24236.161532866154,24213.32564124466,24182.69303016983,24079.26936050824,24151.525809890874,24196.587845802256,24106.463773979493,740
1775452500,24261,24266,24251,24251.25,,,,24229.7,24166.64,0,0,24239.179226292923,24216.77331022242,24185.38153879062,24080.980610652434,24151.676111709734,24196.87965913307,24106.4725642864,595
1775453400,24251.75,24253.25,24223.25,24226,,,,24231.05,24168.235,0,0,24236.54338103434,24217.6121002022,24186.974419622362,24082.423589650916,24151.86976924585,24197.196373498708,24106.543164992996,974
1775454300,24227.5,24237.5,24212,24232.75,,,,24232.25,24169.865,0,0,24235.78470482747,24218.98827291109,24188.769540421486,24083.919374828518,24152.049791164216,24197.471955787652,24106.62762654078,991
1775455200,24232.25,24277.25,24219,24275.25,,,,24235.1,24172.39,0,0,24243.677763861975,24224.10297537372,24192.160930993192,24085.823162143657,24152.475476648913,24198.294506008577,24106.65644728925,1691
1775456100,24274,24274.75,24219.75,24228,,,,24234.8,24174.23,0,0,24240.54221108958,24224.457250339747,24193.566384679732,24087.2378570477,24152.72509359182,24198.719069936862,24106.731117246778,1183
1775457000,24225.25,24237.75,24215.75,24233,,,,24235.425,24176.01,0,0,24239.033768871665,24225.233863945225,24195.112800966803,24088.688226629318,24152.879268638546,24198.953890186476,24106.804647090616,850
1775457900,24231.25,24290.75,24218.75,24255.5,,,,24238.5125,24178.275,0,0,24242.327015097333,24227.985330859294,24197.480926419084,24090.34804526982,24153.643546651216,24200.381620646483,24106.905472655948,3164
1775458800,24257.25,24261.75,24207.25,24226.25,,,,24236.75,24179.995,0,0,24239.111612077868,24227.82757350845,24198.609125383042,24091.700303525842,24153.98201622685,24200.900066976097,24107.063965477606,1840
1775459700,24228.25,24254.75,24225.25,24237.25,,,,24233.05,24182.06,0,0,24238.739289662295,24228.684157734955,24200.12445379939,24093.148559212153,24154.283585025958,24201.3906525179,24107.176517534015,1510
1775460600,24235.25,24282.5,24234.75,24275.5,,,,24233.6125,24184.88,0,0,24246.091431729837,24232.940143395415,24203.080357571966,24094.963001409047,24154.70749778695,24202.21494869543,24107.200046878468,1649
1775461500,24274.75,24325.5,24271.75,24309.5,,,,24237.9375,24188.335,0,0,24258.77314538387,24239.900130359467,24207.25367688287,24097.09769791244,24155.46072261154,24203.999378735596,24106.922066487485,2195
1775462400,24310,24337.25,24308.75,24329.25,,,,24244.6625,24192.15,0,0,24272.8685163071,24248.022845781332,24212.037846416875,24099.40767106754,24156.4042386739,24206.424709003284,24106.383768344513,2405
1775463300,24329.25,24360.25,24315.25,24350,,,,24252.9125,24196.535,0,0,24288.29481304568,24257.293496164846,24217.448126949548,24101.901127076817,24157.308587639414,24208.851963327397,24105.76521195143,2119
1775464200,24349.75,24393.25,24344,24389,,,,24262.575,24201.3,0,0,24308.435850436545,24269.266814695315,24224.1756513829,24104.757832280033,24158.415362564763,24212.11275386747,24104.717971262056,2216
1775465100,24388.5,24391.25,24364,24370.5,,,,24270.45,24205.745,0,0,24320.848680349234,24278.469831541195,24229.91386113259,24107.40203295386,24159.057456384693,24213.954517640625,24104.16039512876,1297
1775466000,24370.5,24398.25,24367.75,24379,,,,24278.0875,24210.3,0,0,24332.478944279388,24287.608937764722,24235.76037638229,24110.104500287653,24159.68893305589,24215.77201564648,24103.605850465305,1246
1775466900,24380,24395.5,24368.5,24381.25,,,,24285.7875,24214.715,0,0,24342.23315542351,24296.121761604292,24241.46585181828,24112.80246545892,24160.33717909721,24217.605497269476,24103.06886092494,1286
1775467800,24382.25,24388.75,24369.5,24370.75,,,,24291.7,24218.805,0,0,24347.93652433881,24302.906146912992,24246.535818413642,24115.36910759366,24160.713571963257,24218.636822054228,24102.790321872286,769
1775468700,24371.75,24378.75,24332,24337.5,,,,24295.9,24222.285,0,0,24345.84921947105,24306.051042648174,24250.10304122095,24117.579365229543,24161.64964776162,24220.930536963962,24102.368758559278,2200
1775469600,24338,24359,24326.5,24349.25,,,,24300.3375,24226.94,0,0,24346.52937557684,24309.978220589248,24253.9911572515,24119.88454567502,24162.225941006443,24222.296371212735,24102.155510800152,1399
1775470500,24350,24352.75,24327.75,24344.5,,,,24305,24231.235,0,0,24346.123500461472,24313.116564172044,24257.540523633794,24122.119525320046,24162.662892784916,24223.30846753742,24102.017318032413,1086
1775471400,24343.5,24356.75,24336.5,24344.25,,,,24310.9125,24237.62,0,0,24345.748800369176,24315.94687652004,24260.940895255997,24124.32977879945,24162.957310461912,24223.996773499417,24101.917847424407,718
1775472300,24344.75,24347,24262.5,24315.5,,,,24315.05,24242.66,0,0,24339.69904029534,24315.906251381854,24263.080467991054,24126.231970055174,24164.196685577273,24226.427640089518,24101.96573106503,3841
1775473200,24315.5,24316.5,24283,24289.5,,,,24315.7625,24247.225,0,0,24329.659232236274,24313.50568307441,24264.116528069837,24127.856527567063,24164.82018506942,24227.561052230427,24102.079317908414,2136
1775474100,24288,24311.25,24282,24300.75,,,,24319.4,24251.655,0,0,24323.87738578902,24312.346075522193,24265.553134812195,24129.576860626097,24165.28136690516,24228.400243732973,24102.16249007735,1573
1775475000,24302,24315.5,24292.5,24295,,,,24322.5,24256.17,0,0,24318.101908631215,24310.76915956563,24266.707913839167,24131.222862012903,24165.757729333487,24229.274919346077,24102.240539320897,1600
1775475900,24296.75,24316.25,24293.75,24306.5,,,,24325.05,24260.89,0,0,24315.78152690497,24310.38105415057,24268.26838780626,24132.966913137152,24166.156334444564,24230.019223383162,24102.293445505966,1304
1775476800,24306,24311,24294,24305,,,,24328.9875,24265.59,0,0,24313.625221523977,24309.89186740961,24269.708843186407,24134.678685145736,24166.626721884702,24230.88237038761,24102.371073381793,1573
1775477700,24304,24317.5,24288.25,24310,,,,24332.625,24269.955,0,0,24312.90017721918,24309.9016976451,24271.288888551644,24136.423175840802,24167.194320937542,24231.926408291398,24102.462233583687,1886
1775478600,24310.75,24329.25,24300,24317.25,,,,24334.7125,24272.985,0,0,24313.770141775345,24310.569725131907,24273.09128507903,24138.222447722983,24167.895470731488,24233.270738715244,24102.52020274773,2188
1775479500,24316.5,24338,24301.25,24307,,,,24334.5875,24275.695,0,0,24312.416113420277,24310.24520466537,24274.421038605342,24139.901826352605,24168.73694398612,24234.865409094396,24102.608478877846,2655
1775480400,24307.5,24313.25,24272,24307.5,,,,24333.5,24277.865,0,0,24311.43289073622,24309.995640604884,24275.718252777682,24141.569469871483,24169.71193537383,24236.529274072513,24102.89459667515,3549
1775481300,24308.25,24314,24257.25,24265,,,,24329.25,24278.99,0,0,24302.14631258898,24305.90512782262,24275.297929139342,24142.797634350372,24170.856423266814,24238.244691218526,24103.468155315102,4975
1775482200,24265.25,24373.75,24245.75,24328.25,,,,24326.2125,24281.19,0,0,24307.36705007118,24307.936479838747,24277.3744809378,24144.642931521015,24180.17140419806,24254.42794169609,24105.91486670003,32525
1775483100,24329,24416.75,24326.5,24411,,,,24328.2375,24284.73,0,0,24328.093640056944,24317.305890762498,24282.614697371613,24147.293250610357,24188.59086613851,24271.88946682356,24105.292265453463,21740
1775484000,24411,24452.25,24271.5,24354.75,,,,24327.025,24287.415,0,0,24333.424912045557,24320.70990069318,24285.443532768804,24149.35749687294,24197.0000307486,24286.23985525965,24107.76020623755,27336
1775484900,24354.5,24391.25,24341.25,24364.75,,,,24326.2,24290.835,0,0,24339.689929636446,24324.71354608471,24288.55359030728,24151.50070585928,24201.203571650054,24293.16578119291,24109.241362107197,14193
1775485800,24366,24390,24287,24317,,,,24323.5125,24291.945,0,0,24335.151943709156,24324.01231462246,24289.66913578543,24153.147465004957,24331.333333333332,24331.333333333332,24331.333333333332,20509
1775486700,24317.25,24327.75,24262.25,24306.25,,,,24321.95,24291.845,0,0,24329.371554967325,24322.397558747693,24290.31936575463,24154.670873313364,24318.346820625608,24334.29969999607,24302.393941255144,13591
1775487600,24306.25,24337.5,24292.5,24313.5,,,,24320.1625,24292.83,0,0,24326.19724397386,24321.58868977063,24291.22841023484,24156.25126263363,24317.40779799905,24331.375685018746,24303.439910979356,11012
1775488500,24313,24323.75,24267.25,24280.75,,,,24316.975,24293.985,0,0,24317.107795179087,24317.876081609662,24290.817492186412,24157.49005604026,24313.05219067778,24329.2165908146,24296.887790540957,8745
1775489400,24281.25,24298,24252.25,24294,,,,24314.4625,24295.97,0,0,24312.486236143268,24315.705528736056,24290.942296414396,24158.848363940357,24308.041366503625,24326.838002755332,24289.244730251918,10136
1775490300,24293,24332.75,24285.75,24324,,,,24314.8875,24298.75,0,0,24314.788988914614,24316.459571578234,24292.238676947163,24160.491663801648,24308.70525646027,24326.555899663006,24290.854613257536,7779
1775491200,24324.25,24329,24283.25,24303.75,,,,24315.6,24300.91,0,0,24312.581191131692,24315.30415598021,24292.69010138061,24161.917119883223,24308.40113495675,24325.455139760812,24291.34713015269,7115
1775492100,24304.5,24323.5,24293,24312.5,,,,24316.1875,24302.9,0,0,24312.564952905355,24315.049232709283,24293.466960149995,24163.415456998813,24308.476792645473,24325.015891076026,24291.93769421492,5016
1775493000,24312.5,24346.75,24301.75,24334.25,,,,24318.15,24305.06,0,0,24316.901962324286,24316.79475700844,24295.066295046076,24165.11530319783,24309.789739050324,24326.466273765094,24293.113204335554,6191
1775493900,24334.5,24344,24302,24309.25,,,,24318.2875,24306.7,0,0,24315.371569859428,24316.108870007673,24295.62251876976,24166.54947928541,24310.429548903347,24326.63422279137,24294.224875015323,7217
1775494800,24309,24311,24202.75,24227,,,,24314.3875,24306.19,0,0,24297.697255887542,24308.008063643338,24292.93143960232,24167.150977003963,24302.724570187638,24328.42932150512,24277.019818870158,13435
1775495700,24226.5,24312.5,24217.25,24305.75,,,,24314.175,24307.235,0,0,24299.307804710035,24307.80278513031,24293.434128245364,24168.530071760142,24300.79143539676,24326.308089033788,24275.274781759734,9604
1775496600,24305.75,24334.25,24279.25,24292.75,,,,24312.95,24307.88,0,0,24297.99624376803,24306.434350118463,24293.40729968672,24169.766090946607,24300.878678996276,24325.520819359335,24276.236538633217,8716
1775497500,24291.5,24292.5,24261.5,24263.5,,,,24310.775,24308.125,0,0,24291.096995014424,24302.53122738042,24292.23446440489,24170.69876665858,24299.756050537522,24324.531279422437,24274.980821652607,5316
1775498400,24264.5,24326.75,24245.5,24303.5,,,,24310.575,24309.675,0,0,24293.57759601154,24302.619297618563,24292.676250114502,24172.02017196546,24299.178735968933,24323.112009924753,24275.245462013114,10683
1775499300,24304.5,24364.25,24301.75,24341.75,,,,24314.4125,24311.855,0,0,24303.21207680923,24306.176634198695,24294.600710894327,24173.709025975757,24301.540837542118,24326.383783359728,24276.697891724507,9968
1775500200,24342.25,24358,24324,24334.5,,,,24314.725,24313.04,0,0,24309.469661447387,24308.751485635177,24296.16538889847,24175.308936165053,24303.064275078985,24328.48969074368,24277.638859414288,6603
1775501100,24334.75,24355,24331.25,24351.25,,,,24311.7375,24315.505,0,0,24317.82572915791,24312.61498694107,24298.32556972598,24177.059593516646,24304.254512429106,24330.291986590884,24278.21703826733,4627
1775502000,24351.5,24356,24330.5,24344.75,,,,24311.2375,24317.74,0,0,24323.210583326327,24315.536351764607,24300.14613561908,24178.728154775188,24305.544771582172,24332.098435751675,24278.99110741267,5615
1775502900,24345,24349,24332.5,24336.25,,,,24309.8125,24319.355,0,0,24325.81846666106,24317.419410695096,24301.56197343794,24180.295536319714,24306.272142495265,24332.990450212033,24279.553834778497,3791
1775503800,24336.25,24350,24326.25,24343.5,,,,24311.1375,24321.7,0,0,24329.35477332885,24319.790373359177,24303.20660193057,24181.919461331458,24307.270831607228,24334.20187072004,24280.339792494415,5374
1775504700,24342.75,24376.25,24335.75,24363.75,,,,24314.0125,24324.23,0,0,24336.23381866308,24323.786703053796,24305.580852835254,24183.72872042269,24311.502664507694,24340.908500551344,24282.096828464044,16273
1775505600,24363.5,24370,24343,24346.25,,,,24315.65,24325.645,0,0,24338.237054930465,24325.828820957995,24307.17572135152,24185.345847582663,24312.86385996647,24342.715871824643,24283.011848108297,6678
1775506500,24345.5,24349.75,24334,24344.25,,,,24318.825,24326.34,0,0,24339.439643944374,24327.50347359818,24308.629614631853,24186.926983427613,24313.126112501315,24342.97653973341,24283.275685269222,1811
1775507400,24344.75,24356.5,24343,24349,,,,24321.575,24326.735,0,0,24341.3517151555,24329.457703271073,24310.21276699923,24188.53965025918,24313.349544291897,24343.243553348995,24283.4555352348,1272
1775508300,24349.25,24353,24340,24349.75,,,,24322.8625,24326.73,0,0,24343.0313721244,24331.302457519156,24311.76324672475,24190.143733341178,24313.552012875105,24343.47285401054,24283.63117173967,1232
1775512800,24348.75,24384,24337.25,24373.75,,,,24326.3625,24326.425,0,0,24349.175097699517,24335.161325017416,24314.194099794368,24191.970661367635,24313.987911075783,24344.152586776454,24283.823235375112,1780
1775513700,24372.75,24378,24301.75,24322.25,,,,24326.85,24325.46,0,0,24343.790078159614,24333.987568197652,24314.51001744949,24193.266973194823,24314.20751459373,24344.27858455482,24284.13644463264,2331
1775514600,24323,24328,24302,24315,,,,24325.8875,24324.18,0,0,24338.03206252769,24332.261425634228,24314.52923245147,24194.478247093382,24314.211929450867,24344.19917897869,24284.22467992304,1190
1775515500,24315.5,24326.75,24299.75,24303.25,,,,24325.5875,24322.62,0,0,24331.075650022154,24329.624023303844,24314.086909610236,24195.560553092455,24314.19486552396,24344.123709755877,24284.266021292045,852
1775516400,24302.25,24331.75,24302,24329.75,,,,24330.725,24321.8,0,0,24330.810520017723,24329.635475730767,24314.70114844905,24196.895771469644,24314.230410030883,24344.08699240615,24284.373827655614,1099
1775517300,24330,24333,24309.75,24313,,,,24331.0875,24321.31,0,0,24327.24841601418,24328.123159755243,24314.634436745167,24198.05103742517,24314.244680260785,24344.053321438765,24284.436039082804,709
1775518200,24312.75,24323.25,24311.25,24314,,,,24332.15,24320.605,0,0,24324.598732811344,24326.83923614113,24314.60955687281,24199.204758445816,24314.247847682884,24344.032018531,24284.463676834766,357
1775519100,24314.25,24325.25,24298.25,24299.5,,,,24333.95,24319.705,0,0,24319.578986249075,24324.35385103739,24314.017025230736,24200.202721048347,24314.224175785424,24343.95734340622,24284.49100816463,782
1775520000,24299.25,24323.75,24278.75,24315.25,,,,24334.5375,24319.125,0,0,24318.71318899926,24323.52622821581,24314.065377182473,24201.34747009264,24314.130965862576,24343.709805913193,24284.55212581196,2467
1775520900,24315,24358.5,24315,24330,,,,24333.95,24319.415,0,0,24320.970551199407,24324.114752923466,24314.690264351786,24202.627594768335,24314.327120136568,24343.8303300115,24284.823910261635,2138
1775521800,24331.5,24335.5,24290.5,24303.25,,,,24332.3875,24319.69,0,0,24317.426440959527,24322.21795720315,24314.24162653407,24203.62881273084,24314.2921965305,24343.6853340999,24284.8990589611,1707
1775522700,24303.25,24322.5,24298.25,24303.5,,,,24330,24319.745,0,0,24314.64115276762,24320.516324730135,24313.820386277832,24204.62255588775,24314.258796401264,24343.576286165884,24284.941306636643,1210
1775523600,24303,24310.5,24248.5,24255,,,,24325.5125,24318.945,0,0,24302.712922214097,24314.560295209212,24311.513704463014,24205.123823988368,24313.708131815398,24343.234786055484,24284.181477575312,2923
1775524500,24256.5,24283.75,24255.5,24279.5,,,,24322.675,24318.405,0,0,24298.070337771278,24311.37299564474,24310.25826507231,24205.86388544122,24313.4577901024,24343.065592606195,24283.8499875986,1407
1775525400,24278,24282.75,24225.25,24228.75,,,,24316.9375,24316.88,0,0,24284.206270217022,24303.86181422249,24307.061862520455,24206.091607974144,24312.833282913405,24343.008675550656,24282.657890276154,2129
1775526300,24229.5,24240.25,24168.25,24177,,,,24307.6,24314.22,0,0,24262.765016173616,24292.328922020446,24301.961397323576,24205.802139238083,24311.196064435022,24344.17864016618,24278.213488703863,3265
1775527200,24178.75,24188.25,24153,24174,,,,24298.9875,24311.355,0,0,24245.012012938892,24281.571747291313,24296.943303310887,24205.485700041685,24309.609233598476,24345.584646846444,24273.633820350507,2701
1775528100,24174.25,24197.5,24165.75,24193.75,,,,24291.4625,24309.09,0,0,24234.759610351113,24273.587952083013,24292.896507102618,24205.368926906944,24308.751009716427,24346.045815717145,24271.45620371571,1655
1775529000,24195,24209.25,24191.25,24207.75,,,,24284.4,24307.095,0,0,24229.357688280892,24267.60268371183,24289.557428392713,24205.392619176528,24308.18240671383,24346.174389524924,24270.190423902735,1289
1775529900,24207.25,24220.25,24200.25,24211,,,,24277.4625,24306.015,0,0,24225.686150624715,24262.456985192573,24286.47674492633,24205.448414010592,24307.707493698425,24346.211238640226,24269.203748756623,1174
1775530800,24212.5,24219.25,24202.25,24215,,,,24269.525,24303.75,0,0,24223.548920499772,24258.14271381143,24283.673735321376,24205.543454667204,24307.34722703544,24346.221876633677,24268.472577437202,914
1775531700,24215.25,24219,24192.75,24216.25,,,,24264.225,24299.855,0,0,24222.089136399816,24254.33428528312,24281.02966726956,24205.649987456585,24306.920864363357,24346.243531368327,24267.598197358388,1059
1775532600,24213.25,24231.5,24212.75,24227,,,,24259.825,24297.3,0,0,24223.071309119852,24251.84935025738,24278.9108567884,24205.86242539234,24306.668478453757,24346.19704230599,24267.139914601525,741
1775533500,24226.5,24228.75,24216.25,24220.25,,,,24255.675,24294.41,0,0,24222.507047295883,24248.976682052165,24276.610431031993,24206.005585338684,24306.52856264812,24346.17442949702,24266.88269579922,403
1775534400,24221.5,24230,24202,24203.75,,,,24249.375,24292.145,0,0,24218.755637836708,24244.865165501968,24273.753159226817,24205.983141703473,24306.258563638017,24346.168229919123,24266.34889735691,700
1775535300,24204.75,24242,24198.25,24226,,,,24245.025,24290.54,0,0,24220.204510269366,24243.150150456335,24271.88048631596,24206.18231442284,24305.891271184602,24346.098403643846,24265.68413872536,1075
1775536200,24227,24249.5,24227,24239,,,,24241.275,24289.05,0,0,24223.963608215494,24242.772864051214,24270.59105548004,24206.508858557936,24305.602559620518,24345.964187890284,24265.240931350752,1060
1775537100,24239.75,24264,24237.5,24247.25,,,,24238.6625,24288.38,0,0,24228.620886572397,24243.179876410195,24269.67571997102,24206.914243049898,24305.387171321476,24345.820041048646,24264.954301594305,955
1775538000,24248.25,24257.75,24241.25,24249,,,,24235.35,24287.48,0,0,24232.696709257918,24243.70897855472,24268.864907423136,24207.333006800643,24305.199810872047,24345.69449857978,24264.705123164313,833
1775538900,24249,24259.5,24220.75,24224,,,,24230.05,24285.48,0,0,24230.957367406336,24241.917253231564,24267.105499288897,24207.498847528994,24304.874532358772,24345.55694152309,24264.192123194454,1156
1775539800,24224.75,24227.75,24206.5,24206.75,,,,24225.225,24283.54,0,0,24226.115893925067,24238.720230210514,24264.73861696384,24207.4913963098,24304.443436066023,24345.50886274611,24263.37800938594,1189
1775540700,24206.25,24232,24204.5,24228.5,,,,24221.475,24281.86,0,0,24226.592715140054,24237.791118373196,24263.317494729967,24207.70043714254,24304.201303754435,24345.449585316008,24262.95302219286,738
1775541600,24228.5,24239,24218.25,24219.5,,,,24219.7,24279.565,0,0,24225.17417211204,24236.128289430177,24261.599161603302,24207.817845728187,24303.950327597897,24345.370823087724,24262.52983210807,808
1775542500,24220.25,24243,24207,24238.5,,,,24217.65,24278.15,0,0,24227.839337689635,24236.343899481977,24260.693312128664,24208.123140795567,24303.67543552338,24345.26525379763,24262.08561724913,938
1775543400,24239.75,24244.75,24219.5,24235.5,,,,24217.9875,24278.32,0,0,24229.37147015171,24236.26718134725,24259.70533910401,24208.395547354816,24303.440034785563,24345.15878492272,24261.721284648404,852
1775544300,24235.5,24243,24222.75,24241.25,,,,24221.2,24277.03,0,0,24231.747176121367,24236.720164861137,24258.981600315616,24208.722457331383,24303.290934808334,24345.084569821152,24261.497299795516,562
1775545200,24242.75,24257.5,24222.5,24241.75,,,,24224.5875,24276.01,0,0,24233.747740897095,24237.177422601035,24258.305851283632,24209.05108959674,24302.950360843337,24344.884379163617,24261.016342523057,1395
1775546100,24241.5,24244.5,24209.25,24218.5,,,,24225.825,24275.11,0,0,24230.698192717675,24235.479475091848,24256.744837507802,24209.145108605728,24302.52099547739,24344.741451960854,24260.300538993924,1406
1775547000,24219.75,24251.25,24217.5,24246.25,,,,24227.75,24273.965,0,0,24233.80855417414,24236.45861371986,24256.333275252593,24209.514311505172,24302.339083510946,24344.63752849255,24260.040638529343,734
1775547900,24246,24249.75,24224,24246.25,,,,24229.5125,24272.055,0,0,24236.29684333931,24237.34873974533,24255.937852693667,24209.879840743928,24302.1904461547,24344.54769246918,24259.833199840217,619
1775548800,24247.75,24346.5,24246.75,24315,,,,24234.5125,24271.665,0,0,24252.037474671448,24244.407945223025,24258.254015333132,24210.92581247782,24302.201046264385,24344.155238753698,24260.246853775072,5013
1775549700,24315.25,24369.5,24305.25,24338.5,,,,24240.625,24271.41,0,0,24269.32997973716,24252.961768384568,24261.400916692615,24212.19520737854,24302.674770753947,24344.54736906697,24260.802172440923,3574
1775550600,24336.5,24382.5,24333,24363,,,,24247.425,24271.775,0,0,24288.063983789725,24262.96524398597,24265.385194469374,24213.695752578755,24303.192501280802,24345.22216080557,24261.162841756035,2466
1775551500,24361.25,24370.5,24346,24359.25,,,,24254.375,24272.235,0,0,24302.30118703178,24271.71840362361,24269.06616723528,24215.14405354812,24303.459906842614,24345.56340607558,24261.356407609648,1313
1775552400,24359.5,24388.25,24352.75,24374.25,,,,24262.9,24272.85,0,0,24316.690949625423,24281.039457839644,24273.191023422132,24216.72719729391,24303.84589443423,24346.141226942356,24261.550561926106,1546
1775553300,24375,24412,24368,24401.75,,,,24271.6875,24273.61,0,0,24333.70275970034,24292.013143490585,24278.232551915382,24218.56822020641,24304.6251301753,24347.555281719087,24261.694978631513,2387
1775554200,24401.5,24422,24386.25,24386.5,,,,24279.0625,24274.415,0,0,24344.262207760272,24300.602857718713,24282.47833419321,24220.23918318943,24305.290211623076,24348.78425337863,24261.79616986752,1974
1775555100,24386.5,24397,24371.5,24385.25,,,,24285.9625,24275.235,0,0,24352.459766208216,24308.298052471557,24286.508595597395,24221.88108186416,24305.73653460103,24349.511809338597,24261.961259863463,1573
1775556000,24387,24400.25,24295,24364.5,,,,24291.7375,24275.545,0,0,24354.86781296657,24313.407320428687,24289.567082044556,24223.300175576955,24306.500698001935,24350.331955836235,24262.669440167636,4568
1775556900,24365.25,24393,24314.5,24347.25,,,,24297.9,24275.495,0,0,24353.34425037326,24316.483927662444,24291.829157258493,24224.533507163254,24307.14191248182,24350.986530596907,24263.297294366734,4098
1775557800,24347.5,24351.75,24270.75,24287.75,,,,24301.95,24273.775,0,0,24340.22540029861,24313.871752420404,24291.66919030718,24225.162526992477,24307.105310637773,24350.735549941015,24263.47507133453,2859
1775558700,24287,24290.75,24185.25,24202.75,,,,24300.6625,24271.385,0,1,24312.730320238887,24303.76977492764,24288.18216323631,24224.939516773647,24305.847267754016,24350.27829435155,24261.416241156483,4599
1775559600,24205.5,24234,24195.75,24221.5,,,,24300.7625,24269.515,0,0,24294.48425619111,24296.290704479674,24285.567176442728,24224.905292726147,24304.679637098343,24349.961289747196,24259.39798444949,3940
1775560500,24220.75,24258,24220.75,24223.75,,,,24300.025,24267.925,0,0,24280.337404952887,24289.696094981522,24283.142973444974,24224.893797276134,24303.95708314883,24349.562394813413,24258.35177148425,3101
1775561400,24223.75,24227.5,24178.25,24220.5,,,,24299.275,24265.74,0,0,24268.36992396231,24283.405540892294,24280.686386251055,24224.850077900253,24302.790211623804,24349.309953972246,24256.27046927536,3755
1775562300,24222,24222.75,24200,24210.75,,,,24297.75,24263.695,0,0,24256.84593916985,24276.800491720267,24277.94378286866,24224.709778617664,24302.329601905225,24349.182538533554,24255.476665276896,1548
1775563200,24211,24231.25,24133,24167,,,,24294.0125,24260.755,0,0,24238.87675133588,24266.818628836605,24273.593046285576,24224.13555196475,24299.649213381257,24349.416095381792,24249.882331380722,6734
1775564100,24167.25,24244,24140.5,24242.5,,,,24295.2125,24259.615,0,0,24239.601401068703,24264.607844396913,24272.373711137123,24224.318282790973,24297.649755819108,24348.633716469754,24246.66579516846,7097
1775565000,24242.75,24249.5,24193.75,24204,,,,24293.1,24257.39,0,0,24232.48112085496,24259.09804036083,24269.692389131746,24224.116110822903,24296.86047174351,24348.22517618283,24245.495767304186,3131
1775565900,24204.5,24281,24179.5,24214.75,,,,24291.525,24255.085,0,0,24228.934896683968,24255.06640032803,24267.537785636385,24224.022915690337,24295.56915624619,24347.356095173647,24243.782217318734,5952
1775566800,24216.25,24250.5,24196.25,24230.25,,,,24287.2875,24253.625,0,0,24229.197917347174,24252.81036393457,24266.075519533,24224.084876728244,24294.44202197103,24346.558836331573,24242.325207610487,5422
1775567700,24229.5,24248.5,24212.25,24243.5,,,,24282.5375,24252.425,0,0,24232.05833387774,24251.963967213247,24265.19020504151,24224.27806203443,24293.55865307988,24345.788110233465,24241.329195926293,5051
1775568600,24243.5,24308,24188.5,24196.5,,,,24274.2125,24251.255,0,0,24224.94666710219,24246.92178837568,24262.49647151047,24224.001663407224,24288.929544258328,24341.789951515704,24236.06913700095,27274
1775569500,24197,24207.75,24118,24120.25,,,,24262.2625,24248.07,0,0,24204.00733368175,24235.40617125062,24256.91817851006,24222.96930854745,24280.782903243944,24341.678176517416,24219.88762997047,22728
1775570400,24121.25,24130,23994,24034.75,,,,24245.2875,24244.19,0,0,24170.155866945403,24217.164701136928,24248.20570092143,24221.09647960668,24265.039839643858,24347.450424497136,24182.62925479058,29042
1775571300,24035,24132,24030.5,24107.5,,,,24230.575,24242.8,0,0,24157.62469355632,24207.195182851752,24242.687830297058,24219.966166376762,24256.38636788492,24345.243396689693,24167.529339080145,21862
1775572200,24108.25,24144.5,24059.25,24075.75,,,,24215.0375,24240.835,0,0,24141.249754845056,24195.24562077432,24236.14124871678,24218.531179646645,24093.166666666668,24093.166666666668,24093.166666666668,16386
1775573100,24075.25,24124.75,24006,24009.25,,,,24196.2375,24237.145,0,0,24114.849803876044,24178.336927976656,24227.24355268867,24216.448779849165,24070.854755933677,24094.085823245394,24047.62368862196,15115
1775574000,24008.75,24019.5,23941.5,24006,,,,24178.3125,24233.11,0,0,24093.079843100837,24162.669934524234,24218.56733493617,24214.35476213922,24037.5759139947,24081.585225759634,23993.566602229766,21581
1775574900,24005.5,24087.25,23997.25,24065.75,,,,24164.2375,24230.205,0,0,24087.61387448067,24153.859031385666,24212.574498272006,24212.876107789576,24040.651998247984,24079.24588678611,24002.05810970986,17313
1775575800,24066.75,24093.5,24042,24053.5,,,,24152.525,24226.975,0,0,24080.791099584538,24144.73548307788,24206.336282653498,24211.290275871273,24043.829046887884,24080.416556452517,24007.24153732325,11666
1775576700,24055,24133,24052.25,24108.5,,,,24147.8125,24224.82,0,0,24086.33287966763,24141.441348252618,24202.499565686692,24210.267487056633,24049.985389826605,24088.473833984313,24011.496945668896,10540
1775577600,24107.5,24237.5,24105.5,24157,,,,24144.5875,24223.42,0,0,24100.4663037341,24142.855771138744,24200.715268993095,24209.7374623098,24070.59408482639,24127.159509976533,24014.028659676245,19864
1775578500,24158.25,24228.5,24147,24189.75,,,,24142.8875,24222.81,0,0,24118.323042987282,24147.118882853403,24200.285258444346,24209.53858208781,24083.453922562658,24148.26305134295,24018.644793782365,13779
1775579400,24189.5,24212,24175.25,24204.75,,,,24142.1,24222.83,0,0,24135.608434389826,24152.358075321277,24200.46034634849,24209.490934504847,24089.714442914035,24157.854491104175,24021.574394723895,7344
1775580300,24205.75,24241.75,24199,24202.25,,,,24141.675,24222.355,0,0,24148.93674751186,24156.893704837526,24200.530528844625,24209.418885405295,24097.641630976497,24170.25534232295,24025.027919630043,9075
1775581200,24201.75,24238.5,24190.5,24201.25,,,,24143.3875,24221.6,0,0,24159.39939800949,24160.92609530684,24200.55874339974,24209.337602963453,24104.807001021614,24180.246300019455,24029.367702023774,9710
1775582100,24201,24213,24169.75,24188.5,,,,24140.6875,24220.425,0,0,24165.21951840759,24163.43281391531,24200.08585150171,24209.130263630483,24108.962233940696,24184.8128889868,24033.111578894594,7773
1775583000,24188.75,24299.75,24183.25,24230.75,,,,24142.025,24220.06,0,0,24178.325614726073,24169.552558104828,24201.288367129095,24209.345385385404,24120.957179872006,24202.32724950184,24039.587110242173,16424
1775583900,24231.25,24254.5,24215.5,24225.5,,,,24142.5625,24220.09,0,0,24187.760491780857,24174.638689186206,24202.237842927952,24209.50612781938,24126.196827156895,24209.032176592762,24043.361477721028,8758
1775584800,24226,24238.25,24197.5,24210,,,,24141.55,24220.155,0,0,24192.208393424684,24177.85335380564,24202.542241244504,24209.51104197043,24129.481277554023,24212.489264299158,24046.473290808888,7097
1775585700,24210.75,24226,24187,24194,,,,24139.075,24219.465,0,0,24192.566714739747,24179.3212307324,24202.207251391777,24209.356703244353,24132.3472779012,24214.92960324018,24049.764952562222,7880
1775586600,24194.25,24203,24152.5,24165.75,,,,24137.5375,24218.39,0,0,24187.2033717918,24178.087482484,24200.777555258766,24208.922805699633,24134.100103987377,24215.34427295835,24052.855935016403,8855
1775587500,24166.25,24168.75,24076.75,24102,,,,24136.625,24215.66,0,0,24170.16269743344,24171.17043862182,24196.903925640774,24207.858897185208,24132.990884235514,24211.850474290575,24054.131294180454,13522
1775588400,24102.5,24135.5,24083.25,24132.25,,,,24141.5,24213.595,0,0,24162.58015794675,24167.632216928927,24194.36847757643,24207.10656985003,24132.05620188635,24208.668282587856,24055.444121184843,13824
1775589300,24133,24297.75,24125.75,24216.75,,,,24146.9625,24213.105,0,0,24173.414126357402,24172.097469935386,24195.24618433814,24207.20252437889,24139.96712268286,24216.646742500812,24063.28750286491,25473
1775590200,24216.5,24259,24191.5,24240.5,,,,24155.2,24213.08,0,0,24186.83130108592,24178.31588175944,24197.02084377586,24207.53384254427,24143.414621654367,24220.583925397445,24066.24531791129,10391
1775591100,24240.5,24381,24223.5,24369.5,,,,24173.2125,24216.1,0,0,24223.365040868735,24195.696256144947,24203.784732255237,24209.145446101043,24164.670492564805,24257.716664666223,24071.624320463387,36185
1775592000,24369.25,24400.75,24345.75,24390.5,,,,24192.4375,24218.985,0,0,24256.79203269499,24213.405687404498,24211.10689961778,24210.949969025412,24173.881560596048,24274.752169332485,24073.01095185961,13856
1775592900,24390.75,24416,24359,24367.75,,,,24207.5375,24221.415,0,0,24278.98362615599,24227.436988549543,24217.249766299436,24212.51016833859,24176.842559670305,24279.962017849415,24073.723101491196,4678
1775593800,24368,24451.5,24363.75,24414.75,,,,24225.6,24223.41,0,0,24306.136900924794,24244.46544413595,24224.99487350338,24214.52250497204,24180.71825938464,24287.233472417804,24074.20304635148,5529
1775594700,24412.25,24423.5,24388.25,24399.25,,,,24240.1375,24224.625,0,0,24324.759520739834,24258.536767396316,24231.828407875797,24216.36058949968,24182.630128615925,24290.66156650698,24074.59869072487,2877
1775599200,24514,24666,24502.5,24612.75,,,,24262.925,24229.62,0,0,24382.357616591868,24290.737970360286,24246.766509527726,24220.304762738488,24193.015925070456,24317.66705471586,24068.364795425052,8695
1775600100,24611.25,24629.5,24590,24604.75,,,,24283.675,24234.53,0,0,24426.836093273494,24319.28451850935,24260.80507778154,24224.130088482383,24197.320585954832,24328.25933106018,24066.381840849484,3607
1775601000,24605.5,24844,24355,24774.5,,,,24312.1625,24242.535,0,0,24496.368874618795,24360.66774409941,24280.949976692067,24229.606406009923,24215.42660020827,24371.890935134827,24058.962265281712,14234
1775601900,24771.75,24924.5,24765.75,24914,,,,24347.75,24252.78,0,0,24579.895099695037,24410.97067645401,24305.77546780218,24236.416292517286,24231.324851779988,24415.73768437127,24046.912019188705,9039
1775602800,24915,24986,24913.5,24965,,,,24385.9375,24264.35,0,0,24656.91607975603,24461.336978594554,24331.62741024131,24243.665881646466,24247.37968555249,24458.59402094216,24036.165350162817,8421
1775603700,24965.75,25086,24962.5,25046.25,,,,24428.825,24277.57,0,0,24734.782863804823,24514.510889631412,24359.651825525965,24251.651793271874,24266.61029390974,24507.915926784895,24025.304661034585,9540
1775604600,25047.25,25057.5,25016.25,25020.25,,,,24468.3,24290.685,0,0,24791.87629104386,24560.487172392193,24385.557636289654,24259.299536622402,24277.372278779676,24533.347032747028,24021.397524812324,5553
1775605500,25020.75,25066,25010.75,25050.75,,,,24509.5625,24304.755,0,0,24843.65103283509,24605.05652035654,24411.643611337116,24267.174665611234,24288.597211574717,24558.827327767474,24018.36709538196,5875
1775606400,25049.75,25091.25,25026.75,25059,,,,24552.0125,24320.18,0,0,24886.720826268072,24646.324109415036,24437.03013638272,24275.053524659877,24302.16122655997,24588.52531874449,24015.797134375447,7177
1775607300,25060,25067.25,25029,25042.25,,,,24594.425,24336.97,0,0,24917.826661014456,24682.317372195488,24460.764248681437,24282.687320434405,24310.452619694504,24605.733179624287,24015.17205976472,4594
1775608200,25042.25,25057.25,25007.75,25044.75,,,,24638.375,24353.435,0,0,24943.211328811565,24715.26579290499,24483.66565069393,24290.270033663914,24317.82105332456,24620.47926295321,24015.162843695907,4226
1775609100,25046.75,25101.5,25041.5,25080.25,,,,24687.2875,24370.565,0,0,24970.619063049253,24748.44617536817,24507.0611153726,24298.130530841387,24325.24698177613,24635.51493974876,24014.979023803502,4128
1775610000,25080,25107.75,25069,25088.75,,,,24735.1125,24387.93,0,0,24994.245250439402,24779.38288669834,24529.872444181517,24305.997391231023,24330.314363852507,24645.701574092596,24014.927153612418,2811
1775610900,25088,25095.25,25040.75,25067,,,,24777.625,24405.055,0,0,25008.79620035152,24805.52989699849,24550.93626989989,24313.569556492406,24334.738986604872,24654.293579221176,24015.18439398857,2556
1775611800,25066.25,25098.5,25064.75,25089,,,,24820.05,24423.495,0,0,25024.836960281216,24831.299906362263,24572.036808335186,24321.285282298453,24337.770137672702,24660.205034547424,24015.33524079798,1730
1775612700,25089.5,25109.5,25083.5,25095.25,,,,24856.3375,24440.55,0,0,25038.919568224974,24855.29536942024,24592.5549727142,24328.98642376812,24341.31560349709,24667.12871676471,24015.502490229468,2009
1775613600,25095.5,25109.75,25093.75,25102.75,,,,24891.95,24458.525,0,0,25051.68565457998,24877.79124492749,24612.562620843055,24336.68556383013,24344.27670876519,24672.88734516168,24015.6660723687,1679
1775614500,25102.5,25107.5,25095,25097.25,,,,24928.425,24476.175,0,0,25060.798523663983,24897.742040843175,24631.56996904529,24344.253369165155,24346.524472868354,24677.216445694477,24015.83250004223,1287
1775615400,25098,25111,25091.75,25102.75,,,,24962.825,24493.625,0,0,25069.188818931187,24916.37912803925,24650.04761731802,24351.800599322716,24349.059492574506,24682.073674400686,24016.045310748326,1457
1775616300,25103.75,25111.5,25100.5,25110.5,,,,24998.3875,24510.965,0,0,25077.45105514495,24934.02648003568,24668.104573501627,24359.34984709065,24350.830405465957,24685.46378701717,24016.197023914745,1016
1775617200,25110.25,25118.75,25102.75,25105,,,,25023,24529.135,0,0,25082.960844115958,24949.569527305164,24685.237727481956,24366.76925159721,24352.77645755825,24689.17404455501,24016.378870561493,1120
1775618100,25106,25112.25,25086.75,25094.25,,,,25047.475,24548.615,0,0,25085.218675292766,24962.72229755015,24701.277424443448,24374.007866009175,24355.217247033423,24693.750761866686,24016.68373220016,1434
1775619000,25094.25,25102.5,25091.5,25093,,,,25063.4,24569.78,0,0,25086.774940234212,24974.56572504559,24716.639094073118,24381.162016596147,24356.524348643834,24696.18412666595,24016.864570621718,774
1775619900,25093,25104.5,25089.75,25102,,,,25072.8,24589.67,0,0,25089.81995218737,24986.150659132356,24731.751286462408,24388.334533843947,24357.965514291343,24698.864837536235,24017.06619104645,853
1775620800,25103.25,25139,25102.5,25134.5,,,,25081.275,24610.845,0,0,25098.755961749896,24999.636962847595,24747.54535365996,24395.7590658455,24361.126298662282,24704.854627627283,24017.397969697282,1817
1775621700,25135,25156.25,25133,25148.75,,,,25086.4,24633.635,0,0,25108.754769399915,25013.192693497815,24763.278869202706,24403.251512951516,24364.65991476387,24711.615524657187,24017.704304870553,1995
1775622600,25147.25,25153.25,25139,25140,,,,25092.3875,24656.315,0,0,25115.003815519933,25024.720630452557,24778.05224688103,24410.582343668415,24366.36585891725,24714.85038217746,24017.881335657035,972
1775623500,25140.5,25143,25121,25125.25,,,,25096.1125,24677.505,0,0,25117.053052415948,25033.85966404778,24791.667845042557,24417.693464626936,24368.78364328121,24719.349881025137,24018.217405537285,1411
1775624400,25125.25,25135.5,25119,25126.75,,,,25099.5,24698.97,0,0,25118.992441932758,25042.30424004344,24804.808321707555,24424.74875353612,24370.661517890654,24722.816040176207,24018.5069956051,1106
1775625300,25127.25,25163,25124.75,25159,,,,25105.3375,24719.98,0,0,25126.993953546207,25052.912945494034,24818.698191444513,24432.054736088,24373.289138906483,24727.735409320245,24018.84286849272,1513
1775626200,25158.5,25176,25139.75,25156,,,,25110.9,24739.96,0,0,25132.795162836966,25062.284495903667,24831.92571334865,24439.258171549813,24377.999863216155,24736.535890690335,24019.463835741975,2709
1775627100,25156.75,25195.25,25154.5,25192.25,,,,25116.5,24760.01,0,0,25144.686130269572,25074.099541730608,24846.056077531055,24446.75062755429,24382.5390147413,24745.091017363135,24019.98701211947,2564
1775628000,25192,25201.75,25176,25197.25,,,,25121.925,24779.86,0,0,25155.198904215657,25085.295037936918,24859.828388216112,24454.21828300151,24388.515744213175,24756.310853025978,24020.720635400372,3374
1775628900,25196,25202,25161.25,25172.75,,,,25127.2125,24799.27,0,0,25158.709123372526,25093.24548903356,24872.099823972345,24461.36785232488,24393.020424911287,24764.5592917731,24021.481558049472,2619
1775629800,25172.5,25186.5,25164,25176.5,,,,25131.5875,24818.775,0,0,25162.26729869802,25100.814080939603,24884.037085777352,24468.483595087815,24396.02095521852,24769.987871352583,24022.054039084454,1768
1775630700,25179,25188.5,25165.5,25171.25,,,,25135.3875,24838.43,0,0,25164.063838958416,25107.21734630873,24895.300337315497,24475.476295634206,24400.189831780033,24777.46072282882,24022.918940731248,2481
1775631600,25171.25,25174.25,25142.25,25158.25,,,,25138.1625,24856.98,0,0,25162.901071166732,25111.85667846248,24905.61208879332,24482.27006383685,24405.074662949348,24785.98841175572,24024.160914142976,3007
1775632500,25156.5,25190,25149.75,25167.25,,,,25141.6625,24875.815,0,0,25163.770856933384,25116.892434965892,24915.87239903672,24489.085784594692,24409.881721220063,24794.37019532893,24025.393247111195,2955
1775633400,25167,25167,25139,25146.5,,,,25143.85,24894.545,0,0,25160.316685546706,25119.584031787173,24924.91661868234,24495.62721957385,24413.997386833358,24801.350994922956,24026.64377874376,2623
1775634300,25145.75,25158,25136,25141.75,,,,25145.4125,24913.5,0,0,25156.603348437366,25121.59911980652,24933.419888537934,24502.05630196615,24417.408297097394,24807.056278373868,24027.76031582092,2213
1775635200,25141.5,25158.5,25134.25,25157.75,,,,25148.05,24933.34,0,0,25156.83267874989,25124.885563460473,24942.217147810956,24508.580617369473,24420.46131598316,24812.15095879538,24028.77167317094,1985
1775636100,25156.5,25176.25,25154,25173,,,,25151.9875,24954.76,0,0,25160.066142999913,25129.259603145885,24951.267455739937,24515.1917555051,24423.40636836452,24817.1172756579,24029.695461071144,1885
1775637000,25173.25,25190,25147,25162,,,,25155.4375,24975.355,0,0,25160.45291439993,25132.236002859896,24959.53147708347,24521.6276584354,24428.207281059975,24825.133305661104,24031.281256458846,3111
1775637900,25162,25225,25159,25215.25,,,,25161.1,24995.325,0,0,25171.412331519947,25139.782729872633,24969.559654452747,24528.529373276837,24432.302625036064,24832.12377772477,24032.481472347357,2569
1775638800,25216,25245.25,25203.75,25237,,,,25166.225,25015.255,0,0,25184.529865215958,25148.620663520574,24980.047511140874,24535.578832249208,24437.31248934916,24840.816991815474,24033.807986882843,3064
1775639700,25237.75,25240.5,25215.5,25215.5,,,,25169.5625,25032.175,0,0,25190.723892172766,25154.700603200523,24989.280942076526,24542.34421700295,24439.797959284606,24845.07572626264,24034.520192306572,1544
1775640600,25216.5,25221.5,25184.5,25188.5,,,,25171.9875,25048.135,0,0,25190.279113738212,25157.77327563684,24997.093454151956,24548.77362777904,24442.787966154898,24850.048411171832,24035.527521137963,1934
1775641500,25190.5,25220,25185,25200,,,,25175.725,25064.78,0,0,25192.22329099057,25161.61206876076,25005.05057359698,24555.253492179247,24445.78204767648,24855.012864761866,24036.551230591092,1943
1775642400,25199.5,25213.75,25191,25193.5,,,,25179.0625,25080.355,0,0,25192.478632792456,25164.510971600692,25012.440747181412,24561.60420369985,24447.772301441673,24858.288510555434,24037.256092327912,1304
1775643300,25194.5,25221.25,25185.5,25219.75,,,,25182.1,25096.765,0,0,25197.932906233964,25169.532701455173,25020.57052180175,24568.1529180909,24450.39118906678,24862.616765860843,24038.165612272718,1705
1775644200,25220.75,25231.75,25206.5,25222.75,,,,25185.4375,25108.965,0,0,25202.89632498717,25174.37063768652,25028.499128789917,24574.66632189099,24453.622176522247,24867.98200306915,24039.262349975343,2088
1775645100,25223,25225.75,25202,25204.5,,,,25186.05,25120.96,0,0,25203.217059989736,25177.109670624108,25035.40112373933,24580.93332366322,24456.064137814286,24871.97664705898,24040.151628569594,1610
1775646000,25204.75,25211.25,25182,25199,,,,25186.1375,25129.45,0,0,25202.37364799179,25179.09970056737,25041.816765945634,24587.0832408407,24460.115623875154,24878.475550561936,24041.75569718837,2743
1775646900,25199.25,25233,25180.25,25226.75,,,,25188.8375,25135.705,0,0,25207.24891839343,25183.431545970336,25049.06904963404,24593.44808421542,24464.84732740045,24886.115813351855,24043.578841449045,3173
1775647800,25226.75,25235,25205.75,25213.5,,,,25190.6875,25140.675,0,0,25208.499134714744,25186.165041791213,25055.51732219741,24599.617755019244,24468.692979795287,24892.30007627559,24045.085883314983,2592
1775648700,25212,25228,25205.25,25209.25,,,,25192.5875,25143.935,0,0,25208.649307771797,25188.263674355647,25061.54605466026,24605.683747506613,24471.883257268037,24897.37489118459,24046.391623351483,2182
1775649600,25210.75,25257,25209.25,25244.5,,,,25196.9,25148.42,0,0,25215.819446217436,25193.376067596044,25068.720719183388,24612.04012812844,24479.46418494597,24909.570353880732,24049.358016011207,5103
1775650500,25243.5,25245.25,25155,25190,,,,25198.0375,25151.205,0,0,25210.65555697395,25193.06915236004,25073.47676941149,24617.790972624673,24493.465095368825,24930.760243067438,24056.169947670212,10252
1775651400,25189,25205.75,25176.5,25189,,,,25200.1625,25153.805,0,0,25206.32444557916,25192.699229418216,25078.007092179665,24623.474644538856,24499.864116098295,24940.193726924907,24059.534505271684,4867
1775652300,25188.25,25221.25,25186.75,25212.75,,,,25203.7125,25157.215,0,0,25207.60955646333,25194.522026743834,25083.291127780463,24629.338080911602,24508.19331403838,24952.519672157025,24063.866955919737,6319
1775653200,25213,25237.25,25211,25227,,,,25207.175,25160.86,0,0,25211.487645170662,25197.47456976712,25088.92676982829,24635.284965678653,24512.934247995137,24959.584612501807,24066.283883488468,3571
1775654100,25227.5,25230,25186.75,25199.5,,,,25208.5,25163.245,0,0,25209.09011613653,25197.65869978829,25093.262974933063,24640.899045622147,24523.558974826534,24974.86843982488,24072.249509828187,8414
1775655000,25199.5,25249.75,25089.75,25099.5,,,,25205.375,25163.46,0,0,25187.172092909223,25188.735181625718,25093.507564151372,24645.462239198045,24568.14934392888,25031.698970102447,24104.59971775531,42293
1775655900,25099.25,25161.25,25064,25080.75,,,,25198.65,25163.735,0,0,25165.88767432738,25178.91834693247,25093.007267517984,24649.793460698562,24594.28102797769,25060.786805061613,24127.775250893766,30402
1775656800,25080.75,25105,25042.5,25077.75,,,,25190.6875,25163.51,0,0,25148.260139461905,25169.721224484063,25092.40894330159,24654.051734721463,24610.69092071425,25077.403453824183,24143.978387604315,21947
1775657700,25077.5,25093,25049.5,25055.25,,,,25182.675,25162.71,0,0,25129.658111569523,25159.314749530968,25090.951729838784,24658.04375726155,24622.219483664136,25088.502109299567,24155.936858028705,16708
1775658600,25055.75,25067.5,25026.75,25032.75,,,,25174.8875,25161.31,0,1,25110.27648925562,25147.80886320997,25088.66930906079,24661.772177587303,25042.333333333332,25042.333333333332,25042.333333333332,19947
1775659500,25032.25,25039.25,24926.5,24993,,,,25164.5375,25159.225,0,0,25086.821191404495,25133.735330190884,25084.917571450565,24665.06797681529,25010.016103333262,25037.729901837578,24982.302304828947,27124
1775660400,24993.25,25044,24978.75,25022.5,,,,25155.9875,25157.62,0,0,25073.956953123597,25123.623027446258,25082.469823550542,24668.624514359417,25011.35104135697,25035.240298560482,24987.46178415346,16836
1775661300,25022.5,25037,25003.75,25011.25,,,,25145.5625,25155.635,0,0,25061.415562498878,25113.407297678415,25079.67688929366,24672.03372317176,25012.214294003177,25034.412567770192,24990.016020236162,10777
1775662200,25011.25,25061.25,25004.75,25056,,,,25137.225,25154.655,0,0,25060.332449999103,25108.188452434923,25078.748383831164,24675.8542831402,25016.83408291368,25039.700111722486,24993.968054104873,14477
1775663100,25056.75,25089,25056.75,25078.5,,,,25130.925,25154.34,0,0,25063.96595999928,25105.489502213564,25078.738643288765,24679.860708183583,25022.789956497385,25050.692538585106,24994.887374409664,10220
1775664000,25078.75,25116,25077,25081.5,,,,25125.05,25154.11,0,0,25067.472767999425,25103.30863837597,25078.846931787244,24683.85711904743,25029.819969348795,25063.472730898317,24996.167207799273,11327
1775664900,25081.75,25098,25061.75,25094.75,,,,25118.45,25153.965,0,0,25072.92821439954,25102.53058034179,25079.470581521076,24687.945605425066,25034.127163258734,25069.655201745765,24998.599124771703,9404
1775665800,25095,25137,25087,25131.5,,,,25114.35,25153.905,0,0,25084.64257151963,25105.164163947084,25081.51095087319,24692.359081988,25039.89651459212,25080.262608200494,24999.53042098375,8816
1775666700,25130.75,25157.5,25128.25,25142.25,,,,25111,25153.775,0,0,25096.164057215705,25108.535603588258,25083.89287436836,24696.835608535384,25045.974287027842,25092.025700324415,24999.92287373127,8104
1775667600,25142.5,25156.75,25118.5,25122.75,,,,25104.9125,25153.43,0,0,25101.481245772564,25109.827821443872,25085.41668321666,24701.07356267931,25050.58874433451,25099.44153843118,25001.73595023784,7704
1775668500,25123.75,25130.25,25072.25,25083,,,,25099.5625,25152.585,0,0,25097.78499661805,25107.38892858534,25085.32191132581,24704.873825737228,25053.987000042547,25102.408070187666,25005.565929897428,11944
1775669400,25082.5,25099.5,25065,25093.25,,,,25094.775,25151.915,0,0,25096.87799729444,25106.103571441217,25085.632816764013,24708.738265282132,25055.89308005305,25103.452134519746,25008.334025586355,9947
1775670300,25092.5,25101,25084.25,25094.25,,,,25088.85,25150.62,0,0,25096.35239783555,25105.02597403747,25085.970745518367,24712.574202941018,25056.93759539795,25104.227355613726,25009.647835182175,4804
1775671200,25094.5,25131.75,25076.5,25120.25,,,,25083.5125,25149.905,0,0,25101.131918268442,25106.409976397703,25087.31503000784,24716.630678533646,25059.326409808098,25106.808430165172,25011.844389451024,8162
1775672100,25120.75,25131.75,25032,25053.75,,,,25076.225,25147.135,0,0,25091.655534614754,25101.622705816095,25085.99875432126,24719.985099642763,25060.528414505585,25105.951093806452,25015.105735204717,18032
1775673000,25054.5,25072.5,25013.75,25017,,,,25072.1,25143.53,0,0,25076.724427691803,25093.929732560086,25083.292920818465,24722.94047178562,25059.502878731895,25104.312630931054,25014.693126532737,8079
1775673900,25017.75,25029.75,24948.75,24953.25,,,,25065.725,25139.14,0,0,25052.029542153443,25081.140665963714,25078.193198433426,24725.23210888228,25054.78313613715,25102.308229198214,25007.258043076086,12522
1775674800,24953.25,25011.25,24943.25,25007.25,,,,25062.2,25135.755,0,0,25043.073633722754,25074.423332694285,25075.41111222035,24728.038257052605,25050.598619403572,25099.422459525624,25001.77477928152,14415
1775675700,25007,25012,24955.25,24957.75,,,,25057.325,25131.485,0,0,25026.008906978204,25063.816666085713,25070.796950956807,24730.323946037155,25047.07630185921,25097.341375787182,24996.81122793124,11369
1775676600,24957.5,25016.25,24956,25012.75,,,,25056.325,25128.575,0,0,25023.357125582563,25059.174241896104,25068.520599938893,24733.134155529322,25044.14998343248,25094.433484039273,24993.866482825684,14528
1775677500,25013.25,25097,25011.75,25080,,,,25060.675,25126.83,0,0,25034.68570046605,25061.06749263282,25068.97077249031,24736.585556966842,25045.941176144726,25094.08169828646,24997.800654002993,27280
1775678400,25079.75,25095.25,25053.25,25059.5,,,,25062.525,25125.09,0,0,25039.64856037284,25060.924993302564,25068.599369647553,24739.798636001997,25046.864328378604,25094.264682431287,24999.46397432592,11743
1775679300,25059.25,25076,25048.25,25050,,,,25064.4625,25123.255,0,0,25041.71884829827,25059.93181209324,25067.86998260255,24742.885216738294,25046.94265283511,25094.186492310495,24999.698813359726,2092
1775680200,25049.75,25052.25,25036,25039,,,,25063.6125,25120.88,0,0,25041.17507863862,25058.028920084766,25066.73782642206,24745.831632492143,25046.922533398007,25094.062210598684,24999.78285619733,1338
1775681100,25038.5,25049.25,25033.25,25039,,,,25061.6375,25118.2,0,0,25040.740062910896,25056.299018258876,25065.650068523155,24748.7487306763,25046.890389415046,25093.914138716555,24999.866640113538,1514
1775685600,25037.75,25065,25032.25,25040.75,,,,25059.6,25115.775,0,0,25040.742050328718,25054.885471144433,25064.673595247736,24751.654215943203,25046.884689476898,25093.75773673084,25000.011642222955,1949
1775686500,25042.75,25047.25,25010.75,25026.75,,,,25056.2,25112.005,0,0,25037.943640262973,25052.327701040394,25063.1863954341,24754.391487426354,25046.761987228845,25093.504762923025,25000.019211534665,2018
1775687400,25028.75,25049.5,25028.75,25031,,,,25051.175,25107.885,0,0,25036.554912210377,25050.38881912763,25061.92418384845,24757.14381093455,25046.716415498264,25093.361156935982,25000.071674060546,1356
1775688300,25032.5,25036.75,25026.5,25034.5,,,,25045.7875,25104.265,0,0,25036.143929768303,25048.944381025118,25060.848725658314,24759.90357400983,25046.688510133346,25093.291402680672,25000.08561758602,609
1775689200,25034.25,25055.5,25023.75,25047,,,,25042,25101.435,0,0,25038.31514381464,25048.767619113743,25060.305638377595,24762.760254865454,25046.664773869616,25093.148579358112,25000.18096838112,1598
1775690100,25045,25053,25030.75,25033.5,,,,25039.525,25098.105,0,0,25037.35211505171,25047.37965373977,25059.25443687259,24765.45418267774,25046.641857062463,25093.0572208793,25000.226493245627,940
1775691000,25034.25,25037.75,25026.5,25030,,,,25036.3625,25094.835,0,0,25035.88169204137,25045.79968521797,25058.107204054057,24768.086479367514,25046.595681812592,25092.9481685853,25000.243195039886,946
1775691900,25031,25038,25022.5,25026,,,,25032.95,25090.96,0,0,25033.905353633098,25043.99971383452,25056.84809801272,24770.6527830554,25046.53823981491,25092.82670261615,25000.24977701367,1012
1775692800,25026.5,25029,24999,25018.25,,,,25027.85,25086.87,0,0,25030.774282906477,25041.658830758653,25055.33444711026,24773.116436955348,25046.287471801777,25092.472952367105,25000.10199123645,2542
1775693700,25018,25034.25,25011,25013.5,,,,25025.8375,25083.05,0,0,25027.319426325183,25039.09893705332,25053.69388055692,24775.508313204547,25046.134966660047,25092.232319346942,25000.037613973152,1812
1775694600,25011.75,25033,25009.5,25024.75,,,,25026.225,25079.565,0,0,25026.805541060145,25037.79448823029,25052.558826417433,24777.98832998858,25046.036626774385,25092.06355648267,25000.0096970661,1321
1775695500,25025.75,25027.5,25007,25012.25,,,,25029.175,25075.275,0,0,25023.894432848116,25035.47226202754,25050.978088126554,24780.31929187924,25045.929285189297,25091.910460048566,24999.948110330028,1127
1775696400,25012,25021,24992.5,25000,,,,25028.8125,25071.005,0,0,25019.115546278492,25032.247510934125,25048.978947415708,24782.505169571985,25045.70632883829,25091.66367298513,24999.748984691447,1730
1775697300,25001,25003.5,24980.5,24987,,,,25030.275,25066.56,0,0,25012.692437022793,25028.134100849205,25046.54840045823,24784.539944004104,25045.380292070877,25091.397559260327,24999.363024881426,1904
1775698200,24989.5,25014,24983.75,25005,,,,25029.8875,25061.77,0,0,25011.153949618234,25026.031000772004,25044.91905142065,24786.73357640207,25045.17308538766,25091.182767482747,24999.163403292576,1514
1775699100,25004.75,25025.5,24994.25,25022.75,,,,25027.025,25058.425,0,0,25013.473159694586,25025.732727974548,25044.049676855135,24789.081998527425,25045.042599471988,25090.9992214072,24999.085977536775,1373
1775700000,25022.75,25041.75,25022.75,25028.25,,,,25025.4625,25055.21,0,0,25016.42852775567,25025.961570885953,25043.430081684346,24791.461779636604,25044.97083300297,25090.821565764687,24999.120100241256,1666
1775700900,25027.5,25040,25024,25026.75,,,,25024.3,25051.49,0,0,25018.492822204535,25026.033246259958,25042.77596083398,24793.80295595863,25044.927416902814,25090.717444808488,24999.13738899714,970
1775701800,25026.75,25038,25026.25,25033,,,,25024,25047.61,0,0,25021.394257763626,25026.66658750905,25042.392589820884,24796.18302604859,25044.904293917167,25090.655142358944,24999.15344547539,609
1775702700,25034.25,25050.75,25030.75,25031,,,,25023.6,25044.24,0,0,25023.315406210902,25027.06053409914,25041.945821592613,24798.51951335159,25044.88349917834,25090.57173781074,24999.19526054594,928
1775703600,25031.75,25037.25,25025.5,25028.75,,,,25023,25042.825,0,0,25024.402324968723,25027.21412190831,25041.428338392903,24800.810363965007,25044.85877331585,25090.511613586783,24999.205933044916,569
1775704500,25027.5,25027.5,25016.25,25019.5,,,,25022.6375,25041.6,0,0,25023.42185997498,25026.512838098464,25040.568403553967,24802.98638024396,25044.81575356305,25090.43846312343,24999.193044002666,600
1775705400,25019.25,25034,25016.75,25022.25,,,,25022.2,25040.49,0,0,25023.187487979983,25026.12530736224,25039.850034787145,24805.16810780372,25044.767072166665,25090.346446314474,24999.187698018857,790
1775706300,25023,25027.5,25009,25018.5,,,,25021.4,25039.755,0,0,25022.249990383985,25025.432097602035,25039.01277852098,24807.29081319871,25044.660618650094,25090.178918150974,24999.142319149214,1344
1775707200,25019.5,25022.5,25009.5,25016.25,,,,25019.8625,25039.425,0,0,25021.049992307187,25024.597361456395,25038.120120539767,24809.37000908728,25044.586314736112,25090.068687987663,24999.10394148456,870
1775708100,25018.25,25019.5,25007.75,25013.5,,,,25018.8625,25039.835,0,0,25019.53999384575,25023.588510414906,25037.154625616637,24811.401153275467,25044.541256700955,25090.005910252552,24999.07660314936,487
1775709000,25013.5,25020.5,25006,25015.75,,,,25018.15,25039.7,0,0,25018.7819950766,25022.875918559006,25036.315228533633,24813.43447513342,25044.488356937723,25089.931212098993,24999.045501776454,583
1775709900,25015.25,25023.75,25011.75,25014,,,,25017.55,25039.755,0,0,25017.82559606128,25022.069016871825,25035.440121532312,24815.430151997763,25044.443736466706,25089.864081410087,24999.023391523326,536
1775710800,25014.5,25019.25,24994.25,25011.75,,,,25017.225,25038.87,0,0,25016.610476849026,25021.130924428933,25034.511097158495,24817.38358332117,25044.33689715744,25089.73213389872,24998.941660416156,1000
1775711700,25011.25,25033,25011.25,25032.75,,,,25018.1875,25037.955,0,0,25019.83838147922,25022.187204026304,25034.44203452483,24819.52653274086,25044.2754212949,25089.6084788443,24998.9423637455,1114
1775712600,25032.75,25047,25026.5,25039.75,,,,25018.9375,25037.12,0,0,25023.820705183378,25023.783821842095,25034.65019003366,24821.717811022045,25044.257609723074,25089.53003536052,24998.985184085628,926
1775713500,25039.5,25040.25,25022,25028.5,,,,25019.75,25035.795,0,0,25024.7565641467,25024.212565310994,25034.40900611077,24823.77534524073,25044.230575642927,25089.463471309446,24998.997679976408,656
1775714400,25030,25059,25028.5,25032.75,,,,25021.3875,25033.82,0,0,25026.35525131736,25024.98869573727,25034.343947047604,24825.854695039332,25044.20076429152,25089.272156123017,24999.129372460022,2461
1775715300,25032.75,25039,25024.75,25037.25,,,,25023.9,25031.72,0,0,25028.534201053888,25026.103359761153,25034.457909908484,24827.95813090959,25044.17026882456,25089.179932530402,24999.16060511872,994
1775716200,25037,25042.25,25028.25,25037.75,,,,25025.5375,25030.02,0,0,25030.37736084311,25027.162145237413,25034.5870114807,24830.04561219407,25044.148049452277,25089.09783046266,24999.198268441894,946
1775717100,25036.25,25040.75,25017,25039,,,,25026.35,25029.14,0,0,25032.10188867449,25028.238313852195,25034.760069854005,24832.12476033144,25044.096747552507,25088.956291400707,24999.237203704306,1491
1775718000,25039.75,25048.75,25012,25020.25,,,,25025.95,25027.68,0,0,25029.731510939593,25027.512103501995,25034.19104750679,24833.996653263464,25044.0094856192,25088.77098423809,24999.24798700031,1774
1775718900,25019.75,25021.5,24996.75,25010.5,,,,25025.1375,25026.005,0,0,25025.885208751675,25025.965548638178,25033.26198682025,24835.7529054698,25043.841727221192,25088.55833938149,24999.125115060895,1702
1775719800,25013,25017.75,24972.25,24977,,,,25022.3375,25023.14,0,0,25016.10816700134,25021.514135125617,25031.055634395925,24837.158349196467,25043.421342017784,25088.222298846624,24998.620385188944,2698
1775720700,24977.5,24986.75,24965,24985,,,,25020.0375,25021.765,0,0,25009.88653360107,25018.194668296015,25029.24953108628,24838.62941039849,25043.07609114424,25088.004189405692,24998.14799288279,1894
1775721600,24986,24991,24953.25,24957.25,,,,25016.4625,25020.57,0,0,24999.359226880857,25012.65424390547,25026.42602006329,24839.809714772637,25042.51354044532,25087.745846021568,24997.281234869075,2642
1775722500,24957,24974.25,24953,24962.25,,,,25013.6,25020.75,0,0,24991.937381504686,25008.072039914063,25023.90931339414,24841.02802606843,25042.092242149796,25087.57135262187,24996.61313167772,1903
1775723400,24962,24999,24962,24998.75,,,,25012.425,25020.58,0,0,24993.29990520375,25007.224581740058,25022.922673653193,24842.59739894337,25041.79554558027,25087.333171573115,24996.257919587424,1926
1775724300,24998.75,25006.75,24968,24972.75,,,,25010.1375,25020.88,0,0,24989.189924162998,25004.0905288546,25020.955117823654,24843.892449700154,25041.502119192068,25087.117100218853,24995.887138165283,1792
1775725200,24972.5,25000.5,24964.25,24998.25,,,,25009.2375,25020.59,0,0,24991.0019393304,25003.559571685997,25020.064721046256,24845.428345723038,25041.19245839991,25086.857905104323,24995.527011695496,2095
1775726100,24997.5,25016,24995.75,25012.75,,,,25009.2,25019.245,0,0,24995.35155146432,25004.395065169087,25019.77786924052,24847.093237805395,25041.040554469964,25086.655629745597,24995.42547919433,1683
1775727000,25012,25014,24993,25003.75,,,,25008.6,25018.13,0,0,24997.031241171455,25004.336422880988,25019.149325348735,24848.652011558574,25040.90032445727,25086.48736568652,24995.31328322802,1375
1775727900,25003.75,25018.5,25001,25016.25,,,,25008.7125,25017.455,0,0,25000.874992937162,25005.419475346353,25019.03562631545,24850.31965323461,25040.81479769722,25086.36166888776,24995.267926506684,1087
1775728800,25017.25,25026,25007.5,25012.25,,,,25008.7375,25016.92,0,0,25003.14999434973,25006.040432133046,25018.769523322688,24851.930900466105,25040.6910343483,25086.162157777882,24995.219910918717,1792
1775729700,25012,25027,25002.25,25022.5,,,,25008.225,25016.59,0,0,25007.019995479783,25007.536756484587,25018.91581652572,24853.62810543659,25040.583431486964,25085.977733652344,24995.189129321585,1707
1775730600,25021,25023.75,25003,25018.5,,,,25007.1625,25016.145,0,0,25009.315996383826,25008.53341498599,25018.899509995303,24855.268621800406,25040.479556286995,25085.8104137074,24995.14869886659,1521
1775731500,25017.25,25024.5,24981,24984.5,,,,25004.9625,25015.3,0,0,25004.35279710706,25006.34855907817,25017.55050960333,24856.5545061606,25040.18792804081,25085.50791133012,24994.8679447515,2502
1775732400,24983.75,24998.75,24978,24992,,,,25002.925,25014.52,0,0,25001.882237685648,25005.04414461652,25016.548528834574,24857.90222251721,25039.905318783065,25085.255644188455,24994.554993377675,2111
1775733300,24991,24993,24976.75,24984,,,,25000.2625,25013.51,0,0,24998.30579014852,25003.131040560475,25015.2721159391,24859.156926770767,25039.584623430223,25084.99793085538,24994.171316005064,2204
1775734200,24985,25035,24983,25025,,,,24999.625,25013.07,0,0,25003.644632118816,25005.11912778225,25015.653601588547,24860.807106603894,25039.339887998955,25084.600246055914,24994.079529941995,3721
1775735100,25024.75,25039,25020.75,25030,,,,24999.175,25013,0,0,25008.915705695053,25007.381025256593,25016.216205447818,24862.49061798097,25039.276525950947,25084.391034599183,24994.16201730271,2599
1775736000,25030.25,25050.75,25029.5,25035,,,,24999.9125,25013.1,0,0,25014.132564556043,25009.89184114236,25016.95282484202,24864.20712924484,25039.26933880134,25084.19497478547,24994.34370281721,3258
1775736900,25035,25045,25027,25037.75,,,,25001.275,25013.335,0,0,25018.856051644834,25012.42440103851,25017.768400338413,24865.933923978722,25039.25599544411,25084.070301110907,24994.44168977731,1946
1775737800,25037.5,25063.5,25016.5,25039.75,,,,25004.4125,25013.765,1,0,25023.034841315868,25014.908546398645,25018.630423854553,24867.663437172963,25039.26426109994,25083.79740913908,24994.7311130608,4963
1775738700,25039.25,25048.75,25021.5,25028.75,,,,25006.6,25014.07,0,0,25024.177873052693,25016.166860362406,25019.027269977905,24869.266288544375,25039.207210425207,25083.541099687278,24994.873321163137,3646
1775739600,25029.25,25050,25026.5,25044,,,,25010.9375,25014.455,0,0,25028.142298442155,25018.697145784005,25020.00659272387,24871.004932439457,25039.216758457573,25083.329604530652,24995.103912384493,4024
1775740500,25044,25082.75,25037.25,25080.5,,,,25016.85,25015.82,0,0,25038.613838753725,25024.31558707637,25022.378883205285,24873.089460474886,25039.5709208344,25083.510006067554,24995.63183560125,5253
1775741400,25081,25109,25019,25100,,,,25021.9125,25017.82,0,0,25050.89107100298,25031.195988251246,25025.422848569782,24875.34727678857,25041.907539541095,25085.341049476774,24998.474029605415,28074
1775742300,25100.5,25111.5,25005.5,25033.25,,,,25024.9375,25018.745,0,0,25047.362856802385,25031.38271659204,25025.729795684692,24876.918448163808,25042.29334751957,25084.72511037344,24999.8615846657,21677
1775743200,25033,25056,25001,25012,,,,25025.625,25018.885,0,0,25040.290285441908,25029.62065144731,25025.19137232451,24878.262543206954,25041.494450391747,25083.215867084225,24999.773033699268,19843
1775744100,25012.25,25013,24963.75,24981.75,,,,25024.075,25018.065,0,0,25028.582228353527,25025.26877404301,25023.487789096096,24879.292269145193,25039.403559665527,25081.667105131928,24997.140014199125,18821
1775745000,24981.75,24999,24960.5,24986.5,,,,25023.2125,25017.23,0,0,25020.165782682823,25021.7443400391,25022.037287562915,24880.35901273579,24982,24982,24982,12617
1775745900,24986.25,25053.5,24984.25,25041.25,,,,25024.4625,25017.52,0,0,25024.38262614626,25023.517581853725,25022.79072726633,24881.959918081702,25006.704133913532,25028.725086913568,24984.683180913496,15879
1775746800,25041.5,25079,25016,25072.75,,,,25027.4875,25018.315,0,0,25034.05610091701,25027.99325623066,25024.749914432356,24883.858326857007,25024.59090587561,25054.069531612793,24995.11228013843,16271
1775747700,25072.75,25105.75,25051.25,25058,,,,25029.2625,25018.855,0,0,25038.844880733606,25030.721142027873,25026.053839356577,24885.591079823604,25036.586507143853,25069.272369755272,25003.900644532434,15308
1775748600,25058.25,25156.75,25048.5,25125.75,,,,25034.625,25020.795,0,0,25056.225904586885,25039.36012911625,25029.963492715142,24887.980720820382,25060.043415705593,25103.72628260969,25016.3605488015,28021
1775749500,25125.5,25197.75,25108,25189,,,,25044.85,25024.185,0,0,25082.780723669508,25052.963753742046,25036.20021849102,24890.975937528638,25077.833504566748,25133.813101786196,25021.8539073473,17997
1775750400,25189,25265.75,25188.5,25208.5,,,,25055.675,25027.91,0,0,25107.924578935606,25067.10341249277,25042.957072667843,24894.135380936314,25103.00731231488,25177.509675979178,25028.50494865058,22651
1775751300,25208.75,25242.75,25203.75,25216.5,,,,25067.3,25031.87,0,0,25129.639663148486,25080.68492044797,25049.76267766126,24897.342989086203,25112.91468509493,25191.3709269932,25034.458443196658,11801
1775752200,25217,25220.25,25168.75,25181.5,,,,25075.125,25035.175,0,0,25140.01173051879,25089.849927679974,25054.92884716474,24900.17042203062,25118.543342238936,25196.71007242769,25040.376612050182,11045
1775753100,25181,25212.75,25161.75,25196.5,,,,25083.45,25038.835,0,0,25151.30938441503,25099.545388799976,25060.48065707985,24903.11897504524,25123.39245980731,25200.99358123903,25045.79133837559,10981
1775754000,25196.75,25242,25188,25228.25,,,,25093.1125,25043.085,0,0,25166.697507532026,25111.245807999978,25067.059846998287,24906.354109621905,25128.590477090915,25207.127529664842,25050.053424516987,9304
1775754900,25228,25253,25221.5,25223.25,,,,25102.3875,25047.27,0,0,25178.008006025622,25121.42800727271,25073.18495103757,24909.50730256099,25133.665432990398,25213.471852914023,25053.859013066773,8818
1775755800,25224.25,25257,25189,25235,,,,25112.15,25051.735,0,0,25189.406404820496,25131.75273388428,25079.530639232173,24912.74603586884,25139.131759267948,25219.607619480634,25058.655899055262,11241
1775756700,25234.75,25244.75,25216.5,25226.75,,,,25122.05,25055.615,0,0,25196.875123856396,25140.38884898571,25085.303947497578,24915.870453422383,25142.29741891428,25223.07241269246,25061.5224251361,6981
1775757600,25227,25231.25,25150.75,25176.5,,,,25128.675,25058.35,0,0,25192.800099085118,25143.6716808961,25088.880263281986,24918.463782244053,25145.807153516827,25224.192444614542,25067.421862419113,17298
1775758500,25176.25,25192,25145,25162.5,,,,25132.775,25061.03,0,0,25186.740079268093,25145.38334626918,25091.76731178073,24920.89200331625,25146.92636839972,25223.305923490036,25070.546813309404,12363
1775759400,25162.25,25191.5,25145.75,25171.75,,,,25136.3625,25063.81,0,0,25183.742063414473,25147.780314790165,25094.90388778933,24923.38810278574,25147.909266491424,25222.76290584131,25073.055627141537,10326
1775760300,25172,25190,25161.75,25179.75,,,,25143.6875,25066.66,0,0,25182.943650731577,25150.686649809242,25098.231186307396,24925.93896743464,25148.83372619043,25222.672857130445,25074.994595250417,7795
1775761200,25180.25,25230.25,25175.75,25221.25,,,,25154.15,25070.33,0,0,25190.60492058526,25157.101499826585,25103.055453511028,24928.87738566912,25151.1343318739,25224.46471069051,25077.803953057286,9794
1775762100,25220.5,25229,25204.75,25222.75,,,,25166.2,25074.005,0,0,25197.033936468208,25163.069545296898,25107.74935729491,24931.80149128435,25153.308355754638,25226.432320338212,25080.184391171064,8510
1775763000,25222.5,25254.25,25220.5,25246.75,,,,25179.2125,25078.535,0,0,25206.977149174567,25170.676859360818,25113.200362891188,24934.93530729147,25156.702003689566,25230.345579531484,25083.05842784765,10732
1775763900,25246.5,25269.75,25239.5,25249,,,,25189.6,25083.305,0,0,25215.381719339654,25177.79714487347,25118.52583885624,24938.060329109467,25163.593130950983,25238.750686902436,25088.43557499953,21312
1775764800,25248.75,25254.25,25220.25,25235.5,,,,25197.7375,25088.475,0,0,25219.405375471724,25183.042858975885,25123.113060861877,24941.019927824796,25165.72650620851,25240.793730312285,25090.659282104734,8933
1775765700,25236.25,25242.5,25229.5,25239.75,,,,25206.825,25093.57,0,0,25223.47430037738,25188.19805361444,25127.687058475138,24943.9923663539,25166.09116332733,25241.13985845752,25091.04246819714,1568
1775766600,25239.75,25253.75,25239,25249.5,,,,25213.0125,25099.415,0,0,25228.679440301905,25193.770957831308,25132.46403657415,24947.032243305603,25166.457072284666,25241.534292308377,25091.379852260954,1390
1775767500,25250,25252.25,25235.5,25244.75,,,,25215.8,25105.065,0,0,25231.893552241523,25198.40541621028,25136.86740768889,24949.994609043857,25166.792928845305,25241.880973292395,25091.704884398216,1341
1775772000,25237,25254.75,25225.25,25252.25,,,,25217.9875,25110.135,0,0,25235.96484179322,25203.300378372984,25141.392215230502,24953.00212537178,25167.2108902523,25242.30985496401,25092.11192554059,1687
1775772900,25251,25253.75,25212.25,25216.25,,,,25217.975,25115.005,0,0,25232.021873434576,25204.477616702712,25144.327814633227,24955.621507208874,25167.481016051315,25242.519274829814,25092.442757272816,1406
1775773800,25216.25,25233.25,25212.75,25225.75,,,,25220.1875,25119.555,0,0,25230.76749874766,25206.411469729737,25147.520841510355,24958.309352908287,25167.738627953004,25242.70201743669,25092.775238469316,1437
1775774700,25224.5,25225,25202.75,25206.75,,,,25220.7,25123.435,0,0,25225.96399899813,25206.44224520885,25149.84355360799,24960.781399148007,25167.984812279687,25242.808667839356,25093.160956720018,1781
1775775600,25209.25,25214,25193,25212.5,,,,25219.9125,25127.61,0,0,25223.271199198505,25206.992950189866,25152.300669152773,24963.286061843053,25168.128317630253,25242.8495047832,25093.407130477306,1184
1775776500,25212,25215.25,25206.25,25209.75,,,,25219.2375,25131.48,0,0,25220.566959358803,25207.243591081697,25154.55358408796,24965.73843933715,25168.201118633242,25242.87854063242,25093.523696634064,548
1775777400,25210.5,25222.25,25207.5,25214.5,,,,25218.2125,25135.525,0,0,25219.353567487044,25207.903264619723,25156.904423927648,24968.21367874673,25168.323340111587,25242.94069154314,25093.705988680034,838
1775778300,25214.25,25238,25211,25224,,,,25218.075,25139.555,0,0,25220.282853989636,25209.36660419975,25159.535622989308,24970.75881627164,25168.550207360764,25243.10121307573,25093.999201645798,1298
1775779200,25224,25224.75,25206,25214.5,,,,25219.975,25143.475,0,0,25219.12628319171,25209.833276545225,25161.691088754433,24973.184101681873,25168.717033209065,25243.186235575078,25094.24783084305,1153
1775780100,25213.25,25236.75,25208,25234.5,,,,25223.575,25148.475,0,0,25222.201026553368,25212.075705950203,25164.546340175828,24975.784259874094,25168.90141308166,25243.322818109154,25094.480008054168,1031
1775781000,25234.75,25252.75,25231.5,25246.5,,,,25227.3125,25153.565,0,0,25227.060821242696,25215.205187227457,25167.760209188542,24978.47794883057,25169.261458612866,25243.683250857997,25094.839666367734,1563
1775781900,25246.25,25280,25241.5,25270.5,,,,25231.85,25159.295,0,0,25235.748656994157,25220.231988388598,25171.789220592913,24981.383640882006,25169.8697284895,25244.437141649712,25095.302315329285,2095
1775782800,25270.5,25271.75,25257.5,25259.25,,,,25233.75,25163.98,0,0,25240.448925595327,25223.77908035327,25175.219055079466,24984.148480276213,25170.243721307874,25244.893288338575,25095.594154277172,1318
1775783700,25258.75,25279.25,25255.75,25279.25,,,,25236.575,25168.965,0,0,25248.20914047626,25228.821891230244,25179.29869997831,24987.084813805803,25170.56724866405,25245.315932063597,25095.818565264504,1051
1775784600,25278.5,25298.5,25274.25,25292.5,,,,25238.8625,25174.115,0,0,25257.06731238101,25234.610810209313,25183.737966645826,24990.12377088236,25171.25807963179,25246.328376171117,25096.18778309246,1938
1775785500,25292.25,25297,25283.25,25285,,,,25240.6625,25179.06,0,0,25262.653849904807,25239.19164564483,25187.70902677736,24993.057862714377,25171.56134747066,25246.770390321744,25096.352304619573,858
1775786400,25284.75,25290.25,25268,25272.25,,,,25242.5,25183.71,0,0,25264.573079923844,25242.19695058621,25191.0243590606,24995.835893931147,25171.89913717058,25247.223077185045,25096.57519715612,1067
1775787300,25272.75,25273.75,25254,25262,,,,25243.6125,25188.375,0,0,25264.058463939076,25243.997227805645,25193.807717528813,24998.48429299651,25172.22242699022,25247.608400963105,25096.83645301734,1181
1775788200,25261.75,25278.5,25260,25273.5,,,,25244.8125,25192.965,0,0,25265.946771151263,25246.679298005132,25196.9329050767,25001.22076769306,25172.43671840505,25247.880234825287,25096.993201984813,728
1775789100,25273,25277.75,25271.25,25273,,,,25246.225,25196.815,0,0,25267.35741692101,25249.072089095574,25199.915928407027,25003.925038661288,25172.522891067143,25247.992351820085,25097.0534303142,284
1775790000,25274.25,25288.25,25274.25,25286.75,,,,25247.95,25200.55,0,0,25271.23593353681,25252.49735372325,25203.321186116555,25006.739217381077,25172.71874425295,25248.26452624236,25097.17296226354,594
1775790900,25286,25287.5,25271,25272.25,,,,25250.75,25205.33,0,0,25271.438746829448,25254.293048839318,25206.024276857082,25009.381115715594,25172.903619389544,25248.50962812373,25097.297610655358,596
1775791800,25272,25303.75,25272,25291.25,,,,25254.025,25210.915,0,0,25275.40099746356,25257.652771672107,25209.366462078375,25012.185781230863,25173.31516457634,25249.101804120903,25097.528525031776,1195
1775792700,25291.75,25297,25283.5,25291.75,,,,25258.275,25217.115,0,0,25278.670797970848,25260.752519701917,25212.597189055694,25014.967514750955,25173.475191665086,25249.33397574771,25097.61640758246,460
1775793600,25291.75,25293.25,25275.5,25278.75,,,,25261.5875,25222.96,0,0,25278.68663837668,25262.38865427447,25215.191416935864,25017.592216096717,25173.678606382633,25249.61248778919,25097.744724976077,631
1775794500,25278.75,25283.5,25272.5,25277,,,,25264.95,25227.675,0,0,25278.349310701342,25263.716958431334,25217.61528293838,25020.173388075855,25173.814946713796,25249.792270257974,25097.837623169617,444
1775795400,25276.75,25279.75,25265.5,25271.25,,,,25267.7875,25231.645,0,0,25276.929448561074,25264.401780392123,25219.71860517609,25022.67166282137,25173.95965750826,25249.974602105933,25097.94471291059,499
1775796300,25271,25273.75,25266.75,25269.25,,,,25270.05,25235.87,0,0,25275.39355884886,25264.842527629204,25221.661012816243,25025.12517861419,25174.05717278325,25250.09497562239,25098.01936994411,345
1775797200,25269.5,25284.75,25269.25,25276.75,,,,25273.1625,25238.89,0,0,25275.66484707909,25265.925025117456,25223.821365254822,25027.62890818022,25174.255849483357,25250.35431284625,25098.157386120463,657
1775798100,25276.5,25282.25,25268.5,25269.25,,,,25274.9,25240.495,0,0,25274.381877663272,25266.227295561323,25225.602880342867,25030.033098148575,25174.38181380422,25250.51379133933,25098.249836269108,433
1775799000,25270.75,25278.5,25266,25268.75,,,,25276.0125,25241.7,0,0,25273.255502130618,25266.456632328474,25227.29492425099,25032.40839070431,25174.579877430584,25250.759404379816,25098.40035048135,699
1775799900,25269.25,25273,25257.5,25263,,,,25275.6375,25242.63,0,0,25271.204401704494,25266.142393025886,25228.69512329997,25034.7028345779,25174.73873946999,25250.944561076907,25098.532917863075,604
1775800800,25261.75,25268,25248,25249.5,,,,25275.15,25243.99,0,0,25266.863521363593,25264.629448205353,25229.51100081762,25036.84011980598,25175.018419063388,25251.238814701173,25098.798023425603,1193
1775801700,25249.25,25251,25235.5,25237.75,,,,25273.075,25244.815,0,1,25261.040817090874,25262.185862004866,25229.834098824773,25038.839223091494,25175.316289148304,25251.49486711219,25099.13771118442,1546
1775802600,25238.25,25243,25222.5,25230.75,,,,25269.9875,25244.865,0,0,25254.982653672698,25259.32805636806,25229.870016517918,25040.74878306073,25175.53240483789,25251.64616331961,25099.41864635617,1317
1775803500,25231.5,25236.75,25218.75,25228.25,,,,25267.15,25244.965,0,0,25249.63612293816,25256.502778516417,25229.80648645839,25042.61446681137,25175.697092973554,25251.747674225702,25099.646511721407,1091
1775804400,25229.25,25246.5,25225.25,25231,,,,25265.0875,25244.885,0,0,25245.908898350528,25254.184344105834,25229.853290911004,25044.48894972867,25175.971501209868,25251.948982991038,25099.994019428697,1634
1775805300,25233.5,25248,25223,25246.25,,,,25264.3,25245.275,0,0,25245.97711868042,25253.463040096212,25230.49629911057,25046.496522368187,25176.15469510824,25252.097765190047,25100.21162502643,1015
1775806200,25247.75,25256,25231.5,25235.25,,,,25262.3875,25246.45,0,0,25243.831694944336,25251.807309178374,25230.682718753294,25048.374666424224,25176.450041467637,25252.34528461075,25100.554798324523,1602
1775807100,25235.5,25251.5,25228.75,25242,,,,25260.8375,25248.04,0,0,25243.465355955468,25250.9157356167,25231.126533704144,25050.30128665881,25176.64876227532,25252.51063985459,25100.78688469605,1089
1775808000,25243,25243.75,25213.75,25217.5,,,,25257.375,25248.955,0,0,25238.272284764374,25247.877941469727,25230.59215983339,25051.964955448275,25176.97436947273,25252.683724511437,25101.265014434022,2389
1775808900,25217,25232,25202.75,25227.5,,,,25255.1375,25249.91,0,0,25236.1178278115,25246.025401336115,25230.470898663454,25053.711572807,25177.20207920302,25252.77989871116,25101.62425969488,1855
1775809800,25227.5,25235.75,25220.75,25232.25,,,,25252.1875,25250.13,0,0,25235.3442622492,25244.77309212374,25230.540667343317,25055.488074570112,25177.369433791566,25252.88430358034,25101.85456400279,1143
1775810700,25232,25232.25,25203,25209.5,,,,25248.075,25249.865,0,0,25230.17540979936,25241.56644738522,25229.715543133774,25057.020531539565,25177.548464907402,25252.927475473298,25102.169454341507,1714
1775811600,25209.5,25220.5,25206,25212.5,,,,25244.7625,25249.18,0,0,25226.64032783949,25238.924043077473,25229.040423795195,25058.567590927232,25177.64710776549,25252.94433586124,25102.34987966974,1003
1775812500,25212.75,25274.75,25211.25,25237.75,,,,25242.8,25248.955,0,0,25228.862262271592,25238.81731188861,25229.381975803226,25060.350500470246,25178.503694206043,25253.65063417478,25103.356754237306,4921
1775813400,25237.5,25242.5,25221.75,25236.75,,,,25241.075,25248.98,0,0,25230.439809817275,25238.629374444194,25229.67091792859,25062.10571937104,25178.713795033844,25253.794419018297,25103.63317104939,1397
1775814300,25237.5,25262,25235,25259,,,,25240.5625,25249.365,0,0,25236.15184785382,25240.481249494722,25230.821078009823,25064.064866441975,25179.112028066334,25254.181960913076,25104.042095219593,2004
1775815200,25258.5,25268.25,25240.5,25245.75,,,,25239.0125,25249.29,0,0,25238.071478283055,25240.960226813382,25231.40652593101,25065.872678716183,25179.379161837664,25254.43889823793,25104.319425437396,1366
1775816100,25244.5,25282,25243.5,25270.5,,,,25239.075,25249.805,0,0,25244.557182626442,25243.64566073944,25232.93960334548,25067.908771465274,25179.754391462382,25254.864183965434,25104.64459895933,1623
1775817000,25271.25,25274.25,25255.5,25266.25,,,,25238.95,25250.085,0,0,25248.895746101152,25245.70060067222,25234.245893410363,25069.882316027808,25180.11563298497,25255.271814141153,25104.959451828785,1576
1775817900,25266.75,25283.75,25264.5,25271.25,,,,25239.3625,25251.185,0,0,25253.366596880922,25248.023273338382,25235.697034845252,25071.885974574794,25180.42786060356,25255.650557407364,25105.205163799754,1257
1775818800,25272,25293,25270,25282.25,,,,25241,25252.315,0,0,25259.143277504736,25251.134793943984,25237.52264132191,25073.979148957136,25180.96405479969,25256.34674881824,25105.58136078114,1993
1775819700,25282.25,25299.25,25280.25,25292.25,,,,25243.725,25254.025,0,0,25265.76462200379,25254.872539949076,25239.668812250464,25076.150998221245,25181.34172223546,25256.868073037007,25105.81537143391,1302
1775820600,25291.25,25302.25,25279.25,25281.25,,,,25246.25,25255.4,0,0,25268.86169760303,25257.270490862797,25241.29944706417,25078.191784308594,25181.81276525121,25257.501346503832,25106.124183998585,1683
1775821500,25280.75,25289.5,25261.75,25268.75,,,,25248.275,25256.58,0,0,25268.839358082427,25258.31408260254,25242.375939336165,25080.087885957266,25182.23347388811,25258.001233709423,25106.4657140668,1753
1775822400,25269.25,25283,25263.75,25281.75,,,,25250.8125,25257.925,0,0,25271.42148646594,25260.444620547765,25243.92002014651,25082.094474156696,25182.5892851545,25258.433228945432,25106.745341363567,1450
1775823300,25281,25386,25273.75,25336.25,,,,25255.3125,25260.17,0,0,25284.387189172754,25267.336018679787,25247.540803670177,25084.623384861607,25183.77801620252,25260.476997994465,25107.079034410574,3070
1775824200,25324.5,25371.75,25291.75,25312.5,,,,25259.175,25262.13,0,0,25290.009751338202,25271.44183516344,25250.08822313409,25086.890813867958,25185.72239375661,25263.654325886993,25107.790461626224,5374
1775825100,25313,25326.5,25298.75,25304.5,,,,25262.3,25263.53,0,0,25292.907801070563,25274.447122875856,25252.222018305303,25089.05607940161,25186.739009275767,25265.153902777147,25108.324115774387,3229
1775826000,25304,25322.25,25295.5,25318.75,,,,25267.3625,25264.975,0,0,25298.07624085645,25278.47465715987,25254.83095876392,25091.341591049353,25187.72359067549,25266.610549619392,25108.83663173159,3121
1775826900,25319.25,25319.25,25292,25315.25,,,,25271.75,25265.87,0,0,25301.510992685162,25281.817870145336,25257.20033293004,25093.56953541702,25189.18998081812,25268.7088247263,25109.67113690994,4873
1775827800,25315.25,25369.25,25290.5,25324.5,,,,25276.3625,25267.175,0,0,25306.10879414813,25285.698063768486,25259.839535560233,25095.86735098501,25198.99397596158,25283.507301240505,25114.480650682657,30566
1775828700,25324.5,25355,25301,25320.5,,,,25281.9125,25268,0,0,25308.987035318503,25288.86187615317,25262.21837730297,25098.102501721478,25203.782250783595,25290.124449307565,25117.440052259626,17035
1775829600,25319,25327.5,25268,25322.75,,,,25287.425,25268.605,0,0,25311.739628254803,25291.9426146847,25264.59216642834,25100.33780021181,25208.101753191248,25295.069749062215,25121.13375732028,19841
1775830500,25322.5,25353,25312.25,25340.5,,,,25292.5625,25269.715,0,0,25317.491702603842,25296.356922440635,25267.568944215465,25102.727473841544,25211.50259793698,25299.718119554203,25123.287076319753,12914
1775831400,25341.5,25373.75,25306.25,25319.75,,,,25296.7125,25270.665,0,0,25317.943362083075,25298.483565855124,25269.615260128583,25104.886901962524,25333.25,25333.25,25333.25,18127
1775832300,25321.25,25358,25311,25352.5,,,,25301.3875,25272.475,0,0,25324.85468966646,25303.394150777385,25272.865642084325,25107.350713883294,25336.46348823638,25340.065054989638,25332.86192148312,14431
1775833200,25352.5,25371.75,25328.25,25369.75,,,,25307.5875,25274.4,0,0,25333.833751733167,25309.426500706715,25276.665028669253,25109.96165205361,25342.101706312358,25351.640411142635,25332.56300148208,12676
1775834100,25368.75,25393,25344.25,25348,,,,25311.4625,25275.9,0,0,25336.667001386533,25312.93318246065,25279.46247852536,25112.3301928292,25347.07218726604,25358.943391236302,25335.200983295777,15318
1775835000,25348.25,25357.5,25286.25,25303.5,,,,25313.325,25276.235,0,0,25330.033601109226,25312.07562041877,25280.40512642633,25114.232379965226,25340.487782980515,25357.046295875654,25323.929270085377,16117
1775835900,25303.5,25314.5,25244.75,25264.5,,,,25312.9875,25276.08,0,0,25316.926880887382,25307.750564017064,25279.781395978236,25115.727580164577,25329.3452604161,25358.29372792814,25300.39679290406,15600
1775836800,25264.5,25300.5,25248.25,25293.25,,,,25313.5375,25276.12,0,0,25312.191504709906,25306.432330924603,25280.30957652811,25117.493972401746,25323.10320039808,25354.653899091445,25291.552501704715,13572
1775837700,25293.25,25301.5,25270.5,25275.75,,,,25312.7125,25275.8,0,0,25304.903203767924,25303.643028113274,25280.13076960544,25119.06865924352,25319.973597064803,25352.154005735476,25287.79318839413,8859
1775838600,25275.75,25284,25222.25,25227.25,,,,25310.0125,25274.77,0,0,25289.372563014338,25296.698207375703,25278.05701393464,25120.14509049483,25313.33112359431,25350.76968331686,25275.892563871763,11069
1775839500,25227.75,25271.75,25225.25,25264.5,,,,25309.8,25274.52,0,0,25284.39805041147,25293.771097614273,25277.52536632936,25121.581457753586,25308.873439128143,25348.141534151182,25269.605344105104,10186
1775840400,25265.5,25266.25,25227.75,25248,,,,25308.1125,25274.055,0,0,25277.118440329177,25289.61008874025,25276.367508826246,25122.839353696338,25305.11789924788,25345.92101949875,25264.314778997013,8836
1775841300,25248.25,25256.75,25228,25233.5,,,,25302.975,25273.34,0,0,25268.394752263343,25284.509171582045,25274.686430048747,25123.940454654585,25302.00555131554,25344.20537250727,25259.805730123808,7200
1775842200,25232.75,25257.25,25223.25,25253.25,,,,25300.0125,25272.87,0,0,25265.365801810673,25281.66742871095,25273.84578573311,25125.227116797327,25299.447019510222,25342.363777407467,25256.530261612977,7088
1775843100,25253.5,25276,25248.75,25272,,,,25298.3875,25272.925,0,0,25266.69264144854,25280.788571555408,25273.77340197887,25126.68754349586,25298.12886403821,25340.708831341748,25255.548896734676,6443
1775844000,25271.75,25274,25240.25,25254.75,,,,25295.1875,25272.645,0,0,25264.304113158832,25278.421428686735,25273.02738621499,25127.96179679441,25296.16933753301,25338.667699541966,25253.670975524055,8142
1775844900,25254.5,25281.25,25254.5,25267.5,,,,25292.8,25272.735,0,0,25264.943290527066,25277.428571533397,25272.810625971266,25129.350236627302,25294.860817229343,25336.794413712705,25252.92722074598,8382
1775845800,25267,25271,25238.5,25246.75,,,,25288.9125,25272.68,0,0,25261.304632421652,25274.63961048491,25271.78864063906,25130.51839347678,25293.16081953089,25335.09383080189,25251.227808259893,7534
1775846700,25246.5,25263,25243.25,25260.75,,,,25285.925,25273.14,0,0,25261.193705937323,25273.376918622645,25271.35575277086,25131.81423035761,25292.20298894885,25334.01749957669,25250.388478321012,4970
1775847600,25261.25,25294.25,25259,25293.5,,,,25284.4625,25274.395,0,0,25267.654964749858,25275.20628965695,25272.224154622985,25133.42304398589,25291.80417400614,25332.818846447008,25250.789501565276,8121
1775848500,25293.25,25302,25283.75,25294.5,,,,25282.1625,25275.72,0,0,25273.023971799885,25276.9602633245,25273.09771718679,25135.025799767125,25291.859671502414,25332.16343089119,25251.55591211364,7224
1775849400,25295.25,25295.25,25259.5,25277,,,,25280.025,25276.64,0,0,25273.81917743991,25276.963875749545,25273.250747885348,25136.438478376407,25291.31656452552,25330.960564074798,25251.672564976245,8104
1775850300,25277,25290.25,25261.25,25284.25,,,,25276.6125,25277.4,0,0,25275.905341951926,25277.626250681406,25273.68209110553,25137.909239785597,25290.21097355277,25328.2640997343,25252.15784737124,20728
1775851200,25284.25,25302.25,25276.75,25295.5,,,,25272.9,25278.605,0,0,25279.824273561542,25279.251136983097,25274.5376953759,25139.477307051413,25290.248956533516,25327.73787995569,25252.760033111343,7248
1775852100,25296,25310.5,25295,25305.25,,,,25270.7625,25279.87,0,0,25284.909418849234,25281.614669984632,25275.742099478808,25141.12678658324,25290.355702532663,25327.713172188774,25252.99823287655,1985
1775853000,25305,25321,25301,25319.5,,,,25271.5625,25281.91,0,0,25291.82753507939,25285.05879089512,25277.45809557768,25142.901644428184,25290.512111597618,25327.79388686942,25253.230336325818,1663
1775853900,25319.25,25338,25308.75,25333,,,,25274.9875,25284.02,0,0,25300.062028063512,25289.417082631928,25279.636209476594,25144.79317035427,25290.76280350346,25328.03545815156,25253.490148855362,1747
1776031200,24980,25019.25,24904.5,25000.75,,,,25260.3625,25279.39,0,0,25240.19962245081,25263.17462057448,25268.69949537947,25143.359904977613,25277.90888896097,25350.216806807173,25205.600971114767,10661
1776032100,25001.5,25001.5,24942.5,24954,,,,25244.275,25274.28,0,0,25182.95969796065,25235.06783688589,25256.358338697923,25141.475726818633,25272.449585800216,25354.971846536988,25189.927325063443,4668
1776033000,24954.75,24965.5,24928.25,24941.75,,,,25230,25268.865,0,0,25134.71775836852,25208.402578987174,25244.0207567882,25139.48840615377,25267.258893702383,25358.76736336492,25175.750424039845,4298
1776033900,24943.5,24961.25,24939,24956.25,,,,25214.5875,25263.235,0,0,25099.024206694816,25185.479617261066,25232.735629071016,25137.665138430846,25265.108692584807,25359.921904690807,25170.295480478806,1862
1776034800,24957.25,24958.25,24929.5,24945.75,,,,25199.475,25257.415,0,0,25068.36936535585,25163.686015691877,25221.481290676074,25135.755535063374,25262.824438626423,25361.07224199083,25164.576635262016,1958
1776035700,24946.5,24954.25,24934,24944.5,,,,25185.025,25251.125,0,0,25043.59549228468,25143.760014265343,25210.619279277013,25133.852494913488,25261.56817654627,25361.634162805512,25161.502190287025,1088
1776036600,24945,24945.5,24928.25,24936,,,,25169.1625,25244.93,0,0,25022.076393827745,25124.872740241222,25199.849895775955,25131.88381337206,25260.378172859204,25362.171360807017,25158.58498491139,1014
1776037500,24935.5,24989.25,24922,24984,,,,25154.7625,25239.2,0,0,25014.461115062197,25112.06612749202,25191.38519398082,25130.41233264199,25257.082989339764,25362.952805881498,25151.21317279803,3125
1776038400,24984,25009.5,24950,25006,,,,25142.325,25233.995,0,0,25012.768892049757,25102.423752265473,25184.11518637373,25129.17439898386,25253.263431473315,25363.082832099757,25143.444030846873,4040
1776039300,25005.25,25009.5,24990.75,24996.5,,,,25128.775,25228.5,0,0,25009.515113639805,25092.79432024134,25176.75772808456,25127.85425571039,25250.707271658623,25362.87996419697,25138.534579120274,2884
1776040200,24996,25024.5,24988.5,25011.75,,,,25117.025,25223.09,0,0,25009.962090911846,25085.426654764855,25170.286836787127,25126.698989484416,25248.635703246367,25362.535575861028,25134.735830631707,2473
1776041100,25012.25,25056,25010.75,25055,,,,25106.7375,25218.345,0,0,25018.969672729476,25082.660595240777,25165.765784364103,25125.985566703475,25246.871031548915,25361.880484641566,25131.861578456264,2476
1776042000,25055.5,25083.25,25052,25073,,,,25095.7125,25214.18,0,0,25029.77573818358,25081.782359309796,25162.127910467472,25125.458347134285,25244.865418701633,25360.751402701604,25128.97943470166,3337
1776042900,25072,25078,25060.75,25073.75,,,,25084.675,25210.28,0,0,25038.570590546864,25081.05214482709,25158.662110056983,25124.943836217524,25244.080900971367,25360.29164949765,25127.870152445084,1337
1776043800,25072.5,25086,25059,25063,,,,25073.975,25205.905,0,0,25043.45647243749,25079.4110407519,25154.91065476063,25124.327479638247,25242.99126101796,25359.65296224116,25126.329559794758,1861
1776044700,25062.25,25093.75,25059.5,25083,,,,25063.9125,25200.84,0,0,25051.365177949992,25079.737309774453,25152.090629083745,25123.916260935377,25242.10783738688,25359.07390625636,25125.141768517402,1614
1776045600,25083.25,25085.5,25057.25,25062.25,,,,25052.25,25195.835,0,0,25053.542142359995,25078.147554340412,25148.567467158893,25123.302666299205,25241.29280107027,25358.586716806058,25123.998885334484,1414
1776046500,25063.25,25071.25,25056.5,25061.5,,,,25040.0625,25190.975,0,0,25055.133713887997,25076.634140309467,25145.153056682073,25122.68771439573,25240.686025255356,25358.23935052305,25123.132699987662,1030
1776047400,25062,25068.5,25056.5,25065.5,,,,25027.3625,25185.91,0,0,25057.206971110398,25075.62194573588,25142.029407400423,25122.118682411696,25240.285713814537,25358.007135958884,25122.56429167019,685
1776048300,25065.75,25082.5,25063.75,25077.25,,,,25014.575,25181.15,0,0,25061.215576888317,25075.76995066898,25139.48903848276,25121.672227860334,25239.737999671263,25357.649203494024,25121.8267958485,1005
1776049200,25077.75,25084.25,25054,25055.5,,,,25017.3125,25175.77,0,0,25060.072461510652,25073.92722788089,25136.195350699123,25121.013797732372,25239.03777327033,25357.23095632203,25120.844590218632,1221
1776050100,25055,25077.5,25054,25072,,,,25023.2125,25170.8,0,0,25062.45796920852,25073.752025346264,25133.677885965822,25120.52609825245,25238.533086699044,25356.91635365945,25120.14981973864,903
1776051000,25071.25,25074,25056.75,25068.5,,,,25029.55,25165.715,0,0,25063.666375366818,25073.274568496603,25131.12189043775,25120.008425633023,25238.1099125415,25356.654406466212,25119.565418616785,755
1776051900,25069.5,25070,25057.25,25059.75,,,,25034.725,25160.1,0,0,25062.883100293453,25072.04506226964,25128.322992773523,25119.408839308315,25237.835011596646,25356.490248024642,25119.17977516865,481
1776052800,25059.75,25066.5,25049.5,25063.5,,,,25040.6125,25154.975,0,0,25063.006480234762,25071.268238426946,25125.780914625542,25118.852532449524,25237.185711370123,25356.109483543125,25118.26193919712,1126
1776053700,25064,25076,25059,25070.75,,,,25046.925,25149.34,0,0,25064.55518418781,25071.22112584268,25123.622839542186,25118.373900285846,25236.72869692808,25355.814265874647,25117.64312798151,839
1776054600,25071.75,25076.25,25064,25067.5,,,,25053.5,25143.295,0,0,25065.14414735025,25070.882841675164,25121.421943873866,25117.8676923228,25236.368031891965,25355.578378778166,25117.157685005765,668
1776055500,25067.25,25096,25063.25,25081,,,,25058.35,25137.955,0,0,25068.3153178802,25071.802583341057,25119.836769604302,25117.500849613123,25235.82027933762,25355.17942011478,25116.46113856046,1091
1776056400,25081,25083.5,25064.25,25067.75,,,,25061.4375,25133.24,0,0,25068.20225430416,25071.434166673687,25117.79415118845,25117.00581628364,25235.36375751634,25354.86940046557,25115.858114567112,869
1776057300,25069.25,25089.25,25059.25,25078.5,,,,25065.5375,25129.52,0,0,25070.26180344333,25072.076515157896,25116.25320408302,25116.622673833055,25234.928044207736,25354.56092206103,25115.29516635444,854
1776058200,25079.75,25080,25064,25071.5,,,,25068.525,25125.085,0,0,25070.509442754665,25072.024104688997,25114.49817647192,25116.17369200387,25234.407092661586,25354.202766759314,25114.611418563858,1003
1776059100,25071.75,25085,25070,25079.75,,,,25069.7625,25121.165,0,0,25072.357554203732,25072.726458808178,25113.135502884787,25115.811267207813,25234.083525073456,25353.965508722515,25114.201541424398,652
1776060000,25080,25092.5,25078,25088,,,,25070.5125,25118.38,0,0,25075.486043362987,25074.11496255289,25112.149796889305,25115.53453818087,25233.498714300327,25353.50300926314,25113.494419337516,1249
1776060900,25088.25,25119,25087.5,25108.5,,,,25072.25,25115.26,0,0,25082.08883469039,25077.24087504808,25112.00666759953,25115.464542776084,25232.761050351175,25352.813557609385,25112.708543092966,1824
1776061800,25109.75,25114.25,25097.5,25101.5,,,,25074.175,25112.33,0,0,25085.97106775231,25079.446250043708,25111.594641419157,25115.325592101697,25232.40415885958,25352.479987142167,25112.32833057699,886
1776062700,25102.25,25115.5,25099.75,25115.5,,,,25075.8,25109.97,0,0,25091.876854201848,25082.7238636761,25111.747792736052,25115.32732750367,25232.074954927033,25352.155981366108,25111.99392848796,861
1776063600,25115.5,25128.25,25108.75,25114.25,,,,25078.4,25107.19,0,0,25096.35148336148,25085.58987606918,25111.84591851111,25115.316607827015,25231.473433189476,25351.526891337347,25111.419975041605,1680
1776064500,25112.5,25121.5,25088,25109.75,,,,25080.8125,25103.945,0,0,25099.031186689183,25087.78625097198,25111.76372562832,25115.26121869441,25230.789148698314,25350.86860141559,25110.709695981037,1767
1776065400,25110.5,25117,25100.25,25111.5,,,,25083.1125,25101.08,0,0,25101.524949351347,25089.942046338165,25111.753383446816,25115.223793632773,25230.443330770435,25350.525514244393,25110.361147296477,924
1776066300,25111.5,25112.5,25093,25101.5,,,,25084.325,25097.76,0,0,25101.519959481077,25090.99276939833,25111.351289978313,25115.087238472246,25230.085934492956,25350.19072827326,25109.98114071265,906
1776067200,25101,25130.25,25099.75,25112,,,,25087.15,25095.065,0,0,25103.61596758486,25092.902517634844,25111.376729587006,25115.05651968148,25229.413551466238,25349.493572346877,25109.333530585598,1892
1776068100,25111.25,25121.75,25104,25118.5,,,,25089.475,25092.22,0,0,25106.59277406789,25095.229561486223,25111.65607352477,25115.090783167234,25228.72374462918,25348.76992928367,25108.67755997469,1977
1776069000,25118.25,25123,25089.75,25103,,,,25091.2,25088.41,0,0,25105.87421925431,25095.935964987475,25111.316619661055,25114.970476867064,25227.74491251426,25347.814663976693,25107.675161051826,2626
1776069900,25103.25,25110.75,25096.5,25097.75,,,,25093.1,25084.475,0,0,25104.249375403448,25096.100877261342,25110.78459536062,25114.799128838535,25227.270562096804,25347.362546189186,25107.178578004423,1251
1776070800,25098,25128.25,25097.75,25109.75,,,,25095.4125,25081.13,0,0,25105.349500322758,25097.34170660122,25110.744022993535,25114.74888875059,25226.609664415006,25346.673216144874,25106.546112685137,1916
1776071700,25110,25129.5,25107.5,25122,,,,25097.975,25077.885,0,0,25108.679600258205,25099.583369637472,25111.18543385653,25114.82103911128,25226.32899171192,25346.35965740981,25106.298326014028,880
1776072600,25122,25133,25115.75,25119.5,,,,25100.575,25074.365,0,0,25110.843680206563,25101.393972397702,25111.511495273924,25114.867595936044,25226.049870317984,25346.03890903082,25106.060831605148,906
1776073500,25119,25122.25,25108,25116,,,,25102.325,25070.58,0,0,25111.87494416525,25102.72179308882,25111.687515067104,25114.878863638172,25225.792485308702,25345.76032858731,25105.824642030097,784
1776074400,25116.5,25123.75,25112.75,25120.25,,,,25104.95,25066.595,0,0,25113.5499553322,25104.31526644438,25112.02329878996,25114.932307781077,25225.478483202354,25345.40954422953,25105.54742217518,993
1776075300,25118.75,25119.75,25109.5,25119,,,,25106.975,25062.315,0,0,25114.63996426576,25105.650242222164,25112.296894915846,25114.97278233052,25225.23465731236,25345.143016808965,25105.326297815758,755
1776076200,25120.75,25125.25,25112,25119,,,,25109.35,25064.68,0,0,25115.51197141261,25106.863856565604,25112.55976178189,25115.012854148124,25224.954988158715,25344.82973449301,25105.08024182442,892
1776077100,25118.75,25164.25,25115.5,25156.75,,,,25113.2,25068.735,0,0,25123.759577130088,25111.398960514187,25114.29271230025,25115.428149131727,25224.44985747192,25344.109702921007,25104.79001202283,2173
1776078000,25156.5,25194.75,25155.75,25162.25,,,,25116.9125,25073.145,0,0,25131.45766170407,25116.021782285625,25116.17339024926,25115.894038195092,25223.874271747714,25343.0170802294,25104.731463266027,3715
1776078900,25162.25,25163.25,25134.5,25139,,,,25118.4375,25076.8,0,0,25132.966129363256,25118.11071116875,25117.068551415956,25116.123948262804,25223.340913337295,25342.25171066975,25104.43011600484,2370
1776079800,25138,25141.5,25104,25122.75,,,,25119.5,25080.34,0,0,25130.922903490606,25118.532464698863,25117.291353321212,25116.18987912586,25222.440830555788,25341.196822629452,25103.684838482124,3141
1776080700,25124,25129.25,25084.5,25089.25,,,,25118.1875,25083.235,0,0,25122.588322792486,25115.87042245351,25116.191692406654,25115.921820627096,25221.18634301679,25339.963755199733,25102.408930833848,3664
1776081600,25090.25,25119,25073.5,25116,,,,25118.275,25086.835,0,0,25121.27065823399,25115.882202230463,25116.184175057373,25115.922598531302,25219.75601848112,25338.519698001197,25100.99233896104,4339
1776082500,25116.5,25129,25112.5,25124.75,,,,25119.025,25089.65,0,0,25121.96652658719,25116.688365664057,25116.520089761005,25116.010433371786,25219.280365309456,25337.94946434715,25100.61126627176,1757
1776083400,25125.75,25152.5,25120.25,25148.25,,,,25120.8625,25092.495,0,0,25127.223221269753,25119.55760514914,25117.764399966454,25116.33122507953,25218.562020453915,25336.927614508564,25100.196426399267,3313
1776084300,25148.5,25179.5,25147.75,25168.75,,,,25124.225,25095.94,0,0,25135.5285770158,25124.02964104467,25119.76383526189,25116.852804929487,25217.964450430925,25335.79728628351,25100.131614578342,4134
1776085200,25168.25,25181.25,25156.5,25179,,,,25127.575,25099.285,0,0,25144.22286161264,25129.026946404247,25122.086822114365,25117.47118497994,25217.47078049125,25334.76085645993,25100.180704522572,4020
1776086100,25178.75,25217.5,25166.75,25215.25,,,,25132.4125,25102.49,1,0,25158.428289290114,25136.86540582204,25125.740280070662,25118.444108512478,25217.15794278838,25333.426479728063,25100.8894058487,6722
1776087000,25215.75,25238.25,25174,25182,,,,25136.3625,25104.67,0,0,25163.142631432092,25140.96855074731,25127.946543597303,25119.076505442703,25215.803426131104,25327.974790130014,25103.632062132194,28969
1776087900,25182.25,25310,25160,25308,,,,25146.875,25109.355,0,0,25192.114105145673,25156.1532279521,25135.007463456233,25120.956341209443,25219.225964593305,25327.53289735357,25110.91903183304,34812
1776088800,25306.75,25333,25275.75,25281.5,,,,25155.4625,25113.725,0,0,25209.99128411654,25167.548389047366,25140.75226881089,25122.553790550643,25223.164349196886,25330.04873357984,25116.279964813933,23697
1776089700,25282.25,25299.75,25245.5,25296.25,,,,25164.175,25117.99,0,0,25227.243027293232,25179.248535497605,25146.850219053602,25124.282111042678,25225.43287527479,25330.776044708742,25120.089705840837,19216
1776090600,25296.25,25319.25,25277,25316,,,,25174,25123.065,0,0,25244.994421834585,25191.680486816003,25153.4835437966,25126.18975172882,25304.08333333333,25304.083678600313,25304.082988066344,12542
1776091500,25316.25,25360.75,25293,25351.75,,,,25185.7875,25128.87,0,0,25266.345537467667,25206.23226074182,25161.25869894183,25128.434132308634,25321.5184673015,25336.944360609876,25306.092573993123,16022
1776092400,25352,25352.75,25306.25,25331,,,,25196.325,25134.18,0,0,25279.276429974132,25217.574782492564,25167.915220551953,25130.44971308168,25324.531106796992,25337.56610839594,25311.496105198046,15735
1776093300,25332,25340,25310.5,25312.25,,,,25205.9875,25138.88,0,0,25285.871143979304,25226.181620447784,25173.575407981287,25132.25867116047,25323.94980014776,25335.964282866946,25311.93531742857,8490
1776094200,25313,25355,25296.5,25320,,,,25216.0375,25144.17,0,0,25292.696915183442,25234.71056404344,25179.317548844767,25134.126744084246,25323.927075392105,25334.70599428266,25313.14815650155,12797
1776095100,25320.5,25328,25297.75,25309.5,,,,25223.675,25148.92,0,0,25296.057532146755,25241.50960367585,25184.42274300772,25135.871751605795,25322.804837310592,25333.66226081056,25311.947413810623,6658
1776096000,25309,25344.25,25282.5,25314.5,,,,25231.2875,25153.84,0,0,25299.746025717403,25248.145094250773,25189.523811909377,25137.649147112206,25321.360909443472,25331.85257074633,25310.869248140614,13706
1776096900,25314.25,25396.5,25305,25385,,,,25243.5875,25160.345,0,0,25316.796820573923,25260.586449318886,25197.189544775676,25140.110349628503,25327.476405016714,25344.96143676639,25309.99137326704,15152
1776097800,25385.25,25423.5,25345.25,25380.5,,,,25256.475,25166.685,0,0,25329.53745645914,25271.487681198985,25204.37819007859,25142.50228644812,25337.502612675427,25364.10344191889,25310.901783431964,22239
1776098700,25381,25435,25373.25,25410.75,,,,25272.55,25173.485,0,0,25345.779965167312,25284.147891999077,25212.471202232373,25145.17141792625,25344.454065443606,25377.108185170513,25311.7999457167,13856
1776099600,25411,25422.25,25396.75,25413.5,,,,25287.425,25180.405,0,0,25359.32397213385,25295.907174544616,25220.35468449777,25147.841354066288,25347.908146661324,25382.95319170174,25312.863101620907,7531
1776100500,25413.5,25439.5,25410.75,25430,,,,25302.6875,25187.385,0,0,25373.459177707082,25308.097431404196,25228.57606941943,25150.648902782046,25352.343887751376,25390.93279662008,25313.754978882673,8628
1776101400,25429.5,25438.5,25416.25,25420,,,,25316.275,25194.43,0,0,25382.767342165665,25318.270392185634,25236.08289022651,25153.329013202125,25355.527908533,25396.08289536989,25314.97292169611,7037
1776102300,25420.25,25420.25,25398.75,25404,,,,25328.0375,25200.94,0,0,25387.013873732532,25326.06399289603,25242.66787492351,25155.82325187673,25357.862058046972,25398.93915713017,25316.784958963774,7517
1776103200,25404.5,25425.25,25404,25416.5,,,,25339.9125,25207.84,0,0,25392.911098986027,25334.2854480873,25249.484821004942,25158.41705036552,25359.55116800191,25401.165421332706,25317.936914671118,5092
1776104100,25416.75,25418.25,25396,25399.75,,,,25349.1375,25214.24,0,0,25394.278879188823,25340.236770988453,25255.377573122394,25160.818373247454,25361.027321166985,25402.734667075267,25319.319975258702,5852
1776105000,25399.25,25426.5,25397,25423.5,,,,25361.2125,25220.95,0,0,25400.12310335106,25347.806155444046,25261.970609470536,25163.43212077733,25362.492730557235,25404.573265177118,25320.41219593735,4929
1776105900,25423.75,25454.5,25423.5,25445.25,,,,25368.075,25227.685,0,0,25409.14848268085,25356.664686767315,25269.15803655012,25166.236278779543,25366.643979257715,25411.21138241348,25322.07657610195,10249
1776106800,25445.5,25454,25431,25437.25,,,,25375.8625,25234.4,0,0,25414.76878614468,25363.990624333925,25275.74987825404,25168.932932722037,25368.951154375573,25414.66840537314,25323.233903378004,6235
1776107700,25437.75,25461.25,25435,25458.75,,,,25383.9875,25241.265,0,0,25423.565028915742,25372.60511303084,25282.926353616625,25171.81668463525,25371.448229467813,25418.64231872044,25324.254140215187,6234
1776108600,25458.5,25485.25,25450.75,25465.5,,,,25391.4625,25248.29,0,0,25431.952023132595,25381.05010275531,25290.08610445519,25174.73890667868,25375.917010596422,25426.226773846323,25325.60724734652,10113
1776109500,25465.75,25550.25,25456.25,25538.25,,,,25400.7875,25256.86,0,0,25453.211618506077,25395.34100250483,25299.818021927535,25178.355932482875,25393.209444091874,25458.942274419653,25327.476613764095,30777
1776110400,25537.75,25559.75,25533.5,25555.25,,,,25412,25265.735,0,0,25473.619294804863,25409.878184095298,25309.834962244102,25182.106122209414,25400.03759894289,25471.819117423507,25328.256080462274,11302
1776111300,25555.25,25563.75,25547.5,25551.5,,,,25423.9625,25274.735,0,0,25489.19543584389,25422.75289463209,25319.312022548256,25185.781683182453,25401.703449985594,25474.85429659653,25328.552603374657,2825
1776112200,25551.5,25581.25,25549.75,25569.75,,,,25436.45,25283.89,0,0,25505.306348675113,25436.116267847352,25329.133119703227,25189.602263449295,25403.287075189324,25477.844990229103,25328.729160149545,2531
1776113100,25569.5,25599.25,25569,25585.5,,,,25450.25,25293.23,0,0,25521.34507894009,25449.696607133956,25339.18672285212,25193.54154441,25404.94299730189,25481.13735029212,25328.748644311658,2434
1776117600,25575.25,25597.25,25564.25,25585.75,,,,25463.8125,25302.885,0,0,25534.22606315207,25462.065097394505,25348.855870975563,25197.444116107414,25406.426952703452,25484.003989623536,25328.84991578337,2247
1776118500,25585.5,25591,25580.5,25581.25,,,,25473.625,25312.555,0,0,25543.630850521655,25472.90008854046,25357.969366231424,25201.263080126246,25406.987638177903,25485.08123200108,25328.894044354725,850
1776119400,25581.25,25597.5,25577.5,25587.25,,,,25483.9625,25322.105,0,0,25552.354680417324,25483.29553503678,25366.960763634113,25205.103745995635,25407.835648549826,25486.71677875757,25328.95451834208,1273
1776120300,25586.5,25597.5,25579.5,25594,,,,25493.125,25331.545,0,0,25560.68374433386,25493.359577306164,25375.864263099444,25208.97336046334,25408.514984459194,25488.02967854018,25329.000290378208,1012
1776121200,25593.75,25619.25,25587,25609,,,,25502.9,25341.335,0,0,25570.346995467087,25503.872343005605,25385.00684101711,25212.953725035844,25410.607354707226,25492.229665402123,25328.98504401233,2925
1776122100,25609,25613.75,25601,25601.25,,,,25511.4625,25351.04,0,0,25576.52759637367,25512.724857277823,25393.486964898795,25216.81736956285,25411.209246051032,25493.41904214349,25328.999449958574,852
1776123000,25601,25607.5,25595,25606,,,,25520.7625,25360.755,0,0,25582.422077098938,25521.20441570711,25401.82080941257,25220.689833547298,25412.1679613613,25495.27891822712,25329.057004495484,1386
1776123900,25605.5,25613,25583,25585.25,,,,25529.825,25370.08,0,0,25582.98766167915,25527.02674155192,25409.014111004235,25224.31729789011,25413.309765550734,25497.393200413302,25329.226330688165,1753
1776124800,25585,25588.25,25560,25579.25,,,,25537.9625,25379.285,0,0,25582.24012934332,25531.774310501743,25415.690028219757,25227.84896656782,25414.684365133842,25499.72401551223,25329.644714755454,2378
1776125700,25579.25,25588.75,25566.25,25575.25,,,,25546.7375,25387.655,0,0,25580.842103474657,25535.726645910676,25421.94728201506,25231.305693268638,25415.635036195243,25501.323357080913,25329.946715309572,1659
1776126600,25574.75,25600,25574.25,25592.5,,,,25555.1875,25396.26,0,0,25583.173682779725,25540.887859918796,25428.635623896822,25234.899666469944,25416.6164997826,25503.045701870236,25330.187297694967,1611
1776127500,25592.25,25594.75,25582.25,25590.25,,,,25562.4375,25405.285,0,0,25584.58894622378,25545.375327198904,25434.973442567534,25238.435490684173,25417.052581097665,25503.805900942087,25330.299261253243,721
1776128400,25590.75,25591.25,25571.25,25588,,,,25569.975,25414.59,0,0,25585.271156979023,25549.25029745355,25440.974484035472,25241.913744508212,25417.62788365095,25504.78034830989,25330.475418992006,989
1776129300,25588.5,25593.5,25580.25,25585.5,,,,25576.3125,25424.515,0,0,25585.316925583218,25552.54572495777,25446.6421513282,25245.332513219575,25418.036859588934,25505.4783333334,25330.595385844466,695
1776130200,25584,25588.5,25572.75,25585.75,,,,25582.325,25433.91,0,0,25585.403540466574,25555.564295416156,25452.097361080036,25248.71975189401,25418.591165024925,25506.403341281424,25330.778988768427,971
1776131100,25585,25588.25,25578,25581.25,,,,25584.475,25443.04,0,0,25584.57283237326,25557.899359469233,25457.162170449446,25252.02851058163,25418.925923389525,25506.959937342115,25330.891909436934,589
1776132000,25582,25596.75,25575.75,25595.25,,,,25586.475,25451.98,0,0,25586.708265898607,25561.294872244758,25462.577379451428,25255.443649779823,25419.424692557415,25507.81019212331,25331.03919299152,847
1776132900,25594.5,25597.75,25582.25,25590.75,,,,25588.4375,25460.42,0,0,25587.516612718886,25563.972611131598,25467.603756727844,25258.780031374055,25419.803017079303,25508.455031622754,25331.15100253585,642
1776133800,25590.5,25596.75,25582.5,25593.75,,,,25589.6375,25468.715,0,0,25588.76329017511,25566.67964648327,25472.550668228712,25262.113065887745,25420.178975013852,25509.095464002938,25331.262486024767,638
1776134700,25594,25597,25589.5,25596.5,,,,25590.1875,25476.34,0,0,25590.31063214009,25569.390587712063,25477.41142633739,25265.44029906299,25420.518204116965,25509.679322721062,25331.357085512867,567
1776135600,25595.75,25595.75,25579.75,25583.5,,,,25590.075,25484.37,0,0,25588.94850571207,25570.67326155642,25481.57176255945,25268.605072206643,25420.921663845078,25510.348163688308,25331.495164001848,710
1776136500,25583.25,25586,25574.5,25578.5,,,,25589.9375,25489.78,0,0,25586.858804569656,25571.384783233112,25485.37286991006,25271.68860382648,25421.238197192473,25510.855722063254,25331.620672321693,583
1776137400,25578.25,25581.25,25575.25,25579.75,,,,25589.5625,25495.745,0,0,25585.437043655726,25572.145257484648,25489.073933835156,25274.753891350592,25421.4383467747,25511.174522787926,25331.702170761473,372
1776138300,25579.25,25586,25576.5,25582.75,,,,25589,25501.475,0,0,25584.89963492458,25573.109324986042,25492.74750505731,25277.8185292476,25421.667463411693,25511.543768119547,25331.79115870384,419
1776139200,25583,25585.75,25580.75,25581.5,,,,25587.625,25506.785,0,0,25584.219707939665,25573.872113623675,25496.227995055062,25280.840235424243,25421.777769540255,25511.721990216443,25331.833548864066,201
1776140100,25582,25592.75,25581.75,25588.75,,,,25587,25511.525,0,0,25585.12576635173,25575.224648748794,25499.85630897447,25283.90401417624,25422.19198483318,25512.404785769268,25331.979183897096,734
1776141000,25588,25590.75,25584,25586.25,,,,25586.0125,25516.63,0,0,25585.350613081384,25576.226953407993,25503.244296857825,25286.91243194563,25422.399060311443,25512.744003285152,25332.054117337735,370
1776141900,25587,25594.5,25586.75,25593.75,,,,25586.4375,25522.26,0,0,25587.030490465106,25577.81995764363,25506.793540118302,25289.965542075526,25422.60000412671,25513.079239105315,25332.120769148107,350
1776142800,25593.5,25596,25590,25594,,,,25587.175,25527.74,0,0,25588.424392372086,25579.29087058512,25510.213401290133,25292.990760562338,25422.772400677677,25513.36837099113,25332.176430364223,298
1776143700,25594.25,25598.25,25584.5,25593.5,,,,25588.0875,25533.42,0,0,25589.43951389767,25580.582609622834,25513.47954241601,25295.980902248284,25423.145052336902,25513.98843435828,25332.301670315523,651
1776144600,25593,25593,25571.5,25577.25,,,,25587.325,25538.675,0,0,25587.001611118136,25580.279645111666,25515.980344674208,25298.77959973835,25423.711491557853,25514.879946062876,25332.54303705283,1068
1776145500,25577.25,25582.25,25572,25574.25,,,,25586.525,25542.46,0,0,25584.45128889451,25579.73149555606,25518.26542919679,25301.52059874593,25423.96222249128,25515.26490529249,25332.659539690067,489
1776146400,25574.5,25580.75,25566.5,25573.5,,,,25585.8,25546.32,0,0,25582.26103111561,25579.164995960055,25520.431490796913,25304.226861444975,25424.48773492056,25516.05875879098,25332.91671105014,1048
1776147300,25573.25,25576.5,25564.5,25574.25,,,,25585.2375,25549.59,0,0,25580.65882489249,25578.718178145504,25522.542020569585,25306.913658843532,25424.939412872518,25516.731812061887,25333.14701368315,918
1776148200,25573.75,25593.25,25569.75,25586.5,,,,25585.275,25553.05,0,0,25581.82705991399,25579.42561649591,25525.05017662568,25309.69561248688,25425.612691214923,25517.786815138734,25333.438567291112,1279
1776149100,25586.5,25589.5,25575.75,25584.75,,,,25585.45,25556.145,0,0,25582.411647931192,25579.909651359918,25527.39134616977,25312.432472064127,25426.05588399546,25518.478281264415,25333.633486726507,847
1776150000,25586,25637.5,25581.5,25619.25,,,,25586.65,25560.13,0,0,25589.779318344954,25583.486046690836,25530.993646319974,25315.48538278986,25428.561230123007,25522.841280582747,25334.281179663267,4100
1776150900,25620,25631.5,25609.25,25621.75,,,,25588.2,25564.485,0,0,25596.17345467596,25586.96458790076,25534.552719013307,25318.53279191633,25429.628883478552,25524.726256922506,25334.531510034598,1706
1776151800,25622.75,25643.5,25616,25619.25,,,,25589.475,25568.54,0,0,25600.78876374077,25589.899625364327,25537.874181012787,25321.525002942035,25431.02619413114,25527.213667271477,25334.838720990803,2199
1776152700,25619,25627,25606.5,25618,,,,25590.55,25572.905,0,0,25604.231010992615,25592.45420487666,25541.016369992678,25324.47500291276,25431.59413256566,25528.181888696745,25335.006376434576,947
1776153600,25618.25,25637,25609.75,25633,,,,25593.025,25577.095,0,0,25609.98480879409,25596.14018625151,25544.623571169435,25327.54490338129,25432.66376818792,25530.056999688615,25335.27053668722,1712
1776154500,25632.5,25645,25619,25644.75,,,,25596.3375,25581.085,0,0,25616.937847035275,25600.559260228645,25548.55009779024,25330.701172999386,25433.57877562217,25531.70244967364,25335.455101570697,1409
1776155400,25643.75,25656.75,25634.75,25654,,,,25600.05,25585.42,0,0,25624.35027762822,25605.417509298768,25552.685388072976,25333.918076750637,25434.53496994274,25533.47945442196,25335.59048546352,1401
1776156300,25654.5,25665,25652.5,25662.5,,,,25604.0375,25589.495,0,0,25631.980222102575,25610.606826635245,25556.99184344266,25337.187548623766,25435.412213052263,25535.156576095178,25335.667850009348,1230
1776157200,25663,25674,25662.75,25669.5,,,,25608.4375,25593.575,0,0,25639.48417768206,25615.960751486586,25561.403928013537,25340.494140179748,25436.636917592044,25537.537807453285,25335.736027730803,1668
1776158100,25668.5,25673.25,25651.25,25652,,,,25611.6,25595.85,0,0,25641.98734214565,25619.237046805985,25564.95671515026,25343.59370097398,25437.548386220667,25539.238703240037,25335.8580692013,1309
1776159000,25651,25651.25,25639.75,25641.5,,,,25614.3625,25597.575,0,0,25641.889873716522,25621.260951641805,25567.958412595348,25346.55794275533,25438.418174678707,25540.772200942083,25336.06414841533,1349
1776159900,25642,25642.25,25631.75,25638.25,,,,25616.5875,25599.31,0,0,25641.161898973216,25622.80541058346,25570.714945434745,25349.460351285128,25439.089055552613,25541.91941162607,25336.258699479156,1084
1776160800,25638,25653.25,25627,25652.25,,,,25619.5,25600.96,0,0,25643.379519178572,25625.48219143951,25573.912398554952,25352.473183610648,25440.096273074072,25543.670844727065,25336.52170142108,1587
1776161700,25651.25,25655.5,25636,25648,,,,25622.225,25602.21,0,0,25644.30361534286,25627.52926494501,25576.81779469005,25355.413748947856,25440.84474450769,25544.973115706136,25336.716373309242,1176
1776162600,25648.5,25649.25,25622.75,25624.75,,,,25624.6,25602.99,0,0,25640.392892274285,25627.276604495462,25578.697489015933,25358.09371164489,25441.89716672544,25546.699035340946,25337.095298109936,1793
1776163500,25625.25,25639.5,25623.5,25625.75,,,,25627.175,25603.88,0,0,25637.46431381943,25627.137822268603,25580.542685525113,25360.75695829519,25442.455517405142,25547.599417923946,25337.311616886338,973
1776164400,25625,25645.75,25620,25639,,,,25630.45,25604.915,0,0,25637.771451055545,25628.216202062365,25582.83512923001,25363.525545774843,25443.196446990645,25548.81240676387,25337.58048721742,1264
1776165300,25639.25,25659.75,25638.25,25657,,,,25634.5875,25606.175,0,0,25641.617160844435,25630.832910965786,25585.743555534715,25366.44568959798,25444.140746433975,25550.443006141744,25337.838486726207,1494
1776166200,25655.75,25662.25,25650.25,25653.25,,,,25637.925,25607.06,0,0,25643.94372867555,25632.870828150713,25588.390867082373,25369.299463830834,25444.897140687746,25551.755889270116,25338.038392105376,1186
1776167100,25653.5,25698,25651.25,25666.75,,,,25642.025,25608.37,0,0,25648.504982940438,25635.950752864286,25591.46377425561,25372.259170658388,25447.585274013833,25556.61228348426,25338.558264543404,3965
1776168000,25667.5,25694,25666.25,25674.75,,,,25644.8,25609.745,0,0,25653.75398635235,25639.477957149353,25594.729900755392,25375.26902965681,25449.664595801663,25560.36802528193,25338.9611663214,3046
1776168900,25674,25701,25656.5,25694.5,,,,25648.4375,25611.93,0,0,25661.90318908188,25644.479961044864,25598.642453666944,25378.445457222413,25451.999542115154,25564.582156785065,25339.416927445243,3402
1776169800,25692.75,25723,25666.25,25679,,,,25651.425,25613.925,0,0,25665.322551265504,25647.618146404424,25601.79372999373,25381.43604968786,25455.811933052253,25571.405652064408,25340.2182140401,5572
1776170700,25679,25681.5,25660,25676.25,,,,25654.3375,25615.945,0,0,25667.508041012403,25650.22104218584,25604.713583719466,25384.36952183027,25457.568624606472,25574.321949905057,25340.815299307887,2835
1776171600,25675.5,25677.25,25665.25,25672.5,,,,25656.3125,25617.545,0,0,25668.50643280992,25652.246401987126,25607.371874553995,25387.23649176231,25459.01051781543,25576.680237764256,25341.340797866604,2372
1776172500,25672.25,25682.25,25651.75,25656.5,,,,25656.9,25618.87,0,0,25666.105146247937,25652.63309271557,25609.29846770874,25389.915730650246,25462.20423714523,25581.673043166287,25342.735431124172,5588
1776173400,25656.25,25754.75,25656,25748.5,,,,25661.625,25622.08,0,0,25682.58411699835,25661.348266105062,25614.757351328004,25393.483733330344,25485.138693622357,25620.720719013974,25349.55666823074,34976
1776174300,25748.25,25763.75,25717.25,25722.25,,,,25664.6125,25624.815,0,0,25690.51729359868,25666.88478736824,25618.97274931514,25396.75503946636,25497.100913752787,25639.716410262172,25354.485417243402,19798
1776175200,25721.5,25777,25712,25775,,,,25669.8875,25628.6,0,0,25707.413834878946,25676.713443062035,25625.091465028272,25400.518670914455,25508.11307434227,25657.0582687997,25359.167879884837,18427
1776176100,25775,25806.25,25765,25803.75,,,,25677.475,25633.05,0,0,25726.681067903155,25688.262220965487,25632.097682085987,25404.530922945156,25519.621830845346,25675.875299386713,25363.36836230398,18233
1776177000,25803.75,25817.75,25780.5,25786.25,,,,25684.7125,25636.87,0,0,25738.594854322524,25697.170200877717,25638.142871023792,25408.329122716845,25794.833333333332,25794.833333333332,25794.833333333332,15066
1776177900,25786.5,25820.25,25783.5,25806,,,,25693.1,25641.175,0,0,25752.07588345802,25707.063818979743,25644.725503532663,25412.286046868914,25798.63603864207,25802.82477773717,25794.447299546973,12417
1776178800,25805.75,25807,25762.5,25786,,,,25699.7875,25645.02,0,0,25758.860706766416,25714.23983543613,25650.265679864715,25416.00459366624,25794.283696196508,25801.463981802845,25787.10341059017,13120
1776179700,25785.75,25846,25782.75,25834,,,,25709.0875,25649.77,0,0,25773.888565413134,25725.12712312375,25657.470947321002,25420.163751938217,25801.893718701995,25815.369250920136,25788.418186483854,16243
1776180600,25833.5,25874,25832.5,25862.75,,,,25720.9875,25655.355,0,0,25791.660852330508,25737.638293748863,25665.52110624959,25424.567595202512,25812.29190512799,25836.90442346788,25787.6793867881,13396
1776181500,25863.5,25899.75,25862.5,25875.75,,,,25733.4875,25661.3,0,0,25808.478681864406,25750.193903408057,25673.765376592743,25429.056972364677,25823.406823274192,25856.977077153686,25789.836569394698,13960
1776182400,25876,25896.25,25872,25890.5,,,,25746.0625,25667.515,0,0,25824.882945491525,25762.949003098234,25682.264773589104,25433.64844527647,25829.447205046734,25866.349112887365,25792.545297206103,8954
1776183300,25891,25931.5,25890.25,25927.75,,,,25759.6,25674.415,0,0,25845.45635639322,25777.930911907486,25691.89164521306,25438.564878656805,25838.524133012823,25882.427930357342,25794.620335668304,10844
1776184200,25927.75,25935,25908,25926,,,,25773.2375,25681.305,0,0,25861.565085114577,25791.391738097715,25701.07236500863,25443.414979366687,25846.305658856534,25894.749296634272,25797.862021078796,10552
1776185100,25925.75,25938,25904,25914,,,,25785.6,25687.81,0,0,25872.05206809166,25802.537943725194,25709.422468341625,25448.097417382938,25852.065632055535,25902.49975589646,25801.63150821461,9907
1776186000,25914.25,25928.5,25911.75,25924.5,,,,25798.0875,25694.575,0,0,25882.541654473327,25813.62540338654,25717.856881347834,25452.837741588082,25855.908730068364,25907.439096791815,25804.378363344913,7283
1776186900,25924.75,25959.5,25922.25,25943.25,,,,25810.525,25701.565,0,0,25894.68332357866,25825.40945762413,25726.69582717733,25457.71746555238,25862.171014518244,25916.570462125143,25807.771566911346,10378
1776187800,25943,25967.75,25941.5,25964.25,,,,25824.7875,25708.97,0,0,25908.59665886293,25838.031325112846,25736.011677091945,25462.757590273253,25866.648759660806,25923.473778691787,25809.823740629825,6979
1776188700,25963.75,25969.25,25951.5,25958,,,,25838.875,25716.26,0,0,25918.477327090346,25848.937568284407,25744.717101519713,25467.685375444664,25870.613921991644,25929.300277736857,25811.92756624643,6645
1776189600,25958.75,25964.75,25935.5,25937,,,,25852.1,25723.455,0,0,25922.181861672278,25856.943243894915,25752.257607342468,25472.35517270392,25873.73773333333,25933.11661668561,25814.358849981054,6756
1776190500,25937.25,25939.75,25884.25,25909.75,,,,25864.7625,25730.165,0,0,25919.69548933782,25861.743858086287,25758.433779603547,25476.7073600402,25877.298560326308,25934.849041231228,25819.748079421388,17043
1776191400,25909.75,25936,25905,25910,,,,25872.8375,25736.895,0,0,25917.756391470255,25866.13078007844,25764.37755295243,25481.01872959204,25879.390965202005,25936.10246434521,25822.6794660588,9989
1776192300,25909.25,25919.75,25902.25,25917.75,,,,25882.6125,25743.765,0,0,25917.755113176205,25870.82343643495,25770.392158718998,25485.36431437222,25880.554354157746,25936.623277532643,25824.48543078285,6744
1776193200,25917.5,25971.25,25915,25959.5,,,,25891.8375,25751.225,0,0,25926.104090540965,25878.88494221359,25777.808152494723,25490.082082388417,25884.677026598,25941.39275526994,25827.961297926064,12662
1776194100,25959.25,25990,25959.25,25987.75,,,,25901.0375,25759.285,0,0,25938.433272432772,25888.781765648717,25786.04116612238,25495.03400196664,25889.05589239803,25947.887819436113,25830.22396535995,10172
1776195000,25988.25,25995.75,25960.25,25972.5,,,,25910.35,25766.35,0,0,25945.246617946217,25896.392514226107,25793.353277254835,25499.784907419707,25894.141871440275,25954.77428410796,25833.50945877259,13586
1776195900,25972.5,26003.25,25954,26000.75,,,,25920.0875,25773.93,0,0,25956.347294356972,25905.87955838737,25801.486482068372,25504.769634709064,25904.52417749198,25968.60757729518,25840.440777688782,29652
1776196800,26000.5,26003,25972,25993.25,,,,25930.45,25781.41,0,0,25963.727835485577,25913.822325806697,25809.006620026474,25509.630135856238,25907.948148263305,25972.909621837312,25842.9866746893,11026
1776197700,25992.75,25999,25989.25,25993.25,,,,25938.4125,25788.915,0,0,25969.63226838846,25921.043023460636,25816.231850613673,25514.442273807916,25908.615244294902,25973.761723434658,25843.468765155147,2140
1776198600,25993.25,25998,25981.75,25997.5,,,,25945.15,25796.205,0,0,25975.205814710767,25927.993657691488,25823.340405491566,25519.24881834714,25909.14567321506,25974.424842098353,25843.866504331763,1755
1776199500,25996.75,25999.75,25989,25990,,,,25950.8625,25803.11,0,0,25978.164651768613,25933.630597901352,25829.876075864446,25523.93290970687,25909.538703082817,25974.915662134827,25844.161744030807,1307
1776204000,25985.75,26015,25976.5,26002.25,,,,25956.45,25810.075,0,0,25982.98172141489,25939.868725364864,25836.63583759525,25528.692283739638,25910.520349301572,25976.18970695611,25844.850991647036,3129
1776204900,26002.5,26012.5,26002,26004,,,,25960.2625,25816.905,0,0,25987.18537713191,25945.698841240785,25843.199138081713,25533.421713752177,25910.808078663147,25976.587474899843,25845.02868242645,850
1776205800,26003.25,26007.75,25991.75,26002,,,,25964.0625,25823.555,0,0,25990.14830170553,25950.817128400715,25849.426622862822,25538.084184262105,25911.148024421487,25977.0335621983,25845.262486644675,1075
1776206700,26001.5,26003.75,25993.75,25995.75,,,,25968.15,25830.43,0,0,25991.268641364422,25954.90193490974,25855.16479451526,25542.638072975915,25911.323236454904,25977.257026232004,25845.389446677804,575
1776207600,25995.75,26012,25993.5,26005,,,,25972.175,25837.7,0,0,25994.014913091538,25959.4563044634,25861.04068492643,25547.23868916521,25911.563264104083,25977.57850284612,25845.548025362044,742
1776208500,26004.5,26015,26002.25,26012.25,,,,25975.625,25845.18,0,0,25997.66193047323,25964.255731330366,25866.970461988138,25551.86566738247,25911.83152945527,25977.955695928747,25845.707362981793,780
1776209400,26011.75,26030,26005,26023.25,,,,25978.575,25852.6,0,0,26002.779544378584,25969.61884666397,25873.099071321936,25556.556058751798,25912.72693651482,25979.296791375822,25846.15708165382,2398
1776210300,26024,26035.5,26016,26018.25,,,,25981.5875,25860.005,0,0,26005.873635502867,25974.039860603607,25878.791264603427,25561.150028316457,25913.395689523328,25980.315018408954,25846.476360637702,1754
1776211200,26017.5,26022,26006.25,26016.5,,,,25985.5625,25867.84,0,0,26007.998908402293,25977.899873276005,25884.191607168,25565.680873805846,25913.952270390688,25981.1076131789,25846.796927602474,1598
1776212100,26016,26023,26010,26018.5,,,,25991,25875.695,0,0,26010.099126721834,25981.590793887277,25889.458602965333,25570.18653675305,25914.432673416653,25981.798860053517,25847.06648677979,1363
1776213000,26018.25,26021.5,25995,26000,,,,25995.5,25882.915,0,0,26008.079301377467,25983.26435807934,25893.79355971179,25574.46328763113,25914.983487598798,25982.51579013018,25847.451185067417,1782
1776213900,26000.25,26021.5,25998,26018.75,,,,26000.55,25890.15,0,0,26010.213441101972,25986.490325526673,25898.69381227211,25578.884050938283,25915.52764135988,25983.263393476234,25847.791889243526,1649
1776214800,26017.75,26037.75,26014,26033.75,,,,26004.2625,25897.76,0,0,26014.92075288158,25990.7866595697,25903.99013335948,25583.41008028218,25916.12088516572,25984.170183420618,25848.071586910824,1564
1776215700,26034.75,26040.75,26029.75,26037.25,,,,26006.7375,25905.17,0,0,26019.38660230526,25995.01059960882,25909.216010482636,25587.925900378876,25916.67817353826,25985.05664406542,25848.299703011104,1392
1776216600,26036.25,26039,26024,26034.25,,,,26009.825,25912.36,0,0,26022.35928184421,25998.5778178262,25914.1193041892,25592.366936196002,25917.145073819753,25985.778693035987,25848.51145460352,1212
1776217500,26035.5,26042.5,26034,26038.5,,,,26011.7125,25919.24,0,0,26025.587425475365,26002.20710711473,25918.99697853472,25596.806071159226,25917.39304169227,25986.17475809159,25848.61132529295,616
1776218400,26037.75,26038.5,26022.5,26024,,,,26013.25,25926.14,0,0,26025.26994038029,26004.18827919521,25923.114744082377,25601.056757018338,25917.7288358518,25986.676245442057,25848.781426261547,914
1776219300,26023.25,26029,26011.75,26012.25,,,,26014.2,25932.86,0,0,26022.665952304233,26004.921162904735,25926.61024431444,25605.148232072883,25918.019229054742,25987.07622788252,25848.962230226964,880
1776220200,26011.75,26013,25990,25999.25,,,,26014.2875,25939.395,0,0,26017.982761843385,26004.40560264067,25929.458862184463,25609.06964269902,25918.59945227353,25987.75933081732,25849.439573729742,2139
1776221100,25999.5,26003,25993,25996,,,,26014.5875,25946.185,0,0,26013.586209474706,26003.64145694606,25932.068318569385,25612.919696005498,25918.821610577266,25988.0100106065,25849.633210548032,863
1776222000,25995.5,26004.5,25995,25998.75,,,,26014.4125,25951.19,0,0,26010.618967579765,26003.196779041875,25934.683286468626,25616.75880350793,25919.041305141724,25988.26300492657,25849.819605356875,836
1776222900,25998,26004.5,25995.5,26002,,,,26014.3125,25956.785,0,0,26008.89517406381,26003.08798094716,25937.323157587503,25620.592049244173,25919.19485162102,25988.441799648772,25849.94790359327,578
1776223800,26002.75,26015.5,26001.25,26012.25,,,,26014.825,25961.53,0,0,26009.56613925105,26003.920891770143,25940.26146513309,25624.489143281546,25919.46083208132,25988.779195041112,25850.14246912153,906
1776224700,26012,26026.25,26008.5,26021.75,,,,26016.125,25965.89,0,0,26012.00291140084,26005.54171979104,25943.4570939514,25628.441987627004,25919.74667351539,25989.16955882155,25850.32378820923,889
1776225600,26021.5,26025.5,26017.25,26020.5,,,,26016.9,25970.575,0,0,26013.70232912067,26006.901563446398,25946.478384384678,25632.343062376985,25919.884853023224,25989.36109925223,25850.40860679422,422
1776226500,26021,26025.5,26020,26023.25,,,,26017.45,25974.92,0,0,26015.611863296537,26008.387784951272,25949.489035977436,25636.232683646867,25920.006556709526,25989.53188749186,25850.481225927193,366
1776227400,26024,26025.25,26017.75,26019.25,,,,26017.25,25979.585,0,0,26016.33949063723,26009.37525904661,25952.224760056753,25640.04380122252,25920.13644433915,25989.710921970633,25850.561966707668,400
1776228300,26019.25,26021,26009.75,26014,,,,26017.0375,25983.185,0,0,26015.871592509786,26009.795690042374,25954.6473184859,25643.764758424288,25920.351028186557,25989.99254588333,25850.70951048978,704
1776229200,26014,26058,25999,26009.5,,,,26016.6875,25986.12,0,0,26014.59727400783,26009.76880912943,25956.79840403547,25647.403915056882,25921.65497276069,25991.78977059108,25851.5201749303,4034
1776230100,26009.5,26010.5,25978.75,25986.75,,,,26015.1,25988.34,0,0,26009.02781920626,26007.67619011766,25957.972976426237,25650.780493016515,25922.00098327873,25992.135963205485,25851.866003351974,1557
1776231000,25987.25,25988.25,25967,25971.25,,,,26013.6625,25989.955,0,0,26001.47225536501,26004.364718288783,25958.493644017366,25653.969244329783,25922.28960833909,25992.34484304245,25852.234373635732,1717
1776231900,25971.5,25981.5,25966,25978.5,,,,26011.65,25990.97,0,0,25996.87780429201,26002.01338026253,25959.278206997078,25657.198406077747,25922.52605142562,25992.514232786132,25852.537870065105,1425
1776232800,25979,25989.5,25970.5,25973.5,,,,26008.6375,25991.92,0,0,25992.202243433607,25999.42125478412,25959.83592436974,25660.34568561926,25922.745242353332,25992.680980522244,25852.80950418442,1272
1776233700,25973.25,25983.75,25968,25983,,,,26005.925,25993.3,0,0,25990.361794746885,25997.92841344011,25960.744319492496,25663.556176309616,25922.86276186271,25992.770993759983,25852.95452996544,681
1776234600,25982,25998,25981.5,25996.75,,,,26004.05,25994.745,0,0,25991.639435797508,25997.821284945556,25962.156306963378,25666.87153773937,25923.087572232238,25992.993220252683,25853.181924211793,1048
1776235500,25997.25,25997.75,25983,25988,,,,26001.525,25995.64,0,0,25990.911548638007,25996.928440859596,25963.169785121678,25670.066845821566,25923.29996756456,25993.19466611952,25853.405269009596,1034
1776236400,25988.5,25999,25981.5,25992.75,,,,25999.9625,25996.21,0,0,25991.279238910407,25996.548582599633,25964.329793548277,25673.27762347508,25923.58832047074,25993.473577553163,25853.703063388315,1383
1776237300,25993,25993.75,25977,25987,,,,25998.7,25996.79,0,0,25990.423391128326,25995.68052963603,25965.218821252267,25676.399239161896,25923.836181823375,25993.692566590456,25853.979797056294,1298
1776238200,25987.5,26005,25986,25998.5,,,,25998.6625,25998.02,0,0,25992.03871290266,25995.936845123662,25966.523965516884,25679.604221856804,25924.14122279273,25994.00896298784,25854.27348259762,1376
1776239100,25997.75,26009.25,25970.5,26004.75,,,,25999.1,25999.92,0,0,25994.580970322128,25996.738041021512,25968.02302569269,25682.839503231364,25924.611259524823,25994.482932150124,25854.739586899523,2194
1776240000,26004.5,26015,26001.5,26010,,,,25999.6625,26001.92,0,0,25997.6647762577,25997.94367365592,25969.66918154788,25686.09483155742,25924.99871114583,25994.942069081488,25855.05535321017,1525
1776240900,26011,26024.5,26000,26022.75,,,,26000.7,26004.02,0,0,26002.68182100616,26000.198794232652,25971.750782271494,25689.44463422849,25925.435983380412,25995.493055603754,25855.37891115707,1605
1776241800,26022.5,26030.5,26019.25,26024.5,,,,26001.3125,26005.32,0,0,26007.045456804928,26002.407994756955,25973.819379045162,25692.778518465024,25925.753685998137,25995.923082676964,25855.58428931931,1069
1776242700,26023.25,26038,26019.75,26032,,,,26001.825,26006.205,0,0,26012.036365443942,26005.09817705178,25976.10097202378,25696.15385658975,25926.050207535114,25996.339085836342,25855.761329233886,954
1776243600,26032,26038.25,25987.75,25993,,,,26000.45,26006.615,0,0,26008.229092355155,26003.998342774346,25976.76367900324,25699.107549559005,25926.760400307583,25997.140327351903,25856.380473263263,2991
1776244500,25993,26002.25,25982.75,25991,,,,25998.8375,26006.42,0,0,26004.783273884124,26002.816675249407,25977.321966101154,25702.011952050954,25927.052946813954,25997.410053720887,25856.69583990702,1523
1776245400,25990.5,25998.5,25978.75,25982.75,,,,25997.0125,26006.21,0,0,26000.3766191073,26000.992432044917,25977.534830175617,25704.805365463384,25927.215910481176,25997.54569685756,25856.886124104793,931
1776246300,25982.25,25990,25975,25978.25,,,,25995.225,26005.91,0,0,25995.951295285842,25998.92493822265,25977.562876051084,25707.526207598075,25927.372358329347,25997.65974181335,25857.084974845344,992
1776247200,25978.75,25998.5,25973.75,25984.75,,,,25993.9875,26005.655,0,0,25993.711036228673,25997.63630747514,25977.844724049082,25710.284653293616,25927.65785000086,25997.89090853353,25857.424791468195,1681
1776248100,25983.75,25985,25940.5,25949,,,,25992.1,26004.835,0,0,25984.76882898294,25993.2148249774,25976.713558400097,25712.659930375274,25928.033242642574,25997.913860017426,25858.15262526772,4276
1776249000,25949.25,25979.75,25933.75,25979,,,,25992.4875,26004.37,0,0,25983.61506318635,25991.922568161273,25976.803222776565,25715.31008032179,25928.37711351537,25998.012842658205,25858.741384372534,3339
1776249900,25979.25,25989.25,25972,25985.25,,,,25992.825,26003.995,0,0,25983.942050549078,25991.315971055705,25977.13446894219,25717.996049671823,25928.677446028778,25998.234072690226,25859.12081936733,1970
1776250800,25985.5,25999.75,25978.5,25996.5,,,,25993.975,26003.885,0,0,25986.453640439264,25991.78724641428,25977.89390153269,25720.76723325718,25928.993564038126,25998.517640920287,25859.469487155966,1782
1776251700,25996.75,25999,25972.5,25980.5,,,,25993.85,26003.58,0,0,25985.262912351413,25990.76113310389,25977.996101472585,25723.35163889641,25929.38705678623,25998.816946281604,25859.957167290853,2555
1776252600,25979.75,26006.25,25977.5,25988.75,,,,25993.45,26003.255,0,0,25985.96032988113,25990.57830282172,25978.417822983465,25725.992418608883,25929.775459562567,25999.15668248694,25860.394236638193,2272
1776253500,25989,26048,25980,25998.25,,,,25993.9625,26002.975,0,0,25988.418263904903,25991.275729837926,25979.195555415485,25728.70144926949,25930.669794592068,26000.16131450526,25861.178274678874,4117
1776254400,25998.5,26006.25,25964.25,25966,,,,25992.625,26001.83,0,0,25983.93461112392,25988.977936216295,25978.678082654093,25731.06262887875,25931.168270927752,26000.470882641468,25861.865659214036,3802
1776255300,25965.5,25981.5,25960.5,25975,,,,25992.025,26000.965,0,0,25982.14768889914,25987.707214742088,25978.53384411864,25733.489866402346,25931.427720446678,26000.588360799782,25862.267080093574,2330
1776256200,25974.5,26007.25,25970,26002.75,,,,25992.2375,26000.69,0,0,25986.26815111931,25989.074740674627,25979.483497290457,25736.169071711774,25931.917307602846,26001.021824598407,25862.812790607284,2947
1776257100,26002.25,26006.25,25988.75,25990,,,,25991.5,26000.12,0,0,25987.01452089545,25989.158855158752,25979.89590916142,25738.694752590265,25932.267475198725,26001.339126880503,25863.195823516948,2080
1776258000,25990,26000.5,25979,25998,,,,25990.9,26000.08,0,0,25989.21161671636,25989.962595598867,25980.60587350803,25741.274904305785,25932.766750740157,26001.76798144675,25863.765520033565,3132
1776258900,25997.75,26026,25991,26023.75,,,,25990.95,26000.18,0,0,25996.119293373085,25993.034177817153,25982.297800037126,25744.08560177538,25934.017171206564,26003.205281653645,25864.829060759483,5938
1776259800,26023.5,26059.75,25982.25,25989,,,,25989.175,25999.285,0,0,25994.695434698468,25992.66743437923,25982.560631408218,25746.522560961694,25940.06783101024,26009.584840569507,25870.550821450975,33048
1776260700,25990,26072.25,25990,26068.5,,,,25991,25999.91,0,0,26009.456347758773,25999.561303981118,25985.930802725543,25749.726316574015,25945.01121685772,26016.349235971426,25873.673197744018,20904
1776261600,26069.25,26093,26048.5,26090.75,,,,25995.8875,26001.04,0,0,26025.715078207017,26007.85118543738,25990.041359481405,25753.119587055866,25949.623894423203,26023.79456077631,25875.453228070095,15800
1776262500,26090.5,26134.25,26071.25,26133.25,,,,26003,26002.935,0,0,26047.222062565612,26019.251077670346,25995.65738459978,25756.901979224465,25956.852216532498,26036.76374083382,25876.940692231175,21006
1776263400,26133.25,26152.75,26106.5,26145,,,,26011.1125,26005.355,0,0,26066.77765005249,26030.68279788213,26001.51395775273,25760.76365107298,26134.75,26134.75,26134.75,20051
1776264300,26145,26176.25,26137.25,26163,,,,26020.35,26008.37,0,0,26086.02212004199,26042.7116344383,26007.84674372321,25764.766002803597,26143.891815443956,26155.57909909558,26132.204531792333,12268
1776265200,26163,26188,26138.75,26185.25,,,,26030.375,26012.09,1,0,26105.867696033594,26055.66966767118,26014.803734165438,25768.94992317371,26152.989784419064,26168.832852318454,26137.146716519674,16634
1776266100,26185.25,26202,26178,26191.75,,,,26042.5125,26016.005,0,0,26123.044156826876,26068.0406069738,26021.742803413854,25773.15688911228,26160.38400285531,26180.99792738465,26139.770078325968,11986
1776267000,26191.75,26209.75,26167,26202.5,,,,26053.6875,26020.08,0,0,26138.9353254615,26080.264188158,26028.831320927035,25777.428959867382,26165.676556819377,26188.064232097426,26143.288881541328,11768
1776267900,26202.75,26215.5,26186.25,26196.75,,,,26064.2625,26023.975,0,0,26150.4982603692,26090.853807416363,26035.41636716519,25781.60130852542,26170.309976695786,26194.138487942637,26146.481465448935,11541
1776268800,26197.25,26224.25,26187,26217.75,,,,26075.325,26028.085,0,0,26163.94860829536,26102.389824923965,26042.566705707733,25785.94109650029,26173.68721425264,26198.997010526327,26148.377417978954,7908
1776269700,26218,26251.5,26211.75,26216.25,,,,26087.1125,26031.975,0,0,26174.408886636287,26112.740749930876,26049.377815287822,25790.222777132127,26179.85024984584,26209.062167324006,26150.638332367675,12175
1776270600,26216,26220,26144,26146.25,,,,26094.9875,26034.49,0,0,26168.77710930903,26115.787045391706,26053.176724492223,25793.765336563647,26178.4106778516,26205.605317709473,26151.216037993727,18036
1776271500,26146,26166.75,26102.25,26144.25,,,,26102.2875,26036.91,0,0,26163.871687447223,26118.374586719732,26056.748225492527,25797.25274615008,26172.53731405026,26201.468966438937,26143.605661661582,20660
1776272400,26144.25,26181.25,26136.75,26170.5,,,,26112.5125,26039.935,0,0,26165.19734995778,26123.113260654303,26061.209079394783,25800.96664917346,26171.89299592904,26199.951873041162,26143.834118816918,10172
1776273300,26170.5,26199.75,26165.25,26187.25,,,,26123.125,26043.4,0,0,26169.607879966225,26128.943873322092,26066.151860594986,25804.81026460457,26172.59766007782,26199.981671964204,26145.213648191435,9399
1776274200,26187.5,26220,26177.25,26183.25,,,,26132.15,26046.875,0,0,26172.33630397298,26133.880793929176,26070.74394449322,25808.57583411099,26173.85468568764,26200.86361412188,26146.845757253395,10404
1776275100,26183.75,26214.25,26183.75,26190.75,,,,26142.1875,26050.955,0,0,26176.019043178385,26139.050721753796,26075.450064317018,25812.378562129787,26174.81207025659,26201.622920409285,26148.001220103895,7726
1776276000,26190.25,26250.5,26173.25,26242.25,,,,26154.4,26056.375,0,0,26189.26523454271,26148.43247432163,26081.99123826537,25816.655889869788,26178.465999139,26207.14056826762,26149.79143001038,15169
1776276900,26242.5,26258,26230.25,26247.75,,,,26165.6,26061.76,0,0,26200.962187634166,26157.461340292393,26088.491581862807,25820.945383502924,26181.330645200695,26212.48110237725,26150.18018802414,8768
1776277800,26247.5,26287.75,26247.25,26272,,,,26179.75,26067.73,0,0,26215.169750107332,26167.87394572036,26095.687990417206,25825.433489139712,26186.265260153454,26222.652033207665,26149.878487099242,12207
1776278700,26272,26315.25,26270,26303.25,,,,26191.4875,26074.135,0,0,26232.785800085865,26180.180859745782,26103.82767706751,25830.1878822826,26190.999137375682,26233.008871475726,26148.98940327564,9762
1776279600,26303,26327,26292.25,26304.5,,,,26202.175,26080.29,0,0,26247.12864006869,26191.482599768893,26111.697179927607,25834.907405841976,26197.790373772215,26246.884169459932,26148.6965780845,13976
1776280500,26304.75,26338.25,26303.75,26336.5,,,,26212.3375,26087.26,0,0,26265.00291205495,26204.665999789904,26120.51297679319,25839.898376928126,26202.217533292667,26255.844258460646,26148.59080812469,8594
1776281400,26336.25,26359,26330.25,26337,,,,26221.9375,26094.145,0,0,26279.402329643963,26216.696363445368,26129.00266397777,25844.844661734813,26208.851230702974,26269.044664916746,26148.657796489202,12408
1776282300,26336.5,26377.5,26329.25,26364.25,,,,26232,26101.69,1,0,26296.37186371517,26230.11033040488,26138.228049704132,25850.012874055858,26224.222923568308,26296.943725648944,26151.502121487672,30287
1776283200,26364.25,26371.25,26330,26340.75,,,,26239.775,26108.535,0,0,26305.247490972135,26240.168482186255,26146.170086970636,25854.895830532914,26228.249512596278,26303.048249326268,26153.450775866288,9870
1776284100,26340.5,26355,26340.5,26350,,,,26247.6875,26115.44,0,0,26314.197992777707,26250.15316562387,26154.163416893356,25859.822240179354,26229.114729324858,26304.333673237856,26153.89578541186,2187
1776285000,26350.5,26359.75,26343.75,26349.5,,,,26255.0375,26122.23,0,0,26321.258394222164,26259.1846960217,26161.823675054402,25864.694655699957,26230.062080867367,26305.748832556932,26154.3753291778,2381
1776285900,26349,26361,26343,26359.5,,,,26263.175,26128.965,0,0,26328.906715377732,26268.30426911064,26169.575687797365,25869.61809196165,26230.851190321726,26306.941467420416,26154.760913223035,1955
1776290400,26350,26376.75,26345,26367.25,,,,26270.65,26135.82,0,0,26336.575372302184,26277.299335555126,26177.327621609234,25874.569653235663,26231.60768532822,26308.132087889524,26155.08328276692,1775
1776291300,26367.5,26376.75,26365,26370.5,,,,26278.3625,26142.59,0,0,26343.360297841748,26285.772123231935,26184.90300899711,25879.504283551727,26232.01485211661,26308.795946085706,26155.23375814751,910
1776292200,26371.75,26390.75,26371.75,26381,,,,26290.1,26150.35,0,0,26350.888238273397,26294.42920293812,26192.593087075653,25884.494290680566,26232.59104328764,26309.780226268165,26155.401860307116,1206
1776293100,26382,26393.25,26380.5,26389.75,,,,26302.375,26158.325,0,0,26358.660590618718,26303.094729943747,26200.324730719745,25889.521710673795,26233.05065685116,26310.58561866955,26155.51569503277,927
1776294000,26389.5,26399,26386.5,26396.5,,,,26313.675,26166.6,0,0,26366.228472494975,26311.58611813068,26208.017878534658,25894.566270766594,26233.517072691757,26311.421506691837,26155.612638691677,910
1776294900,26395.5,26399,26383.5,26389.75,,,,26323.8,26174.83,0,0,26370.93277799598,26318.691925573345,26215.144628396043,25899.493472052498,26233.901676249774,26312.0974548008,26155.705897698746,770
1776295800,26389.75,26399,26385.75,26397.75,,,,26334.525,26183.09,0,0,26376.296222396784,26325.879023248493,26222.305623360906,25904.451248449986,26234.25067807373,26312.717711349273,26155.78364479819,687
1776296700,26398,26419,26395.5,26407,,,,26345.3375,26192.25,0,0,26382.436977917427,26333.25365749863,26229.54854009185,25909.451733540038,26235.22571701138,26314.535274483747,26155.916159539014,1789
1776297600,26408,26416.5,26388.75,26411.5,,,,26353.8,26200.9,0,0,26388.24958233394,26340.36696136239,26236.683891460798,25914.447238678942,26236.413710429617,26316.707637843785,26156.11978301545,2228
1776298500,26411,26424.5,26403.25,26404.5,,,,26361.6375,26209.285,0,0,26391.49966586715,26346.197237602173,26243.26491532508,25919.32338555776,26237.39849568484,26318.52438877241,26156.27260259727,1815
1776299400,26406,26424.25,26405,26423,,,,26369.1875,26217.815,0,0,26397.799732693722,26353.179306911068,26250.313350018212,25924.33509316415,26238.134463944025,26319.90517850882,26156.36374937923,1319
1776300300,26422.75,26445,26419.25,26437.75,,,,26375.9125,26226.96,0,0,26405.78978615498,26360.867551737334,26257.663806880242,25929.44369920232,26239.36994983717,26322.344255945205,26156.395643729138,2048
1776301200,26437.5,26441,26426,26437,,,,26382.5375,26235.925,0,0,26412.031828923984,26367.788683397575,26264.696598767292,25934.49401065304,26240.33062860949,26324.22081555406,26156.440441664916,1605
1776302100,26437,26449.75,26434.25,26440.75,,,,26387.75,26244.775,0,0,26417.775463139187,26374.421530361433,26271.600653717593,25939.53138368137,26241.197808619654,26325.938646186467,26156.45697105284,1412
1776303000,26439.75,26465.25,26430.25,26453.75,,,,26393.5875,26254.53,0,0,26424.97037051135,26381.633209419484,26278.743765336512,25944.64798682882,26242.533331817285,26328.62494920479,26156.44171442978,2112
1776303900,26453.5,26457.5,26439.75,26440.75,,,,26397.4125,26263.845,0,0,26428.12629640908,26387.00746310862,26285.09695100959,25949.584325268333,26243.280150746177,26330.090040248346,26156.47026124401,1215
1776304800,26440.75,26453.75,26440.25,26445.25,,,,26402.6375,26272.695,0,0,26431.55103712726,26392.302239189656,26291.377462734705,25954.51632203183,26243.829123696585,26331.160711351295,26156.497536041876,897
1776305700,26444.5,26450,26440.25,26448.25,,,,26407.55,26281.86,0,0,26434.89082970181,26397.388399263324,26297.52932694119,25959.42909494694,26244.276798696137,26332.02822500909,26156.525372383185,736
1776306600,26448.5,26459,26443.5,26453.5,,,,26412.75,26290.97,0,0,26438.612663761447,26402.489453875747,26303.645823923885,25964.345223355427,26244.78447682136,26333.026711304774,26156.54224233795,815
1776307500,26455,26456,26439.75,26442.5,,,,26416.9,26299.345,0,0,26439.390131009157,26406.12677625068,26309.091085730794,25969.102982327015,26245.298078792537,26334.010808269046,26156.58534931603,853
1776308400,26442,26460.5,26442,26451.75,,,,26421.125,26308.6,0,0,26441.862104807326,26410.274342046072,26314.68555295704,25973.90544021431,26245.971586612086,26335.316992747088,26156.626180477084,1096
1776309300,26451.75,26454,26444,26445.5,,,,26424.875,26316.14,0,0,26442.58968384586,26413.47667458734,26319.81553127245,25978.597923396257,26246.390786883454,26336.11519346736,26156.666380299546,698
1776310200,26446.75,26450.25,26437.5,26446.5,,,,26428.15,26323.255,0,0,26443.37174707669,26416.478795079398,26324.783549653923,25983.253665452015,26246.99678723793,26337.250390737332,26156.74318373853,1030
1776311100,26446.5,26453.25,26442.75,26443.5,,,,26430.8375,26329.46,0,0,26443.397397661352,26418.935268253997,26329.439096726317,25987.833230969907,26247.322305663474,26337.861015849212,26156.783595477737,551
1776312000,26442.75,26444,26433.75,26439.25,,,,26432.975,26335.345,0,0,26442.567918129083,26420.78206204909,26333.745406658618,25992.324940114486,26247.8978259864,26338.90677398459,26156.888877988215,1017
1776312900,26439.25,26444.5,26430.75,26433.5,,,,26435.1625,26340.755,0,0,26440.75433450327,26421.938238226445,26337.657351495534,25996.714741705386,26248.230885151268,26339.503028262377,26156.95874204016,600
1776313800,26434.5,26435.25,26429,26434,,,,26436.975,26345.73,0,0,26439.403467602613,26423.03476202404,26341.43549457414,26001.065838802846,26248.47689905209,26339.936348555195,26157.017449548985,453
1776314700,26433.75,26439.25,26432,26434.5,,,,26438.35,26350.585,0,0,26438.42277408209,26424.07705638549,26345.08508302221,26005.3786165262,26248.703654056637,26340.338667878186,26157.068640235088,413
1776315600,26435,26435.75,26416.5,26420.25,,,,26438.7875,26354.94,0,0,26434.788219265673,26423.729142168628,26348.032726825262,26009.5066899936,26249.411553562066,26341.53542400685,26157.287683117283,1378
1776316500,26419.5,26445.75,26417.25,26443,,,,26440.7125,26359.865,0,0,26436.430575412538,26425.481038335118,26351.756933616427,26013.82005626232,26249.934275370775,26342.453780627682,26157.414770113868,963
1776317400,26443.5,26457.25,26442.75,26447.75,,,,26441.95,26364.465,0,0,26438.69446033003,26427.50548939556,26355.521367592253,26018.137767145283,26251.010206052048,26344.428319732677,26157.59209237142,1859
1776318300,26448.25,26461.25,26447.5,26455,,,,26442.8125,26369.24,0,0,26441.955568264024,26430.0049903596,26359.422490431774,26022.484655034383,26251.540837264933,26345.412755879945,26157.66891864992,900
1776319200,26455.75,26486,26455.25,26482.25,,,,26445.075,26375.96,0,0,26450.01445461122,26434.754536690547,26364.239255512883,26027.05943458628,26253.47659006669,26349.20160094585,26157.75157918753,3024
1776320100,26482.25,26485.5,26464.25,26475.75,,,,26446.825,26382.59,0,0,26455.161563688976,26438.481396991407,26368.61222588493,26031.524017326716,26254.588023270426,26351.34801736088,26157.82802917997,1755
1776321000,26478,26484,26464.5,26476.75,,,,26447.975,26388.715,0,0,26459.479250951183,26441.960360901277,26372.85292290905,26035.95412660705,26255.39258576687,26352.88663020065,26157.89854133309,1282
1776321900,26476.75,26485,26474.75,26480.75,,,,26449.975,26394.585,0,0,26463.733400760946,26445.486691728434,26377.084180834183,26040.379956193046,26255.99617569247,26354.051627160505,26157.940724224438,946
1776322800,26479.75,26481.5,26456.5,26460.25,,,,26450.725,26400.125,0,0,26463.036720608758,26446.828810662213,26380.34558550735,26044.55776757421,26257.116090066836,26356.099133361215,26158.13304677246,1888
1776323700,26460.5,26481,26459.25,26476.25,,,,26452.125,26405.835,0,0,26465.679376487005,26449.503464238376,26384.106542938436,26048.853212672973,26257.785550598586,26357.337859085088,26158.233242112085,1106
1776324600,26476.25,26488,26469.5,26482,,,,26453.55,26410.63,0,0,26468.943501189606,26452.45769476216,26387.94550203889,26053.163130954836,26258.6781887357,26359.018771300158,26158.33760617124,1434
1776325500,26481.25,26482.75,26452.25,26460,,,,26454.425,26414.875,0,0,26467.154800951685,26453.14335887469,26390.7711686256,26057.211259005035,26259.57598372377,26360.614837385325,26158.537130062217,1559
1776326400,26459.5,26464.5,26424.25,26428.25,,,,26453.25,26418,0,0,26459.37384076135,26450.88032624972,26392.240926718714,26060.90318677613,26261.27548159289,26363.32544253235,26159.22552065343,3426
1776327300,26429,26441,26423,26428.25,,,,26452.3875,26420.5,0,0,26453.149072609078,26448.82302386338,26393.65304723955,26064.558378947513,26262.253759401938,26364.815524080954,26159.69199472292,2100
1776328200,26428.75,26433.75,26408.5,26430.5,,,,26451.5875,26423.02,0,0,26448.619258087263,26447.157294421257,26395.098025779174,26068.19958910724,26263.22531015991,26366.241199449294,26160.209420870524,2195
1776329100,26431.25,26444,26427.5,26440.5,,,,26451.4375,26425.1,0,0,26446.99540646981,26446.552085837506,26396.87849535646,26071.904070807665,26263.763574928704,26367.07326222908,26160.453887628326,1135
1776330000,26440.5,26458,26437.5,26452.75,,,,26452.1125,26427.415,0,0,26448.146325175847,26447.11553257955,26399.069534754246,26075.69358254092,26264.57267552757,26368.379876669318,26160.76547438582,1607
1776330900,26453.5,26456,26445,26446.75,,,,26452.775,26429.065,0,0,26447.867060140677,26447.082302345047,26400.939356920746,26079.38568619723,26264.98444659415,26369.04108194873,26160.92781123957,824
1776331800,26446.75,26455,26445.5,26445.75,,,,26453.3625,26431.165,0,0,26447.44364811254,26446.961183950043,26402.6966370415,26083.03110225497,26265.356137261944,26369.63484311019,26161.077431413698,749
1776332700,26446,26454,26433.75,26453.25,,,,26454.3,26433.23,0,0,26448.604918490033,26447.53289450004,26404.679121863403,26086.714872381785,26265.956991837535,26370.584230437,26161.329753238067,1229
1776333600,26453.75,26465.75,26448.75,26452.75,,,,26455.925,26435.295,0,0,26449.433934792025,26448.007176818217,26406.564254339348,26090.3570129551,26266.49794775452,26371.46477528508,26161.53112022396,1062
1776334500,26451.5,26453.75,26431.25,26432.75,,,,26455.4125,26436.76,0,0,26446.09714783362,26446.620160743834,26407.59114632604,26093.76390834858,26267.107791327915,26372.38893493755,26161.82664771828,1320
1776335400,26433.25,26433.25,26379,26384.25,,,,26452.2375,26437.1,0,0,26433.7277182669,26440.95014613076,26406.675807254433,26096.654317220735,26268.482002247736,26374.064271962267,26162.899732533206,3942
1776336300,26385,26408.75,26364.5,26406,,,,26449.7875,26437.81,0,0,26428.182174613517,26437.772860118872,26406.64930500916,26099.73238371605,26269.626518558336,26375.392857329236,26163.860179787436,3503
1776337200,26407.5,26422.5,26405,26411,,,,26446.225,26438.41,0,0,26424.745739690814,26435.33896374443,26406.819920498998,26102.829573927833,26270.6602941738,26376.739230099258,26164.58135824834,2773
1776338100,26410.5,26417.25,26383,26396.25,,,,26442.25,26438.54,0,0,26419.046591752653,26431.785421585846,26406.40541381276,26105.749180157407,26271.295430526017,26377.493282937434,26165.0975781146,1913
1776339000,26397,26421.5,26397,26407.25,,,,26438.775,26438.755,0,0,26416.687273402124,26429.554928714406,26406.43853483971,26108.749188315043,26271.989983179305,26378.365726323776,26165.614240034833,1963
1776339900,26406.25,26425.25,26402.25,26418.25,,,,26435.65,26439.325,0,0,26416.9998187217,26428.527207922187,26406.90172955188,26111.82879838156,26272.465790708447,26378.984115537554,26165.94746587934,1293
1776340800,26419,26430.5,26400,26412,,,,26433.2375,26439.61,0,0,26415.99985497736,26427.024734474715,26407.101661726316,26114.815576507117,26273.414486010723,26380.2026938019,26166.626278219544,2624
1776341700,26411,26427,26407,26425.5,,,,26430.7,26439.98,0,0,26417.89988398189,26426.88612224974,26407.82316518803,26117.906963805555,26273.940833746463,26380.896512951986,26166.98515454094,1414
1776342600,26427.75,26432.5,26404.75,26414.75,,,,26427.3375,26440.045,0,0,26417.26990718551,26425.782838408853,26408.09480576889,26120.86062585724,26274.886387839397,26382.118726798355,26167.65404888044,2611
1776343500,26414,26414.75,26392.75,26402,,,,26424.4375,26439.995,0,0,26414.21592574841,26423.62076218987,26407.855793777955,26123.658032565127,26275.747528004114,26383.131462848516,26168.363593159713,2676
1776344400,26402,26428,26400.25,26413.5,,,,26423.7,26439.805,0,0,26414.072740598727,26422.70069289988,26408.077135198426,26126.542032241097,26276.844430494104,26384.50184610204,26169.187014886167,3190
1776345300,26412.75,26451,26394.75,26439.75,,,,26424.275,26439.845,0,0,26419.20819247898,26424.250629908984,26409.3192083279,26129.658529432727,26279.57445905061,26388.14724810223,26171.001669998994,7366
1776346200,26439,26453.25,26345.25,26396,,,,26422.55,26439.025,0,0,26414.566553983186,26421.68239082635,26408.796886432687,26132.30869331897,26290.20906915746,26399.200163164667,26181.21797515025,40308
1776347100,26395.25,26395.25,26275.5,26321.25,,,,26416.5875,26436.635,0,0,26395.90324318655,26412.5521734785,26405.36367520003,26134.188706320772,26292.89080128485,26398.687586898304,26187.0940156714,31910
1776348000,26321.25,26386.5,26290.5,26358,,,,26411.85,26434.72,0,0,26388.322594549238,26407.592884980455,26403.50627617258,26136.415684367334,26295.454203394613,26399.229689886335,26191.67871690289,24907
1776348900,26357.25,26370.5,26311,26352,,,,26407.1125,26432.945,0,0,26381.05807563939,26402.53898634587,26401.486422205027,26138.56080193582,26297.42778302224,26399.549762816507,26195.305803227977,21228
1776349800,26352.75,26392.5,26348.5,26389.5,,,,26404.3,26431.83,0,0,26382.746460511513,26401.353623950792,26401.016366432283,26141.05770937924,26376.833333333332,26376.833333333332,26376.833333333332,16566
1776350700,26389.5,26422.75,26385,26404.25,,,,26401.85,26430.95,0,0,26387.04716840921,26401.616930864355,26401.143175591802,26143.676538141637,26391.307716171246,26404.861792127398,26377.753640215094,18892
1776351600,26403.75,26486,26403.75,26469.25,,,,26402.675,26431.265,0,0,26403.48773472737,26407.76539169487,26403.814031450947,26146.91607507555,26413.804081778926,26445.40292556068,26382.205237997172,20351
1776352500,26468.75,26506,26458,26458,,,,26403.9375,26431.575,0,0,26414.390187781893,26412.332174268064,26405.938971394047,26150.01143751261,26428.412576499803,26466.12378544374,26390.701367555866,17884
1776353400,26458.25,26543,26452.25,26498.75,,,,26409.6625,26432.515,0,0,26431.262150225513,26420.188340243694,26409.578619574673,26153.481472960248,26444.708795776696,26488.952890949302,26400.46470060409,22535
1776354300,26498.25,26537.75,26472.25,26533.25,,,,26416.025,26434.27,0,0,26451.65972018041,26430.466672948813,26414.42847763057,26157.260264274075,26453.452293637736,26500.834215016075,26406.070372259397,13801
1776355200,26533.75,26554,26526,26551.75,,,,26423.0625,26436.375,0,0,26471.67777614433,26441.492429953465,26419.813635370545,26161.185535276323,26461.39343611044,26513.38671032064,26409.40016190024,10588
1776356100,26551.75,26564,26515,26517.75,,,,26429.1375,26437.86,0,0,26480.892220915463,26448.42493632133,26423.65427712072,26164.73344039795,26467.43008216407,26520.94911586342,26413.911048464724,11233
1776357000,26518,26523,26430.5,26497,,,,26433.625,26439.015,0,0,26484.11377673237,26452.84085120121,26426.53057997873,26168.039575319366,26469.745009954124,26519.579919757267,26419.91010015098,22190
1776357900,26496.5,26520,26469.5,26473.25,,,,26436.375,26439.81,0,0,26481.941021385897,26454.696228364737,26428.362714097213,26171.07649496793,26471.129644876637,26519.228777130662,26423.030512622612,12963
1776358800,26474.25,26482,26442,26443.25,,,,26437.9375,26439.995,0,0,26474.20281710872,26453.655662149762,26428.946529230656,26173.78468904785,26469.903639648277,26516.23347517713,26423.573804119424,14466
1776359700,26443.5,26488.75,26431,26476,,,,26440.4625,26440.825,0,0,26474.562253686974,26455.686965590692,26430.791763378475,26176.791806569763,26469.560894670838,26514.168549261307,26424.95324008037,14428
1776360600,26476.5,26506.5,26463.5,26501.75,,,,26444.8125,26442.455,0,0,26479.99980294958,26459.874514173356,26433.574439324417,26180.025221429765,26470.560907019444,26514.324031557637,26426.79778248125,9784
1776361500,26502.25,26509.75,26436.5,26460.75,,,,26447.75,26442.81,0,0,26476.149842359664,26459.95410379396,26434.640147586204,26182.81850280857,26470.469237287616,26512.929433658817,26428.009040916415,12833
1776362400,26460.25,26484.25,26392,26418.75,,,,26448.0125,26442.23,0,0,26464.66987388773,26456.208276176327,26434.017004543606,26185.166079895054,26467.083092807472,26509.100521798522,26425.065663816422,20892
1776363300,26417.75,26427.5,26355,26373.5,,,,26444.7,26440.6,0,0,26446.435899110184,26448.68934197848,26431.64378867915,26187.04004924933,26461.363505959223,26506.935488133335,26415.791523785112,18010
1776364200,26373.75,26443.75,26372,26436.25,,,,26446.7125,26439.68,0,0,26444.398719288147,26447.558492707707,26431.824424417224,26189.519750251828,26458.523572305967,26503.90891944884,26413.138225163093,17748
1776365100,26436,26452.25,26418.5,26438,,,,26452.55,26438.925,0,0,26443.118975430516,26446.689538825187,26432.066603851843,26191.99219054783,26457.568380795354,26502.198617824306,26412.9381437664,12329
1776366000,26438,26466.75,26434.25,26444,,,,26456.85,26438.27,0,0,26443.295180344412,26446.445035295623,26432.534580171377,26194.499730940388,26457.196400375215,26500.956250405994,26413.436550344435,12066
1776366900,26443.5,26460,26441.75,26445.25,,,,26461.5125,26437.56,0,0,26443.68614427553,26446.336395723294,26433.033224086226,26196.99475849322,26456.977158275717,26500.168035627485,26413.78628092395,8233
1776367800,26445.25,26481,26439.75,26469,,,,26465.4875,26437.735,0,0,26448.748915420423,26448.396723384813,26434.443685886767,26199.701278309207,26457.191038483383,26499.654468817327,26414.72760814944,10865
1776368700,26469,26498.5,26459.75,26484.75,,,,26469.5125,26437.905,0,0,26455.94913233634,26451.701566713466,26436.41648251866,26202.537583997673,26458.808123243154,26500.239525610825,26417.376720875483,23220
1776369600,26484.25,26490.75,26440.75,26456.5,,,,26468.875,26437.395,0,0,26456.059305869072,26452.137787921332,26437.204071439497,26205.064573211628,26458.92950446813,26499.709591709903,26418.14941722636,11104
1776370500,26456.25,26461,26452,26458,,,,26468.875,26437.355,0,0,26456.44744469526,26452.67071629212,26438.019598049712,26207.581343627433,26458.920028914577,26499.600083596764,26418.23997423239,1742
1776371400,26458.5,26468.75,26454.5,26463.75,,,,26467.125,26438.065,0,0,26457.907955756207,26453.677923901927,26439.028633420312,26210.130285481886,26458.93853782018,26499.508921602726,26418.368154037635,1934
1776372300,26464.25,26471.5,26460.5,26464.25,,,,26463.675,26438.785,0,0,26459.176364604966,26454.639021729025,26440.017706619514,26212.6588398552,26458.968099576134,26499.448164445486,26418.48803470678,1635
1776376800,26460,26483.5,26445.25,26476.75,,,,26459.925,26439.71,0,0,26462.691091683973,26456.64911066275,26441.458188712866,26215.28661259296,26459.024456911273,26499.391290319876,26418.65762350267,2131
1776377700,26475.75,26484.5,26470.75,26482.25,,,,26458.15,26440.545,0,0,26466.60287334718,26458.976464238865,26443.05786758687,26217.942964706464,26459.09107421531,26499.407688147523,26418.774460283097,1196
1776378600,26482.25,26487.25,26480,26484.25,,,,26457.5125,26441.175,0,0,26470.132298677745,26461.27405839897,26444.673245328562,26220.592785953166,26459.142488014157,26499.432948515423,26418.85202751289,753
1776379500,26484,26484.5,26473,26475.25,,,,26457.6125,26441.745,0,0,26471.155838942195,26462.54459854452,26445.87233374705,26223.126688580498,26459.172413151828,26499.43701161659,26418.907814687067,589
1776380400,26473.5,26484,26470.25,26473.25,,,,26459.1125,26442.295,0,0,26471.574671153758,26463.517816858654,26446.945967717755,26225.615477748852,26459.203294283187,26499.436942741977,26418.969645824396,674
1776381300,26472.75,26488,26471.25,26477.25,,,,26459.175,26442.775,0,0,26472.709736923007,26464.766197144232,26448.134361140586,26228.119303840904,26459.25224229905,26499.44762185314,26419.05686274496,909
1776382200,26477,26488.5,26472,26482,,,,26458.1875,26443.36,0,0,26474.567789538407,26466.332906494757,26449.462425409583,26230.64547992209,26459.29419276266,26499.461735535995,26419.126649989325,710
1776383100,26481.75,26483.25,26473.25,26479.5,,,,26459.125,26444.295,0,0,26475.554231630726,26467.529914995233,26450.64036951117,26233.121644300973,26459.331935438622,26499.46942225451,26419.194448622733,713
1776384000,26479.75,26484,26457.75,26462,,,,26461.2875,26445.85,0,0,26472.84338530458,26467.027195450213,26451.085845216614,26235.39904087509,26459.38344252024,26499.405830097236,26419.361054943245,2209
1776384900,26460.75,26494.5,26456,26490.5,,,,26467.1375,26447.54,0,0,26476.374708243664,26469.16108677292,26452.631498345374,26237.937358876334,26459.509232361408,26499.444095569343,26419.574369153474,2224
1776385800,26490.5,26497.25,26484.5,26486.75,,,,26469.6625,26449.055,0,0,26478.44976659493,26470.760078884476,26453.969478802417,26240.413106549207,26459.601414286044,26499.509402580636,26419.693425991452,1142
1776386700,26487,26495,26484.25,26487.5,,,,26472.1375,26450.88,0,0,26480.259813275945,26472.281889894977,26455.284401202323,26242.871682603443,26459.652768000913,26499.544626569466,26419.76090943236,652
1776387600,26487.5,26497.75,26482,26492.75,,,,26474.575,26452.59,0,0,26482.757850620757,26474.14262717725,26456.75364037086,26245.358034020326,26459.736818506608,26499.607664721716,26419.8659722915,1006
1776388500,26491.75,26497.5,26480.5,26482.75,,,,26476.45,26453.88,0,0,26482.756280496607,26474.925115615682,26457.773105454355,26247.720143134553,26459.87168109543,26499.68931467776,26420.0540475131,1861
1776389400,26484.25,26494.5,26483.5,26491.25,,,,26477.5625,26455.465,0,0,26484.455024397284,26476.409196014258,26459.085924848303,26250.14332578993,26459.91836994562,26499.722380816645,26420.114359074592,587
1776390300,26491,26497,26486.75,26488.25,,,,26477.7375,26456.72,0,0,26485.21401951783,26477.485632740234,26460.229614069936,26252.512546428836,26459.971401579067,26499.76153295292,26420.181270205212,649
1776391200,26489.25,26495,26469.75,26478.75,,,,26478.85,26458,0,0,26483.921215614264,26477.600575218396,26460.955903714254,26254.763665369843,26460.02522475955,26499.779116941234,26420.271332577864,958
1776392100,26479.75,26481.25,26455,26467.75,,,,26479.3375,26459.315,0,0,26480.68697249141,26476.70506838036,26461.222338862714,26256.88293238109,26460.052002152202,26499.741777387197,26420.36222691721,1271
1776393000,26467.5,26476.5,26465.75,26468,,,,26479.55,26460.405,0,0,26478.14957799313,26475.9136985276,26461.48812949555,26258.98359972058,26460.06695292159,26499.729028064048,26420.40487777913,565
1776393900,26468.25,26472,26461,26465,,,,26479.5875,26460.91,0,0,26475.5196623945,26474.921544116,26461.625849907487,26261.033514151222,26460.077311233057,26499.70552295916,26420.449099506954,663
1776394800,26464.75,26468.25,26452.25,26455.5,,,,26478.525,26462.1,0,0,26471.5157299156,26473.155949196364,26461.38562049935,26262.968504060165,26460.074708376258,26499.666389425507,26420.48302732701,702
1776395700,26455.25,26462,26451.25,26457,,,,26477.2625,26464.815,0,0,26468.61258393248,26471.687226542148,26461.21363538173,26264.899165711307,26460.07010942745,26499.634591094968,26420.50562775993,527
1776396600,26458,26458.75,26449.5,26455,,,,26475.8,26466.755,0,0,26465.890067145985,26470.17020594741,26460.969963405976,26266.790716301246,26460.06085018308,26499.593580083016,26420.528120283143,625
1776397500,26455.75,26462.5,26453.75,26459.25,,,,26475,26468.9,0,0,26464.56205371679,26469.17745995219,26460.902513860645,26268.705734049494,26460.05890567693,26499.567041339382,26420.55077001448,476
1776398400,26459.25,26473,26456,26471.75,,,,26474.925,26470.545,0,0,26465.99964297343,26469.411327229263,26461.327905473954,26270.726075004226,26460.07144651639,26499.544528637576,26420.598364395206,700
1776399300,26471.5,26481.75,26471.5,26475.75,,,,26474.85,26471.975,0,0,26467.949714378745,26469.98757020842,26461.89347780831,26272.76611405891,26460.100622513935,26499.544282771916,26420.656962255955,688
1776400200,26476.25,26479,26467.5,26469.25,,,,26474.2125,26471.975,0,0,26468.209771502996,26469.92051837129,26462.18196887465,26274.721177600615,26460.11438002981,26499.537130713095,26420.691629346522,447
1776401100,26468.25,26475.25,26461.5,26463.25,,,,26473.4,26472.08,0,0,26467.217817202396,26469.314107610266,26462.223852448195,26276.597086281206,26460.12303853093,26499.520452125045,26420.72562493682,508
1776402000,26463.25,26464.25,26440,26457.5,,,,26473.175,26471.255,0,0,26465.274253761916,26468.240097827515,26462.038603332578,26278.397115273434,26460.102602561066,26499.436706931687,26420.768498190446,1270
1776402900,26457,26458.5,26449,26456.25,,,,26471.4625,26469.715,0,0,26463.469403009534,26467.150088934104,26461.81159928032,26280.166795718473,26460.095828014004,26499.40625993277,26420.785396095238,474
1776403800,26456.5,26467.75,26443.25,26464,,,,26470.325,26467.96,0,0,26463.575522407627,26466.863717212822,26461.897418916386,26281.995981830725,26460.09146195506,26499.353271457632,26420.82965245249,959
1776404700,26465.25,26470,26463,26465.5,,,,26469.225,26466.915,0,0,26463.9604179261,26466.73974292075,26462.038696605938,26283.821892459277,26460.09796754784,26499.339252849037,26420.856682246646,415
1776405600,26466,26480.25,26461,26473.25,,,,26468.25,26466.44,0,0,26465.818334340882,26467.331584473406,26462.47835556257,26285.706749250727,26460.132579158348,26499.319279905718,26420.945878410977,1180
1776406500,26472.75,26478.75,26458.5,26459,,,,26467.0625,26466.155,0,0,26464.454667472706,26466.574167703096,26462.341949462076,26287.431060203457,26460.147476168717,26499.279902903363,26421.01504943407,1099
1776407400,26458,26458.25,26446.75,26456.25,,,,26465.3125,26466.415,0,0,26462.813733978164,26465.635607002816,26462.103049483172,26289.110850649195,26460.13105798728,26499.21457895321,26421.04753702135,1003
1776408300,26455.5,26465.25,26453.25,26456.75,,,,26463.7375,26466.03,0,0,26461.60098718253,26464.827824548014,26461.893125974027,26290.778901886515,26460.12888938009,26499.187730843892,26421.070047916284,495
1776409200,26457,26486.5,26457,26480,,,,26463.8,26465.595,0,0,26465.280789746022,26466.207113225468,26462.60319946524,26292.661698882668,26460.18974021974,26499.176970811288,26421.20250962819,1664
1776410100,26480.25,26482.5,26464.25,26470.25,,,,26463.925,26465.785,0,0,26466.27463179682,26466.574648386788,26462.903073996014,26294.42874665498,26460.21970171946,26499.16346673936,26421.27593669956,972
1776411000,26470.75,26483.25,26468.75,26482.75,,,,26464.6625,26467.065,0,0,26469.569705437454,26468.04513489708,26463.6813848197,26296.302589971845,26460.261253760735,26499.16972529427,26421.3527822272,910
1776411900,26481.75,26492.25,26473,26488.25,,,,26465.825,26469.36,0,0,26473.305764349963,26469.881940815525,26464.64485992481,26298.212514449737,26460.329992979623,26499.204629545216,26421.45535641403,1123
1776412800,26488.75,26495.25,26476.75,26484.5,,,,26467.275,26470.325,0,0,26475.54461147997,26471.21085528684,26465.423492868937,26300.06612127113,26460.40028645176,26499.243319415556,26421.557253487965,1109
1776413700,26483.5,26500,26479.75,26497.75,,,,26469.3125,26471.52,0,0,26479.985689183977,26473.62350480622,26466.691199030938,26302.03312503958,26460.49546990691,26499.320121978617,26421.670817835202,1181
1776414600,26497.75,26514.75,26491.5,26512.75,,,,26472.2,26472.895,0,0,26486.53855134718,26477.180458914743,26468.49742651992,26304.129810362567,26460.660030079678,26499.511775753752,26421.808284405604,1435
1776415500,26512.5,26521,26506.5,26518.75,,,,26475.175,26474.365,0,0,26492.980841077744,26480.95950810431,26470.468115676,26306.265334637566,26460.800629660578,26499.701288671407,26421.89997064975,1029
1776416400,26518.75,26528,26513.25,26518.25,,,,26477.5,26475.35,0,0,26498.034672862195,26484.349552822103,26472.341915061257,26308.374634790427,26460.989753743255,26499.971056290997,26422.008451195514,1288
1776417300,26518,26528.5,26506.25,26527.5,,,,26480.0875,26476.205,0,0,26503.927738289756,26488.272320747365,26474.504977215718,26310.55498668306,26461.175131958276,26500.237545643788,26422.112718272765,1251
1776418200,26527.5,26528.5,26508.75,26520,,,,26482.625,26477.475,0,0,26507.142190631806,26491.156655224877,26476.289095756278,26312.63901666631,26461.341506035405,26500.47071475161,26422.2122973192,1162
1776419100,26520.75,26541.5,26512.5,26537,,,,26486.3125,26479.055,0,0,26513.113752505444,26495.324232022616,26478.66991553054,26314.871464261672,26461.707502772966,26501.05327071425,26422.361734831684,2157
1776420000,26537,26547,26532,26543.5,,,,26490.6125,26480.65,0,0,26519.191002004354,26499.703847293287,26481.212271784243,26317.14637506504,26462.074755996946,26501.69581758508,26422.45369440881,1896
1776420900,26543.25,26543.5,26520.25,26523.75,,,,26493.9875,26481.84,0,0,26520.102801603483,26501.889861175714,26482.88041798878,26319.20213252708,26462.28710118367,26502.02450905826,26422.549693309076,1297
1776421800,26523.75,26524.75,26505.5,26510.5,,,,26496.3125,26482.515,0,0,26518.182241282786,26502.672601068833,26483.963538851967,26321.10559389497,26462.4513042269,26502.23073265676,26422.671875797038,1316
1776422700,26510.75,26531,26508,26526.5,,,,26499.3625,26483.4,0,0,26519.84579302623,26504.838728244395,26485.631635367576,26323.149319328848,26462.61637514209,26502.463321577594,26422.769428706586,1146
1776423600,26525.75,26536.75,26521.75,26530.75,,,,26502.2375,26484.33,0,0,26522.026634420985,26507.194298403996,26487.40098300022,26325.214997743486,26462.828701061808,26502.790764829526,26422.86663729409,1308
1776424500,26530.25,26547.5,26530,26543,,,,26506.4375,26485.685,0,0,26526.221307536787,26510.449362185453,26489.581336608055,26327.382012691312,26463.101878690468,26503.256305832372,26422.947451548564,1466
1776425400,26543.25,26554.75,26540.25,26551.75,,,,26511.2125,26487.255,0,0,26531.32704602943,26514.20396562314,26492.019323407738,26329.614529977967,26463.51772916151,26504.015602856427,26423.019855466595,2021
1776426300,26552.75,26568.25,26550,26565.75,,,,26516.6625,26489.025,0,0,26538.211636823544,26518.88996874831,26494.91072248979,26331.964136644852,26464.021260971993,26505.016806602853,26423.025715341133,2158
1776427200,26566.5,26595,26561.5,26589.75,,,,26522.15,26491.18,1,0,26548.519309458836,26525.33178977119,26498.62990984313,26334.529170111073,26465.04836107892,26507.312062286834,26422.784659871006,3679
1776428100,26590.75,26625,26570.25,26620,,,,26529.6375,26493.99,0,0,26562.815447567067,26533.93799070108,26503.38952122183,26337.369675881113,26466.9655298613,26511.982871797183,26421.948187925416,5870
1776429000,26620.25,26645.75,26606.25,26608.25,,,,26535.9125,26496.915,0,0,26571.902358053652,26540.693627910074,26507.50169686019,26340.06500248926,26468.96987319511,26516.958582628296,26420.981163761924,5687
1776429900,26607.5,26745.75,26602.25,26741.5,,,,26548.575,26501.935,0,0,26605.821886442922,26558.948752645523,26516.678100904886,26344.059380573945,26477.807729577606,26542.199001585333,26413.416457569878,17557
1776430800,26742,26817.75,26699.25,26804.5,,,,26564.575,26508.29,0,0,26645.557509154336,26581.27159331411,26527.965234202733,26348.640879274702,26488.57366245756,26572.636323851006,26404.51100106411,17059
1776431700,26805.25,26807.25,26684,26692.25,,,,26574.3,26512.385,0,0,26654.89600732347,26591.360539376466,26534.40777403792,26352.059875500825,26498.141091606434,26592.91198061289,26403.370202599977,19538
1776432600,26692.5,26720.25,26629.5,26705.5,,,,26583.9375,26516.64,0,0,26665.016805858777,26601.736853978608,26541.117273095257,26355.57669266002,26511.631340651948,26614.943012425465,26408.31966887843,38001
1776433500,26706,26739,26632.25,26731.25,,,,26594.5625,26521.61,0,0,26678.26344468702,26613.51077634419,26548.57345846407,26359.314735519125,26522.641879388793,26632.25098789149,26413.032770886097,32539
1776434400,26731.75,26776,26725,26769.25,,,,26607.1125,26527.17,0,0,26696.460755749617,26627.668887585627,26557.227440485087,26363.393693374655,26530.89112242039,26646.882414653453,26414.89983018733,20422
1776435300,26769.5,26770.75,26714.5,26739.75,,,,26617.725,26532.2,0,0,26705.118604599695,26637.858079623296,26564.385187917043,26367.13853224655,26537.31541085979,26657.134956684517,26417.49586503506,18220
1776436200,26740,26838,26740,26832,,,,26633.325,26539.265,0,0,26730.494883679756,26655.507345112088,26574.8798864301,26371.764019487877,26803.333333333332,26803.333333333332,26803.333333333332,23196
1776437100,26832.25,26855.75,26802,26827.25,,,,26647.8375,26546.455,0,0,26749.845906943803,26671.12031373826,26584.776753628918,26376.296218298943,26815.265164319244,26827.752245007097,26802.77808363139,21179
1776438000,26827.75,26855.25,26811,26821,,,,26661.7125,26553.515,0,0,26764.07672555504,26684.745739762056,26594.040410349353,26380.7211315497,26819.211146799327,26831.47309387974,26806.949199718914,17737
1776438900,26821.5,26850,26807,26842.25,,,,26677.6375,26561.06,0,0,26779.711380444034,26699.064308874596,26603.774119747417,26385.313458598957,26821.883597849206,26834.184834053707,26809.582361644705,14821
1776439800,26842.75,26877,26816.5,26817.5,,,,26692.9875,26568.3,0,0,26787.269104355226,26709.831189885997,26612.155526816146,26389.613822194988,26824.650523875258,26837.212076836222,26812.088970914294,17237
1776440700,26817.25,26852.5,26799.25,26804.75,,,,26706.9,26575.255,0,0,26790.76528348418,26718.460172623632,26619.708251254728,26393.744530431853,26823.874466642737,26835.73423444953,26812.014698835945,14497
1776441600,26804.75,26862.5,26791.5,26848,,,,26722.7625,26583.115,0,0,26802.212226787342,26730.236520566938,26628.66086885258,26398.26448535293,26824.989548103564,26836.617611122412,26813.361485084715,13448
1776442500,26847,26858.5,26823.75,26856,,,,26738.4125,26591.05,0,0,26812.969781429874,26741.66956415176,26637.576128897577,26402.819067588225,26826.67124549716,26839.204296684886,26814.138194309435,10579
1776443400,26856.75,26884.75,26856.25,26871.5,,,,26754.4,26599.045,0,0,26824.6758251439,26753.472331047054,26646.74961403885,26407.48255945302,26830.345520464845,26847.45609995056,26813.23494097913,12042
1776444300,26872.5,26882.5,26853.5,26859.25,,,,26769.075,26606.715,0,0,26831.59066011512,26763.08848277005,26655.082962507913,26411.97775786642,26832.164369629787,26850.530567199716,26813.79817205986,7997
1776445200,26859.5,26877.25,26813.75,26840.25,,,,26781.6,26614.135,0,0,26833.322528092096,26770.10316615459,26662.344414958585,26416.239173211034,26833.246473613184,26851.055951865674,26815.436995360695,15735
1776446100,26840.75,26846.75,26735.5,26771.75,,,,26789.1875,26620.305,0,0,26821.008022473678,26770.252878322353,26666.634830058247,26419.776594373114,26825.971099430375,26849.84957943891,26802.09261942184,29674
1776447000,26771.75,26804,26760,26792,,,,26798.375,26626.995,0,0,26815.20641797894,26772.229889383958,26671.551111232435,26423.480309851988,26823.14472011821,26848.391396455416,26797.898043781002,14811
1776447900,26791.75,26828.75,26789.25,26808,,,,26801.7,26634.03,0,0,26813.765134383153,26775.48171762178,26676.90204804685,26427.306376420624,26822.490135044856,26847.342202732278,26797.638067357435,10084
1776448800,26808.25,26822,26760.25,26768.25,,,,26799.8875,26640.115,0,0,26804.662107506523,26774.824288747073,26680.48432067246,26430.698850287084,26820.270426974937,26846.04024420826,26794.500609741615,13464
1776449700,26767.75,26811.5,26755.5,26784.5,,,,26804.5,26646.495,0,0,26800.629686005217,26775.703898860975,26684.5633669206,26434.219259736965,26817.73931660083,26844.268028735245,26791.210604466414,17655
1776450600,26785,26814,26785,26806.25,,,,26809.5375,26653.155,0,0,26801.753748804174,26778.48081714634,26689.33539174724,26437.92105814754,26817.190541777964,26843.42204055894,26790.959042996987,9033
1776451500,26807.5,26813.75,26768,26784.75,,,,26812.2125,26659.67,0,0,26798.352999043338,26779.05074286031,26693.077141090485,26441.37209239483,26816.077142613784,26842.371780478603,26789.782504748964,10756
1776452400,26785,26796.75,26757.75,26766,,,,26812.05,26665.865,0,0,26791.88239923467,26777.864311691188,26695.93686104772,26444.602220828714,26814.728227315358,26841.656212800135,26787.80024183058,8963
1776453300,26766.75,26795,26763.25,26778.75,,,,26814,26672.305,0,0,26789.255919387735,26777.94482881017,26699.18443512428,26447.927074352807,26813.73280277831,26840.926327933637,26786.539277622986,8108
1776454200,26778.75,26828.25,26778.5,26823.5,,,,26813.575,26679.175,0,0,26796.104735510187,26782.086208009245,26704.059555315485,26451.664118389097,26813.588126603943,26840.24669564,26786.929557567888,12013
1776455100,26822.5,26831,26791.25,26827.5,,,,26813.5875,26686.32,0,0,26802.38378840815,26786.214734553858,26708.900357067818,26455.403778902637,26813.820905008863,26839.43516844807,26788.206641569654,25535
1776456000,26827.75,26842.25,26822,26840.25,,,,26814.55,26693.47,0,0,26809.95703072652,26791.127031412598,26714.051323457315,26459.233094535448,26814.340273263453,26839.845512354532,26788.835034172374,8327
1776456900,26841,26845,26816,26819.75,,,,26813.425,26700.1,0,0,26811.915624581216,26793.729119466,26718.196369596244,26462.82032742564,26814.438317409727,26839.868010509304,26789.00862431015,2647
1776457800,26820.25,26842.75,26818.5,26831.5,,,,26814.125,26707.04,0,0,26815.83249966497,26797.16283587818,26722.63964921992,26466.488781879118,26814.510939056196,26839.90800127542,26789.11387683697,1503
1776458700,26831,26844.75,26828.5,26840.75,,,,26815.925,26713.9,0,0,26820.815999731978,26801.1253053438,26727.271427681884,26470.212774099225,26814.63698824567,26840.023881342997,26789.250095148345,1840
1776636000,26599.75,26659.25,26535,26614.75,,,,26804.2625,26715.94,0,0,26779.60279978558,26784.182095767093,26722.858822674752,26471.65095545147,26808.327125858512,26852.15479906139,26764.499452655633,10537
1776636900,26614.75,26641,26608.25,26623,,,,26792.6125,26718.025,0,0,26748.282239828466,26769.529177970086,26718.942790413,26473.156916093743,26806.74558083995,26853.577886356623,26759.913275323277,3060
1776637800,26623.5,26657,26618.5,26652.25,,,,26781.65,26720.705,0,0,26729.07579186277,26758.86743451826,26716.32738686739,26474.93893682913,26805.684102196774,26854.183701144342,26757.184503249206,2320
1776638700,26654,26675,26635.75,26665,,,,26771.9375,26723.455,0,0,26716.260633490216,26750.334031380236,26714.31454816671,26476.830091686552,26804.600363294143,26854.5315753223,26754.669151265985,2663
1776639600,26665.75,26682,26649.25,26656.25,,,,26762.7375,26726.18,0,0,26704.258506792172,26741.780937618398,26712.03750706213,26478.615364406087,26803.687137448604,26854.736518348953,26752.637756548254,2338
1776640500,26656,26665.75,26646.75,26658.75,,,,26757.0875,26728.615,0,0,26695.156805433737,26734.232670562178,26709.94780090283,26480.407748839858,26803.111532683695,26854.878914575864,26751.344150791527,1434
1776641400,26660,26663.5,26647.75,26656.25,,,,26750.3,26730.87,0,0,26687.375444346988,26727.143336874706,26707.842004788996,26482.157422980756,26802.632829499882,26854.99144646931,26750.274212530454,1191
1776642300,26656,26665.25,26636.75,26659.75,,,,26742.8875,26733.59,0,0,26681.85035547759,26721.016669886096,26705.956043816877,26483.924513299356,26801.876121374535,26855.162496560875,26748.589746188194,1874
1776643200,26658.25,26662.25,26616,26620,,,,26735.475,26735.78,0,0,26669.480284382073,26711.833336260086,26702.58521856916,26485.278498241652,26799.951679967355,26855.88823693321,26744.0151230015,4239
1776644100,26619.25,26654.75,26618,26652.5,,,,26728.875,26738.3,0,0,26666.084227505657,26706.43939660008,26700.62109235076,26486.942393781537,26798.94446941246,26856.104821192148,26741.784117632775,2387
1776645000,26652,26663,26640,26649,,,,26721.0125,26740.665,0,0,26662.667382004525,26701.217633272798,26698.596735787985,26488.554907276248,26798.327319688025,26856.16187366946,26740.49276570659,1567
1776645900,26648.75,26665,26647,26656.75,,,,26714.6125,26742.94,0,0,26661.48390560362,26697.175121157088,26696.95568732571,26490.228490288424,26797.941563183187,26856.16881159273,26739.714314773642,1025
1776646800,26657.75,26700,26653,26697.25,,,,26711.175,26745.85,0,0,26668.6371244829,26697.181928324626,26696.967228999212,26492.288405807943,26796.91813897931,26855.878083054424,26737.958194904193,3404
1776647700,26697,26698,26677.75,26689,,,,26706.6875,26748.315,0,0,26672.709699586318,26696.438116658752,26696.6547886463,26494.245735103388,26796.479730719046,26855.72244511277,26737.23701632532,1543
1776648600,26688.25,26711,26688.25,26704,,,,26700.7125,26750.6,0,0,26678.967759669053,26697.125560598866,26696.942836150367,26496.332842216787,26796.11101250085,26855.53467990808,26736.68734509362,1484
1776649500,26704.75,26714.75,26702.25,26705.25,,,,26694.6,26752.305,0,0,26684.224207735242,26697.86414599897,26697.268607281727,26498.411619906172,26795.864292491948,26855.38883723521,26736.339747748687,1071
1776650400,26705.75,26706.25,26688,26693,,,,26687.2375,26754,0,0,26685.979366188192,26697.421950908156,26697.10121091774,26500.347822693177,26795.550389578886,26855.24452362185,26735.856255535924,1211
1776651300,26692,26703.25,26690.25,26697,,,,26681.1,26753.11,0,0,26688.183492950553,26697.383591734688,26697.097241862142,26502.304560775832,26795.327506503432,26855.138014882403,26735.51699812446,874
1776652200,26697.25,26698.75,26688.75,26692.75,,,,26674.1625,26750.875,0,0,26689.09679436044,26696.962356122443,26696.926761789116,26504.1995402706,26795.170054148115,26855.0682285404,26735.27187975583,599
1776653100,26692.5,26695.75,26684.75,26694.5,,,,26666.85,26750.92,0,0,26690.177435488353,26696.738505565856,26696.831594660132,26506.093077183334,26794.997082536156,26854.99432180504,26734.999843267273,649
1776654000,26694.25,26700.75,26686,26689,,,,26670.5625,26750.59,0,0,26689.941948390682,26696.035005059868,26696.524473300913,26507.913046564594,26794.800243857095,26854.90886543925,26734.69162227494,743
1776654900,26688.5,26696.75,26682,26691.25,,,,26673.975,26749.79,0,0,26690.203558712547,26695.60000459988,26696.31763121068,26509.737294857485,26794.60425906971,26854.82709981944,26734.381418319983,729
1776655800,26692,26701.25,26687.5,26689,,,,26675.8125,26748.185,0,0,26689.962846970036,26695.00000418171,26696.03066528085,26511.521003366364,26794.4539969467,26854.759519997493,26734.148473895908,575
1776656700,26688.25,26688.25,26677,26679.25,,,,26676.525,26746.975,0,0,26687.82027757603,26693.568185619737,26695.37259997572,26513.1899486065,26794.2475039183,26854.69077708628,26733.80423075032,715
1776657600,26679,26682.25,26669,26675.5,,,,26677.4875,26743.845,0,0,26685.356222060822,26691.92562329067,26694.593282329613,26514.8049739935,26793.984432746056,26854.61806902141,26733.350796470702,869
1776658500,26675.5,26677,26665.5,26666.5,,,,26677.875,26740.63,0,0,26681.584977648658,26689.614202991517,26693.491584983352,26516.314377237348,26793.80455122489,26854.57829835159,26733.03080409819,568
1776659400,26666.5,26673.5,26654.25,26672.5,,,,26678.6875,26737.66,0,0,26679.767982118927,26688.058366355926,26692.66838557224,26517.868463035982,26793.49040420339,26854.51606498918,26732.464743417597,973
1776660300,26673.25,26681.25,26664.25,26675.5,,,,26679.475,26734.325,0,0,26678.91438569514,26686.916696687207,26691.9951155498,26519.436936040598,26793.247306565085,26854.448985884876,26732.045627245294,800
1776661200,26675.5,26678.5,26666.75,26669.25,,,,26681.9375,26731.36,0,0,26676.981508556113,26685.310633352008,26691.10315023412,26520.927613293927,26793.079885750263,26854.405653014044,26731.754118486482,543
1776662100,26669,26675.25,26646,26648.25,,,,26681.725,26728.23,0,0,26671.23520684489,26681.941484865463,26689.422634538667,26522.194502713886,26792.68842671272,26854.359998323216,26731.016855102225,1135
1776663000,26648.25,26649.75,26612,26615,,,,26680.025,26723.57,0,0,26659.988165475912,26675.85589533224,26686.504099850878,26523.11794049783,26791.69261248823,26854.51085485393,26728.874370122532,2374
1776663900,26614.75,26641.75,26614,26635,,,,26678.9375,26719.15,0,0,26654.99053238073,26672.14172302931,26684.484331229276,26524.231194821234,26791.14374621623,26854.555297381314,26727.732195051143,1359
1776664800,26636,26660.75,26633.25,26652.25,,,,26676.6875,26714.765,0,0,26654.442425904585,26670.3333845721,26683.22023980852,26525.505013778235,26790.54356033241,26854.490247508693,26726.59687315613,1692
1776665700,26652.25,26655.75,26644.5,26655,,,,26674.9875,26710.68,0,0,26654.55394072367,26668.93944052009,26682.1135637376,26526.793521103824,26790.227917363623,26854.44309322696,26726.012741500286,915
1776666600,26656.75,26671.25,26652,26657.25,,,,26672.65,26707.02,0,0,26655.093152578935,26667.876764109173,26681.1385220224,26528.091595520702,26789.754453197158,26854.329470150147,26725.17943624417,1470
1776667500,26656.5,26701.25,26648,26687.25,,,,26671.75,26705.33,1,0,26661.524522063148,26669.637967371975,26681.378187825445,26529.675261236913,26789.047008757312,26854.018598149305,26724.07541936532,2592
1776668400,26689,26712.25,26682.25,26704.25,,,,26672.3125,26703.575,0,0,26670.06961765052,26672.784515792704,26682.275121636212,26531.412323314158,26788.491337831103,26853.64110308748,26723.341572574725,2540
1776669300,26703.75,26721.25,26683.75,26689.25,,,,26671.925,26701.2,0,0,26673.905694120414,26674.281377993368,26682.54864627793,26532.982847460287,26787.9765231733,26853.295744157065,26722.657302189535,2342
1776670200,26688.25,26693.5,26646.25,26668,,,,26670.6875,26699.195,0,0,26672.724555296332,26673.710343630333,26681.978111129774,26534.326301714413,26787.154344730883,26852.987413392002,26721.321276069764,2868
1776671100,26665.25,26670.5,26650,26669,,,,26669.4125,26696.885,0,0,26671.979644237064,26673.28213057303,26681.469165595274,26535.666338513274,26786.744658978412,26852.852907288823,26720.636410668,1373
1776672000,26668.5,26672.75,26619,26646.25,,,,26667.275,26693.685,0,0,26666.83371538965,26670.8246641573,26680.08802184644,26536.76667345344,26785.78222355538,26852.677268328265,26718.887178782494,2861
1776672900,26647.5,26677,26641.5,26672.75,,,,26666.35,26691.445,0,0,26668.01697231172,26670.999694688453,26679.800256283834,26538.119741379276,26785.24558203544,26852.480006499714,26718.011157571167,1848
1776673800,26673.75,26675,26660,26670.5,,,,26665.425,26689.535,0,0,26668.51357784938,26670.954267898593,26679.435540351133,26539.436957882965,26784.94576332468,26852.35326489896,26717.538261750396,1082
1776674700,26670.5,26708.25,26667.5,26695.75,,,,26666.25,26687.875,0,0,26673.960862279502,26673.208425362358,26680.07532308246,26540.99231153587,26784.495992910226,26852.05640660826,26716.935579212193,2016
1776675600,26697,26720,26692.5,26698.75,,,,26667.4125,26685.38,0,0,26678.9186898236,26675.53038669305,26680.807663353735,26542.56203977929,26784.187795570506,26851.802723170822,26716.57286797019,1622
1776676500,26699.5,26704.75,26685.5,26698.25,,,,26669,26682.795,0,0,26682.78495185888,26677.59580608459,26681.49167655555,26544.111173711837,26783.942410567965,26851.622334454605,26716.262486681324,1188
1776677400,26697.5,26712.5,26695,26708,,,,26670.775,26680.15,0,0,26687.827961487106,26680.359823713265,26682.53121865141,26545.74190830177,26783.787251591,26851.49063968839,26716.083863493608,841
1776678300,26708,26708.5,26693,26694.25,,,,26671.7125,26677.64,0,0,26689.112369189686,26681.62256701206,26682.990778704294,26547.219600756478,26783.592539368754,26851.340794557775,26715.844284179733,978
1776679200,26695.25,26732.5,26691.5,26716.25,,,,26674.0625,26675.335,0,0,26694.53989535175,26684.77051546551,26684.29506189236,26548.901495276314,26783.288699650777,26851.046971912383,26715.53042738917,1861
1776680100,26716.75,26729.5,26706,26710.5,,,,26677.175,26672.73,0,0,26697.731916281402,26687.109559514098,26685.32270652403,26550.509440596947,26783.06792003691,26850.82647387812,26715.309366195695,1401
1776681000,26711.5,26711.5,26693.25,26695.5,,,,26681.2,26674.345,0,0,26697.285533025122,26687.872326831,26685.72181607211,26551.952132730312,26782.88722864337,26850.682409906298,26715.09204738044,941
1776681900,26695.75,26707,26693,26700.25,,,,26684.4625,26675.89,0,0,26697.8784264201,26688.997569846364,26686.291548775163,26553.42773339966,26782.67414162511,26850.51187326558,26714.83640998464,1115
1776682800,26701,26705.5,26680.75,26704.25,,,,26687.0625,26676.93,0,0,26699.15274113608,26690.384154405787,26686.995801764373,26554.92845247031,26782.330204571546,26850.248720325035,26714.411688818058,1743
1776683700,26705,26708.75,26687.75,26688.25,,,,26688.725,26677.395,0,0,26696.972192908863,26690.190140368897,26687.044986008907,26556.255035032795,26782.055581271346,26850.043542953947,26714.067619588746,1371
1776684600,26689,26711,26683,26710.25,,,,26691.375,26678.475,0,0,26699.62775432709,26692.013763971725,26687.954986557575,26557.787323241424,26781.63719348636,26849.695576557373,26713.578810415347,2276
1776685500,26710.5,26723.5,26700.5,26710,,,,26692.5125,26679.5,0,0,26701.702203461675,26693.64887633793,26688.81949688865,26559.30187723902,26781.272883476384,26849.342118492976,26713.203648459792,2285
1776686400,26710.5,26726.5,26702.5,26709.5,,,,26692.775,26680.565,0,0,26703.26176276934,26695.089887579936,26689.63049701066,26560.796385923208,26780.845795659752,26848.916008016105,26712.7755833034,2769
1776687300,26710.25,26727.5,26702,26716.25,,,,26694.125,26681.695,0,0,26705.85941021547,26697.01353416358,26690.674399088675,26562.343188053324,26780.542672759293,26848.600982526023,26712.484362992564,2060
1776688200,26717.5,26741.75,26710.75,26733,,,,26697.375,26683.955,0,0,26711.287528172375,26700.2850310578,26692.334226575393,26564.041265784137,26780.225901161008,26848.197404947456,26712.25439737456,2730
1776689100,26733,26776,26733,26750.5,,,,26701.45,26685.915,0,0,26719.130022537902,26704.850028234363,26694.615237297927,26565.896576572355,26779.954802933273,26847.638626072847,26712.2709797937,4539
1776690000,26751.75,26803,26739,26773.5,,,,26707.8125,26688.405,0,0,26730.004018030322,26711.09093475851,26697.70875740389,26567.962282278102,26779.835247479812,26847.02615914576,26712.644335813864,6769
1776690900,26774.75,26799.25,26762.5,26796.25,,,,26713.9875,26691.195,0,0,26743.253214424258,26718.832667962284,26701.57311985864,26570.233801857423,26779.911920772534,26846.68718140604,26713.13666013903,5791
1776691800,26796.5,26827.75,26733,26750.5,,,,26717.9875,26692.26,0,0,26744.702571539405,26721.71151632935,26703.491821040654,26572.02749537128,26779.32388120392,26844.03888772457,26714.60887468327,30739
1776692700,26750,26804,26715.75,26780.75,,,,26722.2375,26694.095,0,0,26751.912057231522,26727.0786512085,26706.521553548864,26574.104336213357,26778.829510661933,26842.29762949168,26715.361391832186,20455
1776693600,26782.75,26788.25,26735.5,26757,,,,26725.15,26695.155,0,0,26752.929645785218,26729.798773825907,26708.501100468515,26575.924193564468,26778.155332739094,26840.558103157764,26715.752562320424,19459
1776694500,26757.5,26774.5,26717.5,26729.5,,,,26726.7125,26695.64,0,0,26748.243716628174,26729.771612569006,26709.32458672465,26577.452311041437,26776.92273583759,26838.660341631705,26715.185130043476,18148
1776695400,26730,26740.25,26689,26695.75,,,,26726.1,26695.695,0,0,26737.74497330254,26726.678738699095,26708.79224999035,26578.62940247386,26708.333333333332,26708.333333333332,26708.333333333332,19933
1776696300,26696.75,26721,26611.25,26637.75,,,,26723.275,26694.51,0,0,26717.74597864203,26718.594307908268,26706.006279402493,26579.21766712586,26678.166221312957,26703.63344482897,26652.698997796942,27969
1776697200,26638.25,26661.25,26568.75,26621.5,,,,26718.5375,26693.085,0,0,26698.496782913622,26709.76755264388,26702.69230766122,26579.63838685595,26658.29611696038,26693.71583606918,26622.87639785158,23142
1776698100,26621.75,26710.75,26607,26699,,,,26717.9625,26693.175,0,0,26698.597426330896,26708.78868422171,26702.547511282348,26580.826064598677,26661.67559742859,26693.08343706381,26630.267757793372,22705
1776699000,26700.25,26700.25,26646.25,26656.25,,,,26716,26692.52,0,0,26690.12794106472,26704.012440201554,26700.73192260461,26581.576551518094,26662.43933202065,26691.813732447605,26633.064931593697,13919
1776699900,26656.5,26673.5,26634.25,26658.5,,,,26713.9125,26691.865,0,0,26683.802352851773,26699.874945637777,26699.075768776976,26582.341958965673,26661.8631108686,26690.072529226716,26633.65369251048,9624
1776700800,26658.25,26683.25,26639.25,26675.5,,,,26712.475,26691.595,0,0,26682.14188228142,26697.65904148889,26698.15122882494,26583.268904647608,26662.165631469976,26689.345374818666,26634.985888121286,9254
1776701700,26675.75,26687.75,26650.75,26675,,,,26711.8125,26691.51,0,0,26680.713505825137,26695.59912862626,26697.243337498472,26584.181651865045,26662.78023609679,26689.113685968514,26636.446786225068,9274
1776702600,26675,26699.75,26666.25,26686.25,,,,26710.6125,26691.725,0,0,26681.82080466011,26694.749207842055,26696.81222622402,26585.197257319123,26664.163287435455,26690.16291146727,26638.16366340364,9430
1776703500,26686.5,26695.5,26668.75,26679.25,,,,26709.075,26691.98,0,0,26681.306643728087,26693.34018894732,26696.123511470138,26586.133105505003,26664.858288210948,26690.54261369939,26639.173962722507,6190
1776704400,26679.5,26700,26660.5,26695.25,,,,26708.3625,26692.435,0,0,26684.09531498247,26693.51380813393,26696.08925611837,26587.218845748735,26665.974303197505,26691.372979589596,26640.575626805414,8768
1776705300,26696,26717.25,26691,26697,,,,26707.4,26692.865,0,0,26686.676251985977,26693.830734667208,26696.124971564706,26588.31119554228,26667.740299279438,26693.688517717634,26641.792080841242,8319
1776706200,26697,26720.75,26684.75,26708.25,,,,26706.1625,26693.645,0,0,26690.99100158878,26695.14157697019,26696.600462875893,26589.504616482158,26669.82543883219,26696.427675054092,26643.22320261029,10110
1776707100,26708,26727,26703.75,26707.5,,,,26704.0125,26694.83,0,0,26694.292801271025,26696.2650699729,26697.02789570429,26590.678699900247,26671.232691002675,26698.48894766969,26643.97643433566,6055
1776708000,26707.5,26731.75,26696.75,26723.75,,,,26701.525,26697.005,0,0,26700.18424101682,26698.763699975363,26698.075821362945,26592.002792438554,26673.62261707338,26702.067727966805,26645.177506179953,10079
1776708900,26724.75,26743,26717.25,26733.75,,,,26698.4,26698.98,0,0,26706.89739281346,26701.944272704877,26699.47480876048,26593.41321241429,26676.345593055332,26706.688261999585,26646.00292411108,9645
1776709800,26733.75,26738.75,26710,26725.25,,,,26697.1375,26700.44,0,0,26710.567914250765,26704.06297518625,26700.485600573793,26594.725021245988,26678.171806428327,26709.329335863764,26647.01427699289,8029
1776710700,26725.75,26748.5,26720.25,26732,,,,26694.7,26701.98,0,0,26714.854331400613,26706.602704714773,26701.72145937482,26596.090941432594,26680.018932965068,26712.22717444656,26647.810691483573,7326
1776711600,26732.75,26741.75,26727,26739.25,,,,26693.8125,26703.62,0,0,26719.73346512049,26709.570640649792,26703.19316685032,26597.515409677046,26681.37552853614,26714.33513123578,26648.4159258365,5458
1776712500,26739.25,26742.5,26720.25,26727.75,,,,26693.725,26704.43,0,0,26721.336772096394,26711.22330968163,26704.156179915015,26598.811276247423,26682.49561175193,26715.884117098187,26649.10710640567,5292
1776713400,26727.5,26738.25,26715.25,26719.75,,,,26694.925,26704.74,0,0,26721.019417677115,26711.998463346936,26704.76770227129,26600.014646633022,26683.802203594507,26717.46394842457,26650.140458764443,7416
1776714300,26720.25,26752,26709.25,26745.75,,,,26700.325,26705.87,0,0,26725.96553414169,26715.06678486085,26706.374851201825,26601.4647496516,26688.08636450096,26723.347620609282,26652.825108392637,21424
1776715200,26745.25,26752.75,26736,26742.75,,,,26706.3875,26707.365,0,0,26729.322427313353,26717.58344078259,26707.801327625282,26602.87057303815,26689.66670569092,26725.63489568834,26653.6985156935,7567
1776716100,26742.5,26748.5,26734.5,26743.5,,,,26708.6125,26708.855,0,0,26732.15794185068,26719.939491620535,26709.201275561547,26604.269870818865,26689.941986385176,26726.015572791206,26653.868399979146,1407
1776717000,26743.25,26809.75,26729.25,26792.25,,,,26715.4125,26711.775,0,0,26744.176353480543,26726.513174200485,26712.458088284624,26606.140319865444,26692.601113335088,26731.152937847575,26654.0492888226,8446
1776717900,26791.5,26792,26768.5,26774.25,,,,26721.2,26713.805,0,0,26750.191082784433,26730.852885636803,26714.881300508758,26607.81305300111,26693.29571142902,26732.451797513906,26654.13962534413,2263
1776722400,26776.75,26817.5,26756.5,26804.75,,,,26727.6625,26716.49,0,0,26761.102866227546,26737.570805124367,26718.405563233904,26609.77262461304,26694.099580302907,26734.102870825263,26654.09628978055,2270
1776723300,26802.25,26809,26796.5,26800,,,,26733.9125,26718.575,0,0,26768.882292982038,26743.2461864767,26721.60534506787,26611.665434318384,26694.356320290128,26734.655741090446,26654.05689948981,672
1776724200,26800.75,26809,26794.5,26805.5,,,,26739.875,26720.71,0,0,26776.20583438563,26748.90562406973,26724.895331535798,26613.594136464468,26694.639915017233,26735.266684437764,26654.013145596702,738
1776725100,26805.5,26813.75,26803.5,26810.25,,,,26746.425,26722.95,0,0,26783.014667508505,26754.482385517935,26728.242573436353,26615.550911226015,26694.833217985746,26735.697010621505,26653.969425349987,478
1776726000,26810.5,26812.5,26803,26809,,,,26752.1125,26724.97,0,0,26788.211734006803,26759.43853228903,26731.40953134081,26617.47577778098,26695.014212687944,26736.095385702254,26653.933039673633,453
1776726900,26809.25,26810.75,26793.5,26798,,,,26757.1625,26727.045,0,0,26790.169387205442,26762.944120262753,26734.02092226862,26619.272038698582,26695.244449896927,26736.575784660476,26653.91311513338,619
1776727800,26796.75,26802.25,26793.75,26798,,,,26761.65,26728.68,0,0,26791.735509764352,26766.131018420685,26736.529905709067,26621.050426373222,26695.447193297194,26736.988745888346,26653.90564070604,562
1776728700,26798.5,26802,26791.5,26796.75,,,,26766.1125,26730.405,0,0,26792.73840781148,26768.91456220062,26738.891478034202,26622.79868083717,26695.736577198826,26737.569609297432,26653.90354510022,816
1776729600,26796.75,26819,26796.5,26812,,,,26770.525,26732.735,0,0,26796.590726249186,26772.831420182385,26741.758478895605,26624.681281027846,26696.457845473305,26739.1212738934,26653.79441705321,1828
1776730500,26811.25,26817.75,26794.25,26797.5,,,,26773.7125,26734.68,0,0,26796.77258099935,26775.074018347623,26743.944420899697,26626.40087027135,26696.969842129798,26740.16483310116,26653.774851158436,1386
1776731400,26798.75,26803.5,26785,26798,,,,26777.35,26736.555,0,0,26797.01806479948,26777.15819849784,26746.06424753108,26628.1083242985,26697.471073580786,26741.122544380047,26653.819602781525,1477
1776732300,26798.25,26838.5,26798.25,26824,,,,26781.95,26739.27,0,0,26802.414451839584,26781.416544088945,26749.12055154947,26630.057495201003,26698.718025469163,26743.858290503704,26653.577760434622,2979
1776733200,26825,26826.75,26812.5,26816.5,,,,26785.8125,26741.395,0,0,26805.231561471668,26784.605949171768,26751.762882861254,26631.912644502485,26699.09686651804,26744.665164914088,26653.528568121994,930
1776734100,26815.75,26831,26812.25,26830,,,,26790.925,26743.795,0,0,26810.185249177335,26788.732681065245,26754.83100510199,26633.883662965145,26699.506932729935,26745.560125262375,26653.453740197496,966
1776735000,26829.75,26837.25,26818,26827.5,,,,26796.3125,26746.155,0,0,26813.648199341867,26792.256982786585,26757.680769607796,26635.81019368191,26700.126476893874,26746.91966313111,26653.33329065664,1435
1776735900,26826,26828.5,26807.25,26812.75,,,,26799.6625,26748.085,0,0,26813.468559473495,26794.11998435144,26759.840347270234,26637.57078876965,26700.51632745736,26747.710950069908,26653.321704844813,1000
1776736800,26813,26822,26808.25,26821,,,,26803.575,26749.845,0,0,26814.974847578796,26796.563622137674,26762.238765024344,26639.39595505055,26700.807745948656,26748.30141826451,26653.314073632802,746
1776737700,26820.25,26823,26815.75,26821.75,,,,26807.4875,26751.27,0,0,26816.329878063036,26798.85329285243,26764.572538944958,26641.2104231595,26700.97510998891,26748.645168088122,26653.3050518897,419
1776738600,26821.75,26822.5,26811.25,26820,,,,26808.875,26752.2,0,0,26817.063902450427,26800.775720774935,26766.746164868684,26642.989423924082,26701.204380354367,26749.10780272673,26653.300957982006,587
1776739500,26819.25,26821.5,26810.5,26812,,,,26810.7625,26752.515,0,0,26816.051121960343,26801.796109795396,26768.52082506991,26644.67112119847,26701.394299455053,26749.48181767888,26653.306781231226,502
1776740400,26813.25,26817,26803.75,26806,,,,26810.825,26753.625,0,0,26814.040897568273,26802.17828163218,26769.9905966358,26646.276383674107,26701.654669283347,26749.97379181752,26653.335546749175,728
1776741300,26805.75,26807.25,26790,26805.25,,,,26811.0875,26754.115,0,0,26812.28271805462,26802.457528756528,26771.373318336355,26647.858210702227,26701.989371341682,26750.568603025637,26653.410139657728,1018
1776742200,26804.5,26809,26800.5,26804,,,,26811.0125,26755.055,0,0,26810.626174443696,26802.597753415026,26772.652796048653,26649.41186034698,26702.138339755213,26750.839068073827,26653.4376114366,439
1776743100,26804.75,26813.75,26804,26812.25,,,,26811.1125,26756.71,0,0,26810.950939554958,26803.475230377295,26774.205627576157,26651.032140343526,26702.29806086247,26751.13914108961,26653.456980635332,448
1776744000,26812.25,26819.75,26811.75,26817.5,,,,26811.5375,26759.145,0,0,26812.260751643968,26804.750209433903,26775.903446102584,26652.688536957023,26702.51513332035,26751.562223712343,26653.468042928358,577
1776744900,26816.5,26827.5,26816.5,26824,,,,26812.8375,26762.87,0,0,26814.608601315173,26806.500190394458,26777.78958547111,26654.393128629094,26702.74538825174,26752.026413873493,26653.464362629988,582
1776745800,26824.25,26831.25,26822.75,26823.75,,,,26814.125,26766.915,0,0,26816.436881052137,26808.06835490405,26779.59195466832,26656.078271627808,26702.917919167005,26752.379406294884,26653.456432039126,426
1776746700,26822.75,26830,26822.75,26825.5,,,,26815.5625,26769.445,0,0,26818.24950484171,26809.653049912773,26781.392270171524,26657.76405996982,26703.046973334993,26752.64287696247,26653.451069707517,319
1776747600,26825.5,26843.5,26820.75,26839.75,,,,26816.95,26773.115,0,0,26822.54960387337,26812.38913628434,26783.68080859617,26659.574865343257,26703.604038152487,26753.827074888097,26653.381001416878,1294
1776748500,26839.5,26844.25,26834.25,26838.5,,,,26819,26776.715,0,0,26825.739683098695,26814.76285116758,26785.830580808088,26661.355214941832,26703.91420642431,26754.49557136318,26653.33284148544,702
1776749400,26838,26838.25,26829.75,26829.75,,,,26820.5875,26779.8,0,0,26826.541746478957,26816.125319243252,26787.552910972478,26663.03078494241,26704.07775288161,26754.8344187659,26653.321086997323,390
1776750300,26829.5,26829.5,26819,26826.75,,,,26820.725,26782.835,0,0,26826.583397183167,26817.091199312046,26789.090051718656,26664.659831858407,26704.394392705635,26755.460161235118,26653.328624176153,805
1776751200,26826.5,26857.25,26823.25,26852.75,,,,26822.5375,26786.165,0,0,26831.816717746533,26820.332908465498,26791.58652027871,26666.531375820014,26705.234548065855,26757.282608911286,26653.186487220424,1857
1776752100,26853.25,26855.5,26841.5,26845.25,,,,26823.3,26789.485,0,0,26834.503374197226,26822.598098604998,26793.69097046386,26668.309670587973,26705.556320399486,26757.982617554553,26653.13002324442,702
1776753000,26846.25,26856.25,26842.75,26850.25,,,,26824.4375,26792.585,0,0,26837.65269935778,26825.111907822724,26795.90897162214,26670.12002212441,26705.8731154122,26758.67517591391,26653.071054910488,683
1776753900,26850.25,26853,26842.25,26846.25,,,,26826.1125,26795.57,0,0,26839.37215948622,26827.033552566114,26797.88312959774,26671.8725592177,26706.112684446292,26759.18925642517,26653.036112467416,528
1776754800,26846.25,26847.25,26816.5,26820,,,,26826.0625,26797.805,0,0,26835.497727588976,26826.39413869647,26798.750457848808,26673.346464101105,26706.720988247995,26760.356584962414,26653.085391533576,1563
1776755700,26821.25,26828.5,26808,26819.25,,,,26825.9375,26800.04,0,0,26832.24818207118,26825.744671542245,26799.55436146258,26674.79824057771,26707.178045803998,26761.177505615437,26653.17858599256,1284
1776756600,26820.5,26826,26806.5,26822.5,,,,26826.0625,26802.015,0,0,26830.298545656944,26825.44970140204,26800.45419042483,26676.267909825696,26707.525365307152,26761.796132578576,26653.254598035728,985
1776757500,26821,26839.75,26812.5,26813.25,,,,26826.125,26803.605,0,0,26826.888836525555,26824.34063763822,26800.95598687876,26677.63091569808,26707.935810736057,26762.53882489874,26653.332796573373,1136
1776758400,26813.25,26818.25,26797.25,26802,,,,26825.925,26805.14,0,0,26821.911069220445,26822.309670580198,26800.996928569788,26678.868419024468,26708.35392340456,26763.212950236004,26653.494896573116,1357
1776759300,26801.25,26832.75,26801.25,26827.25,,,,26827.025,26807.045,0,0,26822.978855376357,26822.758791436543,26802.026460782738,26680.344852666014,26708.735648723185,26763.889006122336,26653.582291324034,1086
1776760200,26826.75,26854,26819,26847,,,,26829.175,26809.2,0,0,26827.783084301085,26824.962537669584,26803.790128987337,26682.00311283849,26709.27484243429,26764.951443013033,26653.598241855547,1315
1776761100,26848.25,26854.75,26836.5,26837,,,,26830.4125,26811.385,0,0,26829.626467440867,26826.056852426893,26805.092476870188,26683.545370422187,26709.71078315378,26765.81565452161,26653.605911785948,1049
1776762000,26837.25,26837.25,26805.5,26816.25,,,,26830.35,26813.315,0,0,26826.951173952693,26825.165320388085,26805.53002679685,26684.86581449759,26710.371968775555,26766.950167895044,26653.793769656066,1943
1776762900,26815.75,26823.75,26812.75,26821,,,,26830.2,26814.82,0,0,26825.760939162155,26824.78665489826,26806.13669241266,26686.220383507563,26710.558851001548,26767.26767575788,26653.850026245214,556
1776763800,26822.25,26831.25,26820.5,26827.75,,,,26830.4,26816.52,0,0,26826.158751329724,26825.05604990751,26806.98427310236,26687.628638398037,26710.75195572539,26767.61043004192,26653.89348140886,540
1776764700,26828.25,26847,26826,26840.75,,,,26831.1625,26818.465,0,0,26829.07700106378,26826.48277264319,26808.30841925521,26689.152234035868,26711.308421415197,26768.65990192695,26653.956940903445,1425
1776765600,26841.25,26860.75,26834.5,26850.25,,,,26831.6875,26819.625,0,0,26833.311600851022,26828.643429675627,26809.953187127554,26690.75519688128,26711.849745157524,26769.730536547333,26653.968953767715,1290
1776766500,26849.25,26853,26842,26846.75,,,,26832.1,26821.075,0,0,26835.99928068082,26830.289481523298,26811.396199397062,26692.30738397699,26712.076733245176,26770.17365575136,26653.97981073899,549
1776767400,26847,26863.5,26845,26860.75,,,,26833.65,26822.195,0,0,26840.949424544655,26833.058619566633,26813.33164255796,26693.983429907566,26712.5314779809,26771.098103823526,26653.964852138277,1035
1776768300,26861.25,26882.5,26858.5,26872,,,,26835.9125,26823.635,0,0,26847.159539635722,26836.598745060575,26815.63236245765,26695.754739062715,26713.333923145252,26772.82509161091,26653.842754679594,1672
1776769200,26871.75,26884.25,26840,26855.5,,,,26836.05,26824.635,0,0,26848.827631708577,26838.31704096416,26817.195799224017,26697.34424414667,26714.822697390104,26775.808476508977,26653.83691827123,3388
1776770100,26856.5,26875.5,26849.25,26875,,,,26837.5375,26825.93,0,0,26854.062105366862,26841.651855421966,26819.462630626997,26699.111963110383,26715.55344772547,26777.2925890506,26653.814306400338,1614
1776771000,26875.5,26901.75,26874.25,26887,,,,26839.375,26827.49,0,0,26860.64968429349,26845.77441401997,26822.111154916132,26700.98149581575,26717.086769612106,26780.642395671697,26653.531143552515,3013
1776771900,26887.75,26895.5,26868.5,26871.25,,,,26840.625,26828.955,0,0,26862.76974743479,26848.090376381788,26824.038168448835,26702.675709787734,26718.09881442086,26782.722550421102,26653.47507842062,2135
1776772800,26871.5,26880.25,26855.75,26856.75,,,,26842.4625,26830.13,0,0,26861.565797947835,26848.877614892535,26825.32098537241,26704.208787302283,26719.192055379757,26784.793667414015,26653.5904433455,2565
1776773700,26855.75,26860.75,26828,26859.75,,,,26844.4875,26831.39,0,0,26861.202638358267,26849.866013538667,26826.671142808787,26705.756461060468,26720.63551201743,26787.283167391244,26653.987856643616,3841
1776774600,26860.5,26872.75,26817,26829,,,,26844.8125,26831.73,0,0,26854.762110686614,26847.96910321697,26826.762470541777,26706.98276493051,26722.680285384136,26790.537425914994,26654.82314485328,6065
1776775500,26829.5,26842,26812,26820.75,,,,26845.1875,26832.195,0,0,26847.95968854929,26845.494639288154,26826.526687383277,26708.114777219762,26723.79834175281,26792.11592167882,26655.4807618268,3901
1776776400,26823.25,26827.25,26801,26810.25,,,,26845.6,26832.44,0,0,26840.41775083943,26842.290581171048,26825.888385917267,26709.131048093197,26724.553165009074,26793.068558600535,26656.037771417614,3050
1776777300,26810,26818.75,26798.5,26808.75,,,,26844.675,26832.135,0,0,26834.084200671547,26839.241437428227,26825.216292351884,26710.122281445503,26725.72071000969,26794.466923162927,26656.974496856452,5064
1776778200,26808,26826.5,26726.75,26768.5,,,,26840.75,26831.175,0,1,26820.967360537237,26832.810397662026,26822.99212402436,26710.70315426694,26729.546287861376,26796.78208382508,26662.31049189767,31455
1776779100,26768.5,26839,26742.75,26838.5,,,,26840.825,26831.345,0,0,26824.47388842979,26833.327634238205,26823.600276023404,26711.974764672243,26733.550561179432,26801.221036058312,26665.880086300553,21678
1776780000,26838.75,26877.5,26821,26856.75,,,,26842.85,26831.93,0,0,26830.929110743833,26835.45694021655,26824.900265198958,26713.415314277492,26738.9140349134,26809.459720316852,26668.368349509947,19867
1776780900,26857,26885.25,26815,26842,,,,26843.9,26832.515,0,0,26833.143288595067,26836.051763833228,26825.570843034293,26714.69476388667,26742.971597026015,26815.18224550238,26670.76094854965,17009
1776781800,26842,26859.5,26818,26825.25,,,,26843.775,26832.6,0,0,26831.564630876055,26835.069785302934,26825.558260954516,26715.7948159873,26834.25,26834.25,26834.25,16488
1776782700,26824.75,26829.25,26730,26736.75,,,,26838.575,26830.9,0,0,26812.601704700843,26826.131623002668,26822.07558405434,26716.00332528096,26794.14997971191,26828.143333537126,26760.156625886695,22944
1776783600,26737.75,26771,26662.5,26761.5,,,,26834.1375,26829.73,0,0,26802.381363760673,26820.256020911514,26819.700070954168,26716.456028511995,26765.759320501646,26805.739471558965,26725.779169444326,32837
1776784500,26761.25,26786.25,26706.25,26723.75,,,,26827.9875,26827.965,0,0,26786.65509100854,26811.482746283196,26815.937323073613,26716.528605342723,26759.62253208864,26796.54579644692,26722.69926773036,21248
1776785400,26723.25,26757,26692.5,26734.5,,,,26821.675,26826.535,0,0,26776.224072806832,26804.484314802907,26812.74370256092,26716.70742519006,26754.94306920921,26790.82709136562,26719.0590470528,16242
1776786300,26734.5,26762.5,26715.25,26731.5,,,,26814.65,26825.06,0,0,26767.279258245464,26797.849377093553,26809.557675009513,26716.854614989163,26752.771714214476,26787.009958012964,26718.533470415987,14572
1776787200,26733,26782.75,26720.75,26733,,,,26808.525,26823.64,0,0,26760.423406596372,26791.953979175956,26806.555413244434,26717.015265586284,26751.92654710624,26784.19791647725,26719.65517773523,16351
1776788100,26732.5,26754.25,26702,26704.5,,,,26800,26821.485,0,0,26749.238725277097,26784.00361743269,26802.553240176025,26716.89073558045,26749.51417956514,26781.650217885017,26717.378141245263,11597
1776789000,26704.25,26746.75,26670.75,26681.5,,,,26789.725,26818.765,0,0,26735.690980221676,26774.68510675699,26797.806054286768,26716.53858895776,26745.44414207143,26779.12973624006,26711.7585479028,13539
1776789900,26682,26715.25,26668.25,26670.75,,,,26779.7,26815.7,0,0,26722.70278417734,26765.236460688175,26792.82346392258,26716.082981107433,26741.43588032195,26777.310576912674,26705.561183731228,11725
1776790800,26670.75,26706.75,26617,26643.25,,,,26769.025,26812.09,0,0,26706.812227341874,26754.146782443797,26786.957837886403,26715.35827482776,26730.634658966897,26774.619474903036,26686.64984303076,25580
1776791700,26643.75,26655.5,26600,26634.25,,,,26757.75,26808.265,0,0,26692.2997818735,26743.247074948908,26780.96929522419,26714.551227317035,26723.613926253645,26773.188396874622,26674.03945563267,15220
1776792600,26635,26765.75,26632.25,26726,,,,26752.6,26805.99,0,0,26699.0398254988,26741.679159044463,26778.813636587947,26714.665145453186,26721.90950354552,26768.952676244386,26674.866330846657,26755
1776793500,26726.5,26730.25,26677.5,26699.25,,,,26746.525,26803.205,0,0,26699.08186039904,26737.82196276769,26775.693493976654,26714.511760921312,26720.846302098205,26766.808782429634,26674.883821766776,14076
1776794400,26699,26729.75,26699,26722.75,,,,26742.15,26801.065,0,0,26703.815488319233,26736.451784334266,26773.617278526588,26714.59373344946,26720.697023318142,26765.723379842657,26675.670666793627,10959
1776795300,26722.75,26730.5,26659.5,26678.75,,,,26735.65,26798.105,0,0,26698.802390655386,26731.206167576605,26769.89699309417,26714.237079385286,26719.22531050333,26763.667410229504,26674.783210777157,13412
1776796200,26679,26707.5,26677.75,26689.5,,,,26731.7,26794.84,0,0,26696.941912524308,26727.414697796914,26766.744169835576,26713.9909392919,26718.615910812812,26762.752409081604,26674.47941254402,6392
1776797100,26688.75,26746.25,26664.75,26724,,,,26725.975,26792.415,0,0,26702.353530019445,26727.104270724467,26765.06792788124,26714.090531935763,26718.25760415747,26761.26865608587,26675.246552229066,15762
1776798000,26724.25,26772.25,26720,26735.25,,,,26719.9,26790.115,0,0,26708.932824015556,26727.8447915677,26763.898597376094,26714.30107390655,26719.339781592567,26761.676910655166,26677.00265252997,14284
1776798900,26736.75,26780.5,26719,26777.25,,,,26716.6625,26788.735,0,0,26722.596259212445,26732.336174152453,26764.422181792717,26714.927431380118,26721.071638436148,26763.256221809945,26678.88705506235,14643
1776799800,26777.5,26786.5,26551.75,26573.25,,,,26704.0625,26783.8,0,0,26692.727007369955,26717.87379468405,26756.92523348712,26713.517705694743,26714.670752337628,26760.92956358559,26668.411941089667,27636
1776800700,26573.75,26649.75,26569.75,26642.25,,,,26699.3375,26780.26,0,0,26682.631605895964,26710.998904258227,26752.428165507234,26712.808574294795,26707.192157739646,26758.353671166195,26656.030644313098,31281
1776801600,26642,26794.25,26601.75,26748,,,,26698.6625,26778.77,0,0,26695.705284716772,26714.36264023475,26752.25451195793,26713.158737734648,26707.51942391971,26757.571737232054,26657.46711060737,18020
1776802500,26747.75,26773.75,26735.75,26738,,,,26699.375,26777.265,0,0,26704.164227773417,26716.5114911225,26751.69551148899,26713.405914473606,26708.13023964401,26758.06576769544,26658.194711592583,6126
1776803400,26738.5,26746.75,26713.25,26719.25,,,,26698.6125,26775.61,0,0,26707.181382218732,26716.760446475,26750.423138489423,26713.464064578347,26708.291878651402,26758.035675898842,26658.548081403962,3725
1776804300,26720,26744.25,26706.5,26721.25,,,,26698.1,26773.49,0,0,26709.995105774986,26717.168587704546,26749.27909384278,26713.541536572593,26708.38337406785,26757.996489890484,26658.770258245215,2469
1776808800,26729.5,26760.5,26727.75,26756.75,,,,26699.2875,26771.685,0,0,26719.34608461999,26720.766897913225,26749.572070554826,26713.97147153207,26708.604753330445,26758.169018376997,26659.040488283892,2362
1776809700,26756,26759,26746.25,26752,,,,26701.6625,26769.985,0,0,26725.87686769599,26723.606270830205,26749.667283474246,26714.34986485016,26708.69348294351,26758.24669347993,26659.140272407087,865
1776810600,26752.25,26757.25,26744.25,26749,,,,26705.0375,26768.64,0,0,26730.501494156793,26725.91479166382,26749.641115494862,26714.694642314338,26708.752824264364,26758.295379501018,26659.21026902771,612
1776811500,26749,26752.5,26733.75,26740.25,,,,26708.5125,26767.025,0,0,26732.451195325433,26727.217992421654,26749.272836455846,26714.948924480366,26708.83099578207,26758.341888233157,26659.320103330985,1003
1776812400,26740.25,26752.25,26735,26747,,,,26713.7,26765.41,0,0,26735.360956260345,26729.016356746957,26749.18370561444,26715.26784065469,26708.90590698934,26758.39228092381,26659.419533054872,896
1776813300,26746.75,26754,26742.25,26747.5,,,,26719.3625,26763.545,0,0,26737.788765008278,26730.69668795178,26749.117677943286,26715.588558658128,26708.96891296164,26758.44011615118,26659.497709772102,695
1776814200,26748.75,26762.25,26739,26760.75,,,,26721.1,26761.755,0,0,26742.381012006623,26733.42880722889,26749.573847435706,26716.03792623367,26709.089560272747,26758.549252887176,26659.629867658317,1156
1776815100,26760.75,26777.25,26759.5,26773.5,,,,26724.8125,26760.29,0,0,26748.6048096053,26737.071642935356,26750.512127928425,26716.60968816169,26709.282051444967,26758.7819980175,26659.782104872433,1366
1776816000,26774.75,26811.25,26771.75,26803.75,,,,26728.8625,26759.15,0,0,26759.63384768424,26743.133311759415,26752.599887617507,26717.476755941178,26709.85956659798,26759.69283678118,26660.02629641478,2916
1776816900,26803.25,26817.5,26795.5,26803.5,,,,26735.1,26757.78,0,0,26768.407078147393,26748.62119250856,26754.595970456037,26718.332708618378,26710.199430569155,26760.268575739137,26660.130285399173,1554
1776817800,26803.25,26818,26803,26809.5,,,,26741.1,26756.86,0,0,26776.625662517916,26754.155629553235,26756.74906965384,26719.239845846056,26710.452985531385,26760.71075801648,26660.19521304629,1112
1776818700,26808,26809.25,26790,26797.75,,,,26744.7875,26755.315,0,0,26780.850530014333,26758.118754139305,26758.356949275258,26720.02104140978,26710.673389053976,26761.062118757265,26660.284659350687,1094
1776819600,26797.25,26813.25,26794.75,26803.5,,,,26748.2,26753.645,0,0,26785.380424011466,26762.24432194482,26760.127264989955,26720.85167781366,26710.906597074863,26761.44706979257,26660.366124357155,1103
1776820500,26803.75,26807.75,26792.75,26803.5,,,,26749.5125,26752.29,0,0,26789.004339209172,26765.994838131657,26761.828156558975,26721.6740491787,26711.109929764578,26761.774918531664,26660.44494099749,993
1776821400,26803,26832.75,26802.25,26817,,,,26761.7,26751.495,0,0,26794.603471367336,26770.63167102878,26763.991758262546,26722.622566102295,26711.591217896705,26762.642201688075,26660.540234105334,2010
1776822300,26816.5,26825.5,26808.5,26821.75,,,,26770.675,26750.735,0,0,26800.032777093867,26775.278791844346,26766.25678735029,26723.608908728143,26711.918459439847,26763.232559865086,26660.604359014607,1361
1776823200,26821.25,26831.5,26816.75,26826.5,,,,26774.6,26750.685,0,0,26805.326221675095,26779.93526531304,26768.61926627773,26724.632700681097,26712.15665928868,26763.677972114092,26660.63534646327,940
1776824100,26828,26837.75,26817.75,26828.5,,,,26779.125,26750.84,0,0,26809.960977340077,26784.350241193675,26770.967530345268,26725.666206146958,26712.41715556192,26764.17220882619,26660.662102297654,1005
1776825000,26828.75,26831,26816.5,26817.75,,,,26784.05,26750.99,0,0,26811.518781872062,26787.386582903342,26772.802136998394,26726.582462802213,26712.6653824631,26764.622883103726,26660.707881822473,1017
1776825900,26818.75,26823,26816,26817.25,,,,26788.85,26751.16,0,0,26812.66502549765,26790.10143900304,26774.545190449437,26727.484627351445,26712.76333795763,26764.79670352396,26660.7299723913,414
1776826800,26817.25,26826.25,26804.75,26808,,,,26791.4125,26751.95,0,0,26811.732020398118,26791.728580911855,26775.857143765144,26728.285775337998,26712.976610773934,26765.15939275667,26660.7938287912,956
1776827700,26807.75,26812.75,26804,26811.25,,,,26794.375,26751.405,0,0,26811.635616318494,26793.503255374413,26777.245098911608,26729.111290011253,26713.107036145528,26765.374686395782,26660.839385895273,609
1776828600,26812,26824.75,26804.75,26814.25,,,,26797.6375,26750.555,0,0,26812.158493054794,26795.389323067648,26778.696271503308,26729.958441354425,26713.39132253661,26765.860564205388,26660.92208086783,1264
1776829500,26814.75,26816.5,26805.5,26808,,,,26801.025,26749.875,0,0,26811.326794443834,26796.535748243317,26779.84543732671,26730.73497427627,26713.4918549737,26766.026212161505,26660.957497785897,470
1776830400,26808.5,26817.5,26795.25,26812.75,,,,26804.3125,26749.625,0,0,26811.611435555067,26798.009771130288,26781.135812333505,26731.55104418397,26713.712843681045,26766.385285734836,26661.040401627255,1053
1776831300,26812.75,26816.25,26795.25,26797.75,,,,26806.825,26750.845,0,0,26808.839148444054,26797.986155572988,26781.78734910474,26732.20974026174,26713.87364257759,26766.634794832262,26661.112490322917,816
1776832200,26797.5,26800.25,26792,26796.75,,,,26808.625,26751.55,0,0,26806.421318755245,26797.873777793626,26782.374119728083,26732.85193190093,26713.97642414553,26766.78489106537,26661.16795722569,566
1776833100,26796.5,26802,26774.5,26778.25,,,,26808.8625,26752.64,0,0,26800.787055004195,26796.089797994206,26782.212389542667,26733.303653971565,26714.149566199914,26767.0095751564,26661.289557243428,1111
1776834000,26777.25,26798.25,26765.5,26792.75,,,,26808.3125,26753.805,0,0,26799.179644003358,26795.78617999473,26782.625629168444,26733.895159902197,26714.32515714312,26767.238310734832,26661.41200355141,1123
1776834900,26792.25,26856.75,26791.5,26827.75,,,,26809.525,26755.73,0,0,26804.893715202685,26798.691981813394,26784.39521233831,26734.829038908145,26715.545437009776,26769.42489871865,26661.6659753009,5072
1776835800,26827.75,26840.5,26820.5,26835,,,,26810.8,26757.77,0,0,26810.914972162147,26801.99271073945,26786.37971381524,26735.82576488916,26715.854305007953,26769.994591076822,26661.714018939085,1227
1776836700,26834.5,26842.75,26829,26831.25,,,,26812.475,26760.305,0,0,26814.981977729716,26804.65246430859,26788.13933288131,26736.775259765884,26715.997548850275,26770.26151107372,26661.73358662683,560
1776837600,26833,26835,26805.75,26810.25,,,,26812.8125,26762.88,0,0,26814.035582183773,26805.16133118963,26789.006417866356,26737.50635170851,26716.2672227677,26770.70875703394,26661.82568850146,1240
1776838500,26809.75,26822,26802,26821.75,,,,26813.725,26765.9,0,0,26815.578465747018,26806.66939199057,26790.29047991081,26738.344596965144,26716.473103677472,26771.044636151535,26661.90157120341,968
1776839400,26821.5,26845,26821,26836,,,,26814.675,26769.755,0,0,26819.662772597614,26809.335810900517,26792.083010110386,26739.31629251773,26716.832115870995,26771.70487531734,26661.95935642465,1426
1776840300,26836,26844.5,26830,26836,,,,26815.3875,26773.79,0,0,26822.93021807809,26811.759828091377,26793.805245008018,26740.27831945785,26717.027934197497,26772.06943155543,26661.986436839565,763
1776841200,26835.75,26847.75,26831,26844.75,,,,26816.3,26776.165,0,0,26827.294174462473,26814.758934628524,26795.803078537116,26741.317838667226,26717.47420805737,26772.916754626996,26662.031661487745,1687
1776842100,26844.75,26852.75,26825.75,26849.5,,,,26817.35,26779.17,0,0,26831.73533956998,26817.917213298657,26797.908840163112,26742.394278083473,26717.818209895562,26773.57103692404,26662.065382867084,1293
1776843000,26850,26864.5,26839.75,26863,,,,26819.6125,26781.975,0,0,26837.988271655984,26822.015648453325,26800.46143466652,26743.594335017966,26718.32752705702,26774.60266872802,26662.052385386018,1744
1776843900,26861.25,26864,26844.5,26844.75,,,,26820.9875,26785.295,0,0,26839.340617324786,26824.08240768484,26802.198241150185,26744.600859047638,26718.75284054735,26775.43641536871,26662.06926572599,1518
1776844800,26845.5,26850.25,26828,26836,,,,26822.3875,26788.225,0,0,26838.672493859827,26825.16582516804,26803.523800320767,26745.510303236217,26719.17294676237,26776.196372620198,26662.149520904542,1674
1776845700,26836.25,26836.75,26808,26810.25,,,,26822.3375,26789.95,0,0,26832.98799508786,26823.80984106185,26803.787572857207,26746.154479323417,26719.615157155407,26776.89363758598,26662.336676724834,2130
1776846600,26811,26820,26779.75,26803,,,,26821.775,26791.305,0,0,26826.990396070287,26821.918037328956,26803.75668764712,26746.720106394827,26720.147332045133,26777.613256352233,26662.681407738033,3147
1776847500,26803.75,26821.5,26792.25,26819.5,,,,26822.35,26792.15,0,0,26825.49231685623,26821.698215753597,26804.374072445273,26747.44428444065,26720.378633990316,26777.95391446231,26662.803353518324,1226
1776848400,26818,26850,26815.5,26848,,,,26824.1125,26797.645,0,0,26829.993853484986,26824.089287048726,26806.084893133695,26748.444838824325,26721.051221423226,26779.141467855698,26662.960974990754,2776
1776849300,26848.5,26860.75,26839.75,26855.75,,,,26827.0125,26801.915,0,0,26835.14508278799,26826.96753368066,26808.032544383354,26749.51255187085,26721.39010245532,26779.785641384035,26662.994563526605,1257
1776850200,26856.5,26860.25,26846.25,26859.25,,,,26830.1375,26804.14,0,0,26839.96606623039,26829.902303346054,26810.041072054595,26750.604466777608,26721.66632155328,26780.316988513692,26663.015654592866,1005
1776851100,26859.25,26863.25,26807.75,26825.75,,,,26832.5125,26805.895,0,0,26837.122852984314,26829.524821223687,26810.65710844461,26751.35218352609,26722.22588718766,26781.251815130032,26663.199959245285,2477
1776852000,26826,26840.75,26806,26812.25,,,,26833.4875,26807.755,0,0,26832.14828238745,26827.954382930624,26810.719574780116,26751.958131948715,26722.849689818788,26782.197397227337,26663.50198241024,3154
1776852900,26813,26836.5,26812.25,26832.75,,,,26833.7375,26809.985,0,0,26832.26862590996,26828.390348118748,26811.583513024034,26752.762031133305,26723.237838947316,26782.814552697706,26663.661125196926,1840
1776853800,26832.75,26849.75,26825.5,26830,,,,26833.4875,26811.45,0,0,26831.814900727968,26828.536680107954,26812.30572819956,26753.530568136954,26723.665477454317,26783.527488788208,26663.803466120426,1898
1776854700,26830.5,26833,26822.75,26826,,,,26833.225,26812.93,0,0,26830.651920582375,26828.306072825413,26812.842758466246,26754.251657011213,26723.867491192123,26783.845458086515,26663.88952429773,970
1776855600,26826.25,26834.25,26814.25,26818.25,,,,26833.625,26814.315,0,0,26828.1715364659,26827.39188438674,26813.054807153843,26754.888456443936,26724.213021490723,26784.36779639361,26664.058246587836,1753
1776856500,26818,26830.75,26811,26815.75,,,,26833.325,26815.825,0,0,26825.68722917272,26826.333531260672,26813.160500990947,26755.494043942006,26724.526447416672,26784.82831526019,26664.224579573154,1653
1776857400,26815.5,26825,26806,26810.75,,,,26832.0625,26817.1,0,0,26822.699783338176,26824.916846600612,26813.065971540324,26756.043854450047,26724.920616625674,26785.380192478824,26664.461040772523,2218
1776858300,26810.5,26839.5,26810,26833.75,,,,26831.95,26818.825,0,0,26824.90982667054,26825.71986054601,26813.877109911293,26756.817049928155,26725.29580598984,26785.962624537904,26664.628987441778,1842
1776859200,26835,26900.5,26834.75,26897.25,,,,26834.575,26821.555,0,0,26839.377861336434,26832.222600496374,26817.14663501281,26758.21439271494,26726.999818989247,26789.415460063497,26664.584177914996,5716
1776860100,26897.5,26898.75,26866,26868.75,,,,26835.5375,26823.46,0,0,26845.252289069147,26835.543273178522,26819.17029638486,26759.31424950385,26728.573516822944,26792.526286876167,26664.62074676972,5383
1776861000,26867,26877,26836.75,26840,,,,26834.3875,26824.185,0,0,26844.20183125532,26835.948430162294,26819.98714750702,26760.117092792367,26729.88934592562,26794.74131400006,26665.037377851182,5594
1776861900,26840,26851.75,26819.5,26821.5,,,,26833.225,26824.545,0,0,26839.661465004254,26834.63493651118,26820.046475055766,26760.727867988462,26730.67412454014,26795.879765032616,26665.468484047662,4083
1776862800,26821.75,26875,26817,26833.5,,,,26833.1,26825.025,0,0,26838.4291720034,26834.531760464706,26820.574064269265,26761.451968804497,26732.017110017216,26797.95563234002,26666.07858769441,6428
1776863700,26835,26888,26825.25,26881.25,,,,26836.65,26826.695,0,0,26846.993337602722,26838.77887314973,26822.953512729295,26762.643989015396,26734.710320609724,26802.608568884498,26666.81207233495,11012
1776864600,26881,26892.75,26813.5,26853,,,,26839.15,26827.685,0,0,26848.19467008218,26840.07170286339,26824.131806347752,26763.543053801313,26740.201834984546,26811.02689547171,26669.37677449738,26419
1776865500,26853.25,26880,26811.5,26864.5,,,,26841.4,26828.905,0,0,26851.45573606574,26842.29245714854,26825.714872765486,26764.54760052966,26744.177687841067,26816.748241366786,26671.60713431535,20999
1776866400,26864.25,26925.75,26852,26922.25,,,,26845.1125,26831.01,0,0,26865.614588852593,26849.56132468049,26829.500564029586,26766.11677863384,26750.448945909273,26827.859555024515,26673.03833679403,24761
1776867300,26923,26991.25,26922.25,26990,,,,26851.825,26834.375,0,0,26890.491671082076,26862.328476982264,26835.794659557836,26768.344472378776,26758.273242908406,26844.3916426908,26672.154843126013,22971
1776868200,26989.5,27006.25,26944.75,26969.25,,,,26857.325,26837.23,0,0,26906.24333686566,26872.048615438423,26841.028202320274,26770.343532355106,26973.416666666668,26973.416666666668,26973.416666666668,22977
1776869100,26969.25,26990.5,26946,26972,,,,26864.6375,26840.1,0,0,26919.39466949253,26881.13510494402,26846.16435124889,26772.350064371472,26971.911976360858,26973.81704265549,26970.006910066226,14334
1776870000,26972.25,26985,26940.25,26975.25,,,,26872.7875,26843.25,0,0,26930.565735594024,26889.691004494565,26851.226533552857,26774.3689692036,26970.48578610897,26973.282067977863,26967.689504240076,14569
1776870900,26974.75,27008.75,26965,26990.25,,,,26880.6625,26846.71,0,0,26942.502588475218,26898.832731358696,26856.678434197842,26776.517039161772,26974.229219394892,26981.825135480794,26966.63330330899,14103
1776871800,26990.25,27005.5,26967.25,26969.25,,,,26887.625,26849.935,0,0,26947.852070780173,26905.234301235178,26861.093005405768,26778.434780065636,26975.204612769932,26982.572331387713,26967.83689415215,11783
1776872700,26968.75,27003.75,26963,26980.5,,,,26895.35,26853.32,0,0,26954.381656624137,26912.076637486523,26865.775632644756,26780.445379268964,26976.12626084193,26983.416240929433,26968.83628075443,11394
1776873600,26980.5,27005,26967,26997.5,,,,26904.3125,26856.985,0,0,26963.00532529931,26919.84239771502,26870.941294109667,26782.605126738923,26977.63479677799,26985.740164304596,26969.529429251386,11026
1776874500,26998,27002.25,26970.5,26974.25,,,,26912.2375,26860.31,0,0,26965.254260239446,26924.78854337729,26874.992615909287,26784.512040900725,26978.004445578637,26985.88661282019,26970.122278337083,8555
1776875400,26973.5,26991.25,26958.75,26968,,,,26920.1,26863.415,0,0,26965.803408191558,26928.716857615716,26878.639964305,26786.337791737533,26977.54525912789,26985.227972689354,26969.86254556643,10235
1776876300,26967.75,26984.75,26957.25,26966.75,,,,26926.75,26866.795,0,0,26965.992726553246,26932.174416014288,26882.09525982245,26788.1329380884,26977.01389782247,26984.697208639678,26969.330587005265,8508
1776877200,26966.5,27036,26965.75,27018.25,,,,26932.8,26871.225,0,0,26976.444181242598,26939.9994691039,26887.43466139804,26790.422660097473,26980.28427619626,26992.06574198776,26968.50281040476,15803
1776878100,27018,27050,27007.25,27028,,,,26940.7625,26876.22,0,0,26986.75534499408,26947.99951736718,26892.947027617727,26792.78661372834,26983.623295100282,27000.318799726396,26966.92779047417,10681
1776879000,27028,27045,27026.25,27040.75,,,,26950.8,26881.18,0,0,26997.554275995262,26956.43137942471,26898.74322261311,26795.25391110418,26985.84286188682,27005.375078678077,26966.310645095564,6637
1776879900,27042.25,27048.5,27020.75,27030,,,,26961.225,26885.225,0,0,27004.04342079621,26963.119435840646,26903.890547216517,26797.589693083242,26988.316659291162,27010.048505282208,26966.584813300116,8875
1776880800,27029.75,27041,27023,27030.25,,,,26971.0625,26889.13,0,0,27009.284736636968,26969.222214400586,26908.845819874692,26799.90472101276,26989.619551430602,27012.25699115546,26966.982111705744,5283
1776881700,27030,27030,26992.5,26999.25,,,,26976.9625,26892.49,0,0,27007.277789309574,26971.952013091442,26912.39108184039,26801.888256127062,26990.668362779863,27013.014716311118,26968.322009248608,11054
1776882600,26999.75,27028,26997,27025.5,,,,26985.5875,26896.795,0,0,27010.922231447657,26976.820011901313,26916.826725689785,26804.11324860341,26991.547831287702,27014.015866959693,26969.07979561571,6463
1776883500,27024.75,27040.25,27009.5,27013.75,,,,26993.05,26900.635,0,0,27011.487785158126,26980.177283546647,26920.627638407834,26806.199186428254,26992.66161560548,27015.411960046982,26969.91127116398,7513
1776884400,27014,27035.5,26978,27031.5,,,,26998.5125,26904.545,0,0,27015.490228126502,26984.842985042407,26924.975574156546,26808.44098556827,26994.254351591888,27016.919677017362,26971.589026166414,15339
1776885300,27031.75,27057.25,27030.25,27045,,,,27001.2625,26908.725,0,0,27021.3921825012,26990.311804584006,26929.6824143857,26810.794806607395,26996.505671848045,27020.956554756267,26972.054788939822,10162
1776886200,27045.25,27056,27036.75,27054.5,,,,27005.525,26912.92,0,0,27028.01374600096,26996.14709507637,26934.577221664695,26813.219733904833,26998.199146305138,27023.982100530706,26972.41619207957,7498
1776887100,27054.75,27093,27050.75,27080,,,,27010.925,26917.53,0,0,27038.41099680077,27003.77008643306,26940.28007571706,26815.874263915728,27006.71944687217,27040.907609639755,26972.53128410458,29227
1776888000,27079.75,27136,27069,27110.25,,,,27017.675,26922.475,0,0,27052.778797440616,27013.45007857551,26946.94556294384,26818.80337571756,27011.901341335546,27051.777583929903,26972.02509874119,14571
1776888900,27109.75,27119.5,27091,27105,,,,27023.4125,26927.68,0,0,27063.22303795249,27021.77279870501,26953.14377616173,26821.65110332236,27013.12560492479,27054.136875633078,26972.1143342165,3679
1776889800,27105,27112.5,27073,27096,,,,27029.75,26932.88,0,0,27069.778430361992,27028.520726095463,26958.74598101813,26824.3809430903,27013.780267505656,27055.26145727064,26972.29907774067,2292
1776890700,27094.75,27108.5,27092.75,27106.5,,,,27036.05,26938.805,0,0,27077.122744289594,27035.609750995874,26964.54025627232,26827.18809788542,27014.323766594793,27056.25379175136,26972.393741438227,1740
1776895200,27075,27093.5,27066,27085,,,,27040.425,26944.445,0,0,27078.698195431676,27040.099773632614,26969.264167791054,26829.753390443773,27014.75713590101,27056.89630102347,26972.617970778552,1846
1776896100,27084.5,27098,27081.5,27081.5,,,,27045.7875,26949.685,0,0,27079.25855634534,27043.863430575104,26973.66557297572,26832.258331832392,27014.96457191377,27057.22037933198,26972.70876449556,824
1776897000,27082.75,27089,27077,27082.5,,,,27051.5125,26954.375,0,0,27079.90684507627,27047.375845977367,26977.933589721768,26834.74829867983,27015.13654385355,27057.476487336702,26972.7966003704,729
1776897900,27083,27091.5,27081.75,27087.25,,,,27057.5375,26959.005,0,0,27081.375476061017,27051.000769070335,26982.220507771894,26837.260753419334,27015.20824363052,27057.587643950734,26972.828843310308,288
1776898800,27088,27092.25,27082,27091,,,,27061.175,26963.64,0,0,27083.300380848814,27054.637062791215,26986.486370212213,26839.785522042028,27015.296600725076,27057.726620688933,26972.86658076122,348
1776899700,27091.75,27099.75,27088.75,27094.25,,,,27064.4875,26969.01,0,0,27085.49030467905,27058.238238901104,26990.712394909773,26842.317506897332,27015.42590749134,27057.941206048174,26972.910608934504,473
1776900600,27093.5,27094.5,27087,27091.75,,,,27067.0375,26974.6,0,0,27086.74224374324,27061.284762637366,26994.674653932918,26844.799422251588,27015.50336930642,27058.065729588005,26972.94100902484,296
1776901500,27090.25,27098.75,27090,27096,,,,27070.3375,26979.865,0,0,27088.59379499459,27064.440693306697,26998.64819691594,26847.29893048789,27015.630345894573,27058.276863499967,26972.98382828918,463
1776902400,27095.5,27098,26936,26938.25,,,,27065.7375,26982.03,0,0,27058.525035995674,27052.968812097,26996.279640174136,26848.20391625418,27015.161369866262,27057.539338055332,26972.783401677192,5563
1776903300,26938.5,27054.75,26848,27052.25,,,,27068.3875,26986.555,0,0,27057.270028796538,27052.903465542728,26998.47455624574,26850.234225545184,27013.80240231544,27055.68458223694,26971.92022239394,13925
1776904200,27050.5,27075,27036,27048,,,,27069.5125,26991.15,0,0,27055.41602303723,27052.457695947935,27000.416730510613,26852.202044196474,27014.134522468936,27055.993361666428,26972.275683271444,2641
1776905100,27048,27067,27040.5,27060.75,,,,27071.8625,26996.05,0,0,27056.482818429784,27053.21154177085,27002.782741078823,26854.27714823432,27014.368992244352,27056.227678188163,26972.51030630054,1752
1776906000,27060.5,27062.5,27024.25,27032.75,,,,27071.925,27000.49,0,0,27051.736254743828,27051.351401609863,27003.957927703184,26856.05299750562,27014.51759999027,27056.299010999002,26972.73618898154,1840
1776906900,27033,27039.5,27013.5,27017.5,,,,27070.55,27004.165,0,0,27044.889003795062,27048.274001463513,27004.488989361882,26857.659435341386,27014.553523347706,27056.2551559454,26972.85189075001,1266
1776907800,27018.75,27033,27003,27015.25,,,,27068.5875,27006.525,0,0,27038.96120303605,27045.271819512283,27004.910989779062,26859.22750066137,27014.566585899345,27056.160812167735,26972.972359630956,1643
1776908700,27015.25,27017,26993,27000.25,,,,27064.6,27009.155,0,0,27031.21896242884,27041.178926829347,27004.72820586616,26860.630709610014,27014.523095336477,27056.04193998554,26973.004250687416,1246
1776909600,27000.75,27000.75,26957.5,26958.25,,,,27057,27011.52,0,0,27016.625169943072,27033.639933481223,27002.90553112631,26861.6020458328,27014.303601903408,27055.82625038015,26972.780953426667,1664
1776910500,26956.5,26992.5,26950,26966.25,,,,27050.0625,27014.415,0,0,27006.550135954458,27027.513575892022,27001.468059317434,26862.64331900859,27013.95414384017,27055.50126388676,26972.407023793578,2529
1776911400,26965.75,26981.25,26946.25,26961,,,,27043.3125,27016.965,0,0,26997.440108763567,27021.466887174567,26999.881076599104,26863.62199245129,27013.636269352886,27055.248511304948,26972.024027400825,2025
1776912300,26960.75,26972.75,26943.75,26950.5,,,,27035.5125,27018.35,0,0,26988.052087010852,27015.01535197688,26997.944563791294,26864.486450237844,27013.37260201742,27055.072937580044,26971.6722664548,1488
1776913200,26952.5,26962,26913.25,26918.5,,,,27027.1875,27019.66,0,0,26974.14166960868,27006.24122906989,26994.829090701438,26865.023898494183,27012.689273859865,27054.880487342365,26970.498060377366,2745
1776914100,26917.5,26918.5,26895.25,26898,,,,27018.0125,27020.33,0,0,26958.913335686946,26996.401117336263,26991.031871458243,26865.352018907175,27011.842603481484,27054.942721316136,26968.74248564683,2588
1776915000,26896.75,26900.75,26865,26879.75,,,,27007.875,27019.48,0,0,26943.080668549555,26985.796470305693,26986.667876499097,26865.495282400636,27010.800341617687,27055.265444022378,26966.335239212996,2687
1776915900,26880,26911.25,26877.75,26908.25,,,,26998.925,27017.845,0,0,26936.114534839646,26978.746791186994,26983.592665655997,26865.92070247625,27010.061634128724,27055.29494415681,26964.82832410064,2231
1776916800,26906.25,26929,26893.25,26927.75,,,,26990.7625,27017.015,0,0,26934.441627871718,26974.1107192609,26981.4027571989,26866.535919367034,27009.66856857137,27055.209726748064,26964.127410394678,1426
1776917700,26927.25,26937.25,26922.75,26932.25,,,,26982.6625,27016.22,0,0,26934.003302297373,26970.305199328093,26979.47519809306,26867.18979081612,27009.42638165573,27055.10664822271,26963.746115088747,1043
1776918600,26930.75,26950,26930.5,26944.75,,,,26975.3125,27015.61,0,0,26936.1526418379,26967.981999389176,26978.113425618823,26867.961534191083,27009.25418015458,27055.00351384276,26963.504846466403,867
1776919500,26944.5,26957.25,26939.75,26956,,,,26968.3125,27014.925,0,0,26940.12211347032,26966.892726717433,26977.246232457303,26868.837538826,27009.126918714348,27054.90711640174,26963.346721026955,746
1776920400,26956,26966.75,26953.25,26961,,,,26969.45,27014.76,0,0,26944.297690776257,26966.357024288576,26976.609125302115,26869.754578240667,27008.978483079092,27054.767907962832,26963.189058195352,1042
1776921300,26962,26963.75,26939,26951.5,,,,26964.4125,27014.18,0,0,26945.738152621005,26965.006385716886,26975.62445372164,26870.567965521856,27008.77468857457,27054.610673661056,26962.938703488082,1217
1776922200,26952.75,26964.5,26939,26947.5,,,,26959.3875,27013.18,0,0,26946.090522096805,26963.41489610626,26974.52153396785,26871.333458402234,27008.580667484322,27054.463821025955,26962.69751394269,1145
1776923100,26946,26981.75,26946,26978.25,,,,26955.2625,27013.26,0,0,26952.522417677443,26964.76354191478,26974.667748322052,26872.397304587288,27008.384890373847,27054.240243769647,26962.529536978047,1700
1776924000,26979,26993.5,26977,26984.25,,,,26952.8375,27013.585,0,0,26958.867934141956,26966.535038104346,26975.043522897657,26873.510266730696,27008.264710131825,27054.03316499489,26962.49625526876,1784
1776924900,26984.75,27007.25,26982,27000.5,,,,26951.9875,27014.26,0,0,26967.194347313565,26969.62276191304,26976.041816117355,26874.773846166212,27008.214395922772,27053.89058361223,26962.538208233316,1507
1776925800,27000.25,27006.5,26992.25,26994.5,,,,26950.95,27013.785,0,0,26972.65547785085,26971.884329011857,26976.765666465693,26875.965151179484,27008.188618462198,27053.811462333906,26962.56577459049,864
1776926700,26994.5,27001,26981.5,26990.75,,,,26950.475,27013.04,0,0,26976.27438228068,26973.59939001078,26977.314071702334,26877.107288978692,27008.124436535512,27053.67361527304,26962.575257797984,1321
1776927600,26991.25,27000,26981.5,26994.5,,,,26952.2875,27012.115,0,0,26979.919505824546,26975.499445464346,26977.98802967479,26878.27537565552,27008.059116819197,27053.527479305914,26962.59075433248,1432
1776928500,26994.5,26997.75,26974.75,26988,,,,26953.375,27011.275,0,0,26981.535604659635,26976.63585951304,26978.380655962053,26879.367162962433,27007.991839598748,27053.40376240151,26962.579916795985,1124
1776929400,26987,26999,26970.25,26995.5,,,,26955.1,27010.58,0,0,26984.32848372771,26978.35078137549,26979.05200278707,26880.52271357972,27007.90769189011,27053.240977338683,26962.574406441534,1518
1776930300,26997.5,27013.5,26986,26997.5,,,,26957.45,27010.545,0,0,26986.962786982167,26980.091619432264,26979.775453658163,26881.68666667843,27007.862946251884,27053.086612791933,26962.639279711835,1798
1776931200,26995.75,27002,26955,26969.5,,,,26960,27009.425,0,0,26983.470229585735,26979.12874493842,26979.372494691175,26882.560431189093,27007.677576942773,27052.837629160735,26962.51752472481,2062
1776932100,26970.5,26991.5,26964,26976.75,,,,26963.9375,27008.685,0,0,26982.126183668588,26978.912495398567,26979.269651762108,26883.497640829002,27007.576039541284,27052.694212377068,26962.4578667055,1212
1776933000,26977.5,26977.5,26928.75,26931.25,,,,26966.5125,27006.68,0,0,26971.95094693487,26974.579541271425,26977.386528163595,26883.97278868145,27007.247553062498,27052.469153004986,26962.02595312001,1932
1776933900,26931.75,26936.75,26918,26928,,,,26967.5,27004.34,0,0,26963.160757547896,26970.345037519477,26975.449801568946,26884.410870386113,27006.842679782796,27052.303541323123,26961.38181824247,1855
1776934800,26927.25,26928.75,26890,26909.5,,,,26966.5875,27001.44,0,0,26952.428606038317,26964.813670472253,26972.86353484075,26884.66051346685,27006.170695805256,27052.186479497683,26960.15491211283,2535
1776935700,26909.25,26952.25,26905.75,26942.25,,,,26967.0875,26998.685,0,0,26950.392884830653,26962.762427702048,26971.663004062684,26885.233543183596,27005.783785886728,27051.981092921327,26959.58647885213,1965
1776936600,26942.5,26961.5,26941.5,26949.75,,,,26967.3375,26995.475,0,0,26950.264307864523,26961.579479729135,26970.80367057003,26885.875497977788,27005.57727159569,27051.809797955662,26959.344745235714,1396
1776937500,26948.75,26951.75,26940.25,26941.75,,,,26966.625,26992.21,0,0,26948.56144629162,26959.77679975376,26969.664310939832,26886.431463172037,27005.465812724895,27051.729475216707,26959.202150233083,679
1776938400,26941.75,26944.25,26916.25,26922.75,,,,26964.7125,26988.745,0,0,26943.399157033295,26956.41072704887,26967.82453404023,26886.792841647937,27005.030710827676,27051.527684493707,26958.533737161644,2092
1776939300,26923.25,26953.25,26922.5,26941.5,,,,26964.2125,26985.445,0,0,26943.019325626636,26955.055206408066,26966.792199371986,26887.337191482286,27004.748657626023,27051.345256833774,26958.152058418273,1605
1776940200,26942.25,26980.25,26937.25,26952.75,,,,26964.475,26982.8,0,0,26944.96546050131,26954.84564218915,26966.24152488681,26887.98806519888,27004.482184262903,27051.08592187107,26957.878446654737,2095
1776941100,26951.75,26985,26946.75,26978.75,,,,26964.5,26980.745,0,0,26951.722368401046,26957.0187656265,26966.73205332262,26888.891169027745,27004.334417340604,27050.89195929125,26957.776875389958,1632
1776942000,26979.5,26995,26968.5,26980.75,,,,26964.325,26978.71,0,0,26957.527894720835,26959.176150569547,26967.28177672173,26889.805187246377,27004.1841141608,27050.62559098954,26957.742637332056,2502
1776942900,26981,26987.25,26955.75,26967,,,,26962.65,26976.305,0,0,26959.42231577667,26959.88740960868,26967.270726654213,26890.573294835965,27004.03459272966,27050.429266706993,26957.639918752324,1676
1776943800,26970,26988.25,26941.75,26987.75,,,,26962.3125,26974.24,0,0,26965.087852621335,26962.42037237153,26968.07383541287,26891.540227225658,27003.790262395356,27050.086796374584,26957.493728416128,3000
1776944700,26987,27048.5,26984,27032.5,,,,26964.4,26973.005,0,0,26978.57028209707,26968.79124761048,26970.60035167119,26892.94281202938,27004.03561683953,27050.06036104679,26958.01087263227,5374
1776945600,27032.5,27079.75,27027,27062.75,,,,26967.8125,26972.425,0,0,26995.406225677656,26977.332952373163,26974.21406337036,26894.632435790285,27004.768360728263,27050.883414687167,26958.65330676936,5546
1776946500,27062.25,27062.25,27020.75,27032.75,,,,26970.05,26971.16,0,0,27002.874980542125,26982.370865793786,26976.509590297013,26896.006739911776,27005.030468063487,27051.06207590815,26958.998860218824,3102
1776947400,27032.25,27049.5,27024.25,27033.5,,,,26971.95,26973.065,0,0,27008.9999844337,26987.01896890344,26978.74450832458,26897.37483205196,27005.293861398488,27051.215131621564,26959.37259117541,3461
1776948300,27033.75,27039.25,26956.75,27009.25,,,,26972.5375,26972.205,0,0,27009.04998754696,26989.039971730403,26979.940802115772,26898.488017802687,27005.22856547667,27050.72731349991,26959.729817453433,7577
1776949200,27009.25,27028.75,26977.25,27002.75,,,,26974.2,26971.3,0,0,27007.78999003757,26990.28633793673,26980.835280464173,26899.525450461366,27005.20308441715,27050.451044694964,26959.955124139335,4583
1776950100,27000.5,27027,26992,27014.75,,,,26976.1,26970.38,0,0,27009.181992030055,26992.51030721521,26982.16526946558,26900.6719633921,27005.280492654467,27050.243043158505,26960.31794215043,5392
1776951000,27014.25,27068,26965,27059.25,,,,26982.5,26970.91,0,0,27019.195593624045,26998.577552013827,26985.188200074772,26902.24985430362,27006.79499785637,27050.814286116016,26962.775709596724,26630
1776951900,27056.75,27102.75,27014.5,27016.75,,,,26986.9375,26970.895,0,0,27018.706474899234,27000.22959273984,26986.425917718898,26903.38915923592,27008.616051488618,27052.321588108603,26964.910514868632,22622
1776952800,27017.25,27029.25,26970,26990,,,,26990.9625,26970.39,0,0,27012.96517991939,26999.299629763493,26986.56607780835,26904.25095864651,27008.063799253337,27050.84387278341,26965.283725723264,22307
1776953700,26990,27031,26986,27016,,,,26994.65,26970.705,0,0,27013.57214393551,27000.81784523954,26987.72034926685,26905.362889406246,27008.16062563739,27050.23267939129,26966.088571883487,16804
1776954600,27016,27059,27004.75,27034.75,,,,26998.9,26972.235,0,0,27017.80771514841,27003.9025865814,26989.5646492956,26906.650323342503,27032.833333333332,27032.833333333332,27032.833333333332,19230
1776955500,27035.25,27106.25,27035.25,27094.25,,,,27006.525,26974.795,0,0,27033.096172118727,27012.115987801273,26993.66995716636,26908.51698679183,27053.798216700474,27076.593327566123,27031.003105834825,16266
1776956400,27094.5,27132.75,27093.75,27120.5,,,,27016.4125,26977.985,0,0,27050.576937694983,27021.96907981934,26998.643684336304,26910.626270505345,27070.97907128177,27104.78869434351,27037.16944822003,13647
1776957300,27119.75,27149.75,27108.25,27131.25,,,,27025.9,26981.6,0,0,27066.711550155986,27031.903708926675,27003.84393200939,26912.82153149534,27082.03515199075,27120.187344533613,27043.882959447885,11387
1776958200,27131.5,27155.75,27115.25,27120.5,,,,27034.2875,26985.64,0,0,27077.46924012479,27039.95791720607,27008.418679773727,26914.887983918274,27090.069210149122,27129.30081452524,27050.837605773006,12028
1776959100,27120.75,27122,27061,27093,,,,27040,26989.54,0,0,27080.575392099832,27044.77992473279,27011.735594292404,26916.660242784757,27090.49171269231,27125.175432205506,27055.807993179114,20325
1776960000,27093.25,27099.5,27038.75,27080.75,,,,27045,26993.56,0,0,27080.610313679867,27048.049931575264,27014.442041575054,26918.292976687397,27088.206405252615,27121.07803269143,27055.3347778138,13959
1776960900,27080.5,27104.75,27067,27089,,,,27051.1,26997.175,0,0,27082.288250943893,27051.772665068424,27017.365883081915,26919.99155403379,27088.09576983523,27119.527981192354,27056.663558478103,10025
1776961800,27088.25,27119,27083.5,27101.5,,,,27056.7875,27000.65,0,0,27086.130600755114,27056.293331880384,27020.66526021596,26921.797608222507,27088.935436735002,27119.525068624625,27058.34580484538,7915
1776962700,27101.5,27113.5,27073.75,27087.75,,,,27059.55,27003.76,0,0,27086.45448060409,27059.153028982168,27023.296034325136,26923.448875802384,27089.1028679039,27118.747303137377,27059.458432670424,8149
1776963600,27089,27099,26922.75,26947.5,,,,27053.7875,27003.815,0,0,27058.66358448327,27049.002753620152,27020.32364082219,26923.688190471017,27067.996071031488,27116.40705490951,27019.585087153468,35858
1776964500,26947,26947,26860,26870.75,,,,27045.6875,27002.11,0,0,27021.080867586617,27032.7979578365,27014.45800784877,26923.161442307126,27040.118939831842,27118.11917697391,26962.118702689775,31893
1776965400,26871,26950.75,26744.5,26761,,,,27032.0625,26998.11,0,0,26969.064694069293,27008.089052578638,27004.518478129212,26921.547895617503,27007.50960409488,27114.01376915971,26901.005439030054,34669
1776966300,26761,26894,26681.75,26880.5,,,,27025.625,26996.69,0,0,26951.351755255433,26996.49004779876,26999.655008398655,26921.13945884519,26979.75536596828,27098.683420214344,26860.82731172222,40570
1776967200,26879,26948,26860.25,26917.75,,,,27021.375,26996.095,0,0,26944.631404204345,26989.331861635237,26996.44304728498,26921.10573288653,26974.28029124644,27090.098230193034,26858.462352299844,23024
1776968100,26918.75,26942.5,26900.25,26938.5,,,,27017.5625,26995.3,0,0,26943.405123363475,26984.71078330476,26994.170770920864,26921.278810171243,26972.654076756036,27086.784345183125,26858.523808328948,10668
1776969000,26938,26982.25,26923.25,26947.5,,,,27011.975,26994.565,0,0,26944.22409869078,26981.32798482251,26992.34054461024,26921.539717532723,26971.794847697212,27083.71771418499,26859.871981209435,12793
1776969900,26947.5,26949.5,26842.5,26860.5,,,,27004.1625,26991.765,0,0,26927.479278952622,26970.343622565917,26987.170327174546,26920.932357159265,26968.4841911271,27079.536455805526,26857.431926448673,12659
1776970800,26861,26904.5,26842.25,26903.25,,,,26999.825,26989.94,0,0,26922.633423162097,26964.24420233265,26983.879333952016,26920.756413306935,26965.705231992477,27075.97322477024,26855.437239214712,11304
1776971700,26903.5,26926.25,26902.25,26915,,,,26994.775,26988.425,0,0,26921.106738529677,26959.767456666046,26981.178183600958,26920.699135562587,26964.469726680814,27073.68231278562,26855.25714057601,8564
1776972600,26915.25,26936.25,26856.25,26868.75,,,,26986.475,26985.91,0,0,26910.635390823743,26951.49314242368,26976.76923522445,26920.18222874107,26961.82952962147,27070.078345216465,26853.580714026477,12537
1776973500,26869.25,26944.5,26840.25,26926.25,,,,26978.075,26984.675,0,0,26913.758312658996,26949.198311294254,26974.78808874506,26920.24260457449,26958.422051102727,27064.336614576503,26852.50748762895,22868
1776974400,26926,26988.5,26909.25,26949.75,,,,26969.5375,26983.76,0,0,26920.9566501272,26949.248464812958,26973.80620291192,26920.53621049912,26958.131386364734,27062.382061367283,26853.880711362184,12656
1776975300,26949,26970,26919.25,26960.5,,,,26961,26983.02,0,0,26928.86532010176,26950.271331648142,26973.284391033023,26920.9338601459,26958.058032175435,27061.84508193033,26854.27098242054,3631
1776976200,26960.5,26969.25,26952.25,26963,,,,26953.125,26982.89,0,0,26935.692256081406,26951.428483316493,26972.88108158075,26921.35242870166,26958.07262249933,27061.639706092777,26854.505538905883,1731
1776977100,26963.25,26965,26932.75,26942.75,,,,26945.6125,26982.21,0,0,26937.103804865124,26950.63953028772,26971.699470538366,26921.565339858855,26958.027036958458,27061.386346251646,26854.66772766527,1663
1776981600,26992,27045.25,26992,27040,,,,26943.575,26984.385,0,0,26957.6830438921,26958.763209352473,26974.377922674117,26922.743794188616,26958.604461828025,27061.710382278816,26855.498541377234,3526
1776982500,27039,27046.25,27025.75,27032.5,,,,26940.75,26986.475,0,0,26972.64643511368,26965.466553956794,26976.657219824152,26923.83589573898,26958.795134215514,27061.84239601815,26855.747872412878,1037
1776983400,27032.75,27043,27021,27033.5,,,,26937.35,26988.955,0,0,26984.817148090944,26971.651412687996,26978.886348458498,26924.927080856003,26959.05113570354,27062.010636371102,26856.091635035977,1445
1776984300,27033.5,27053,27033.25,27042.75,,,,26935.1,26990.965,0,0,26996.403718472757,26978.114920625452,26981.390805381696,26926.09944821067,26959.31965975181,27062.22360057253,26856.41571893109,1335
1776985200,27041.75,27049.5,27034.75,27037.5,,,,26939.6,26992.72,0,0,27004.622974778205,26983.513564204957,26983.591165954964,26927.20791141255,26959.49161161547,27062.35442504661,26856.62879818433,885
1776986100,27037,27052.75,27033.5,27051.25,,,,26948.625,26994.91,0,0,27013.948379822563,26989.671422004507,26986.244453564574,26928.44216105024,26959.65500648308,27062.488931994743,26856.82108097142,793
1776987000,27050.25,27073.25,27050,27066.5,,,,26963.9,26997.785,0,0,27024.45870385805,26996.655838185914,26989.391729895375,26929.815870890536,26959.982522894574,27062.818341861548,26857.1467039276,1329
1776987900,27067.25,27080.5,27066.25,27080.25,,,,26973.8875,27000.56,0,0,27035.61696308644,27004.25530744174,26992.954799311243,26931.3127278966,26960.2792474394,27063.149646595506,26857.408848283296,1081
1776988800,27081,27111,27070.75,27109.25,,,,26983.4625,27003.69,0,0,27050.34357046915,27013.80027949249,26997.515395416685,26933.083248017032,26961.222553556818,27064.360257180866,26858.08484993277,2928
1776989700,27110,27126.75,27102.5,27125,,,,26992.7875,27006.615,0,0,27065.27485637532,27023.90934499317,27002.514791674854,26934.99286743975,26962.017632578427,27065.494938485805,26858.54032667105,2162
1776990600,27125.5,27135.75,27113,27119.75,,,,27001.4,27009.395,0,0,27076.169885100255,27032.622131811975,27007.11225082486,26936.83124686821,26962.756207585393,27066.56663789743,26858.945777273355,1968
1776991500,27120,27130,27106.5,27118.25,,,,27014.2875,27012.42,0,0,27084.585908080204,27040.40648346543,27011.470593929767,26938.63640859091,26963.51811698536,27067.64156514533,26859.39466882539,2110
1776992400,27119.75,27128.25,27113.5,27117.25,,,,27024.9875,27015.01,0,0,27091.118726464163,27047.392257695847,27015.61880593252,26940.413658256675,26964.173500866036,27068.56744520512,26859.77955652695,1815
1776993300,27118,27128.5,27110.25,27123.25,,,,27035.4,27016.825,0,0,27097.54498117133,27054.288416087133,27019.839637072422,26942.2329253387,26964.513299905706,27069.047949500644,26859.978650310768,941
1776994200,27122.5,27124.5,27099.5,27110,,,,27047.4625,27017.77,0,0,27100.035984937065,27059.353105533755,27023.375337579386,26943.90224946468,26964.967890826283,27069.65884154456,26860.276940108008,1346
1776995100,27110.75,27126.25,27109.25,27118.75,,,,27057.0875,27019.49,0,0,27103.778787949654,27064.752823212504,27027.11552041941,26945.642028076974,26965.34208439942,27070.177978592834,26860.506190206008,1065
1776996000,27118,27121,27089,27094.5,,,,27064.325,27020.71,0,0,27101.92303035972,27067.45711201137,27029.758049030414,26947.123201926956,26965.72592885403,27070.662563064132,26860.789294643928,1232
1776996900,27096,27102,27072.5,27078,,,,27070.2,27022.085,0,0,27097.138424287776,27068.415556373973,27031.649890244906,26948.4254586242,26966.188912783513,27071.180695147632,26861.197130419394,1715
1776997800,27078,27093,27075.75,27086.25,,,,27076.3625,27023.755,0,0,27094.960739430222,27070.036869430885,27033.791071019616,26949.7968470956,26966.470154109815,27071.496419054427,26861.443889165203,1041
1776998700,27086,27087.75,27059,27070.75,,,,27082.7625,27024.875,0,0,27090.11859154418,27070.101699482624,27035.240440783553,26951.00036105485,26966.759167942255,27071.78778381139,26861.73055207312,1202
1776999600,27070.25,27078.25,27055.5,27059.25,,,,27083.725,27024.875,0,0,27083.94487323534,27069.11518134784,27036.181992125374,26952.077471890123,26966.979275647936,27071.991440599784,26861.96711069609,997
1777000500,27058.75,27063.5,27034,27036.5,,,,27083.925,27025.27,0,0,27074.455898588272,27066.150164861672,27036.194463022417,26952.917497045444,26967.207461788126,27072.149538109534,26862.26538546672,1302
1777001400,27037,27042.25,27023.25,27029.75,,,,27083.7375,27026.065,0,0,27065.514718870618,27062.841058965158,27035.94173898232,26953.681999562406,26967.430192884294,27072.259391979045,26862.600993789543,1535
1777002300,27030.25,27049,27029.5,27032,,,,27083.2,27026.385,0,0,27058.811775096496,27060.03732633196,27035.787160983014,26954.46128314885,26967.579658223585,27072.34532984424,26862.81398660293,960
1777003200,27031,27046.25,27019.75,27042,,,,27083.425,27026.53,0,0,27055.449420077195,27058.39756939269,27036.03080172878,26955.332315157317,26967.793106481447,27072.464801205384,26863.12141175751,1395
1777004100,27041.5,27044.25,27016.25,27023.5,,,,27082.0375,27025.115,0,0,27049.059536061755,27055.225063084265,27035.539397739416,26956.010600578637,26967.907737132005,27072.512670820164,26863.302803443847,853
1777005000,27025.25,27040.25,27023.75,27039.75,,,,27080.7,27023.5,0,0,27047.197628849404,27053.818239167515,27035.704519396695,26956.843828433575,26968.004332463355,27072.564224514073,26863.444440412637,650
1777005900,27039.75,27057.25,27039.25,27054.25,,,,27079.4,27021.96,0,0,27048.608103079525,27053.857490152284,27036.431793145843,26957.813044071052,26968.1629567137,27072.684276933483,26863.641636493914,867
1777006800,27054.5,27055.25,27031.75,27049,,,,27076.3875,27020.53,0,0,27048.68648246362,27053.41590013844,27036.92466400287,26958.720376965866,26968.334072272923,27072.80252682289,26863.865617722957,999
1777007700,27047.75,27066.75,27041,27059,,,,27073.0875,27019.85,0,0,27050.749185970897,27053.9235455804,27037.790363453736,26959.718184160236,26968.57374151678,27072.998509943118,26864.14897309044,1241
1777008600,27059.25,27078.5,27059.25,27073.5,,,,27070.775,27019.705,0,0,27055.299348776716,27055.70322325491,27039.19074135751,26960.850341531775,26968.799570282426,27073.21844008997,26864.38070047488,1004
1777009500,27072.75,27086.75,27070.25,27086,,,,27069.1625,27019.645,0,0,27061.439479021374,27058.457475686282,27041.026398559177,26962.09561176529,26968.946078993617,27073.37538508883,26864.5167728984,592
1777010400,27086.25,27099.25,27079.25,27088.5,,,,27067.725,27019.385,0,0,27066.8515832171,27061.188614260256,27042.8881084196,26963.353366872103,26969.269589048134,27073.743637968713,26864.795540127554,1225
1777011300,27088.5,27091.75,27070.75,27072.25,,,,27065.175,27019.075,0,0,27067.93126657368,27062.194194782052,27044.039555148243,26964.43691546044,26969.46987493926,27073.952192025874,26864.987557852644,837
1777012200,27072.25,27089,27072.25,27081,,,,27063.725,27021.745,0,0,27070.545013258943,27063.903813438228,27045.488984358115,26965.5967471474,26969.67425555775,27074.169263198146,26865.179247917356,838
1777013100,27080.75,27081.5,27066.75,27075,,,,27061.5375,27025.83,0,0,27071.436010607154,27064.912557671116,27046.64627908917,26966.685336728024,26969.83813582503,27074.333402505006,26865.342869145054,715
1777014000,27074.25,27107.25,27071.25,27102.5,,,,27061.9375,27032.66,0,0,27077.648808485723,27068.329597882832,27048.836621085673,26968.036726412323,26970.321008092586,27074.89749226745,26865.74452391772,1789
1777014900,27101,27114.75,27089.5,27108.25,,,,27063.45,27037.215,0,0,27083.769046788577,27071.958725348028,27051.166557513687,26969.431883363446,26970.684119817462,27075.35045175726,26866.017787877667,1248
1777015800,27107.25,27107.75,27080,27086.25,,,,27063.45,27040.585,0,0,27084.26523743086,27073.25793213457,27052.54237878766,26970.59425268321,26970.984454394984,27075.69317113644,26866.275737653526,1148
1777016700,27085.5,27111.25,27083,27109,,,,27065.3625,27043.995,0,0,27089.212189944687,27076.507211031425,27054.756403148927,26971.971424298303,26971.33052191465,27076.11436704905,26866.54667678025,1230
1777017600,27109.5,27111,27073.25,27090.75,,,,27066.9375,27046.86,0,0,27089.519751955748,27077.80201002857,27056.167916750932,26973.153300673443,26971.955999793467,27076.82477977752,26867.087219809415,2416
1777018500,27093,27153.75,27092.75,27110.75,,,,27070.65,27051.865,0,0,27093.765801564597,27080.797281844152,27058.308390603837,26974.522422059777,26973.195128038842,27078.48336556749,26867.906890510196,3948
1777019400,27110.5,27112.25,27081.75,27083.25,,,,27073.325,27055.465,0,0,27091.662641251678,27081.020256221957,27059.286492933097,26975.604288506944,26973.706925843715,27079.05767189746,26868.35617978997,2021
1777020300,27084,27111.75,27081.5,27094.5,,,,27076.45,27059.055,0,0,27092.230113001344,27082.245687474508,27060.667414778858,26976.787330412346,26974.113380938674,27079.523883431713,26868.702878445634,1571
1777021200,27096,27103.5,27080.25,27100,,,,27079.35,27063.68,0,0,27093.784090401074,27083.859715885916,27062.209869101254,26978.01332712466,26974.426773552823,27079.87877635041,26868.974770755234,1232
1777022100,27100.25,27107,27064.5,27095.5,,,,27082.95,27067.065,0,0,27094.12727232086,27084.917923532652,27063.515364430616,26979.18234874531,26974.92034436626,27080.412177309852,26869.428511422666,2049
1777023000,27095,27114.25,27089.25,27113.25,,,,27086.625,27070.335,0,0,27097.951817856687,27087.493566847865,27065.46574229608,26980.516355225456,26975.205968097333,27080.758984166205,26869.65295202846,1042
1777023900,27113.25,27120.75,27099.25,27108.75,,,,27089.35,27073.3,0,0,27100.11145428535,27089.425969861695,27067.163164166825,26981.79231188988,26975.564716343593,27081.20454672184,26869.924885965345,1276
1777024800,27109.25,27140.75,27108,27139,,,,27093.85,27076.82,0,0,27107.88916342828,27093.93269987427,27069.980294983812,26983.356567492967,26976.199391795177,27082.080573369356,26870.318210220998,1982
1777025700,27138,27187.25,27134.75,27183,,,,27100.05,27081.625,0,0,27122.911330742623,27102.029727158428,27074.412440278564,26985.343069308958,26977.619206428,27084.38417515067,26870.85423770533,3573
1777026600,27183.25,27192.75,27173.25,27178.75,,,,27105.3125,27084.4,0,0,27134.079064594098,27109.00429741675,27078.50410928725,26987.26751638051,26978.829414715587,27086.423555837682,26871.23527359349,2886
1777027500,27179,27181.75,27169.5,27172.5,,,,27109.6375,27087.2,0,0,27141.76325167528,27114.77663401523,27082.190222648533,26989.110625670255,26979.464438872714,27087.45911626036,26871.469761485067,1583
1777028400,27171.5,27307.5,27170.5,27280.25,,,,27119.225,27092.135,0,0,27169.460601340223,27129.819667286574,27089.957272740747,26992.007534867567,26985.914694445837,27100.408067276898,26871.421321614776,11796
1777029300,27280.5,27355.75,27265.25,27350.25,,,,27133.125,27098.285,0,0,27205.61848107218,27149.85878844234,27100.164830672482,26995.572136510677,26993.31319937113,27116.870444824093,26869.755953918164,11190
1777030200,27351,27363.75,27285,27296.5,,,,27143.9,27103.465,0,0,27223.794784857742,27163.189807674855,27107.864249077484,26998.566443610074,26997.891381139798,27126.34893582575,26869.433826453846,7375
1777031100,27294.5,27296,27265.25,27275.75,,,,27153.9375,27107.955,0,0,27234.185827886195,27173.422552431686,27114.448004015623,27001.324488947288,27000.2105923253,27130.639787545402,26869.7813971052,4312
1777032000,27277,27304,27267.75,27300.25,,,,27163.825,27112.63,0,0,27247.398662308955,27184.952320392444,27121.734356799323,27004.298872141844,27002.442918486173,27134.822822020287,26870.06301495206,4048
1777032900,27300.75,27312.25,27263.25,27292.25,,,,27173.025,27116.87,0,0,27256.368929847165,27194.70665490222,27128.42124476798,27007.16405749367,27005.753694591298,27140.885989619575,26870.62139956302,6151
1777033800,27292.5,27294.5,27230.75,27242.75,,,,27180.85,27119.54,0,0,27253.645143877733,27199.07423172929,27132.90472536531,27009.508196225073,27008.504771790525,27145.402056754236,26871.607486826815,5923
1777034700,27244.75,27260,27203,27238,,,,27187.3,27121.8,0,0,27250.516115102186,27202.61293793572,27137.02610868432,27011.78174651139,27010.73461367887,27148.76495005801,26872.70427729973,5389
1777035600,27238,27266.75,27226.25,27244.5,,,,27194.9875,27124.295,0,0,27249.312892081747,27206.420852668834,27141.24077108886,27014.097351023716,27012.788562078407,27151.945250559733,26873.63187359708,4796
1777036500,27245.25,27266.75,27206.25,27209.75,,,,27199.9375,27126.125,0,0,27241.4003136654,27206.72350242621,27143.927407516745,27016.044143550844,27015.567757040153,27155.936063066423,26875.199451013883,7196
1777037400,27210,27260,27176.25,27215.5,,,,27206.55,27128.09,0,0,27236.220250932318,27207.52136584201,27146.734175849422,27018.0287789384,27026.99525437049,27171.082007478297,26882.908501262682,33405
1777038300,27216,27255,27130.25,27193.75,,,,27211.5125,27129.5,0,0,27227.726200745856,27206.269423492737,27148.57793365925,27019.777248799706,27034.17724541019,27179.102940965247,26889.25154985513,26660
1777039200,27193.75,27267.25,27158.5,27234.25,,,,27218.225,27131.985,0,0,27229.030960596683,27208.813112266125,27151.93762253536,27021.91130602558,27041.322657364624,27187.857765616933,26894.787549112316,24643
1777040100,27234,27264.25,27186.25,27201.25,,,,27223.5125,27133.635,0,0,27223.474768477347,27208.12555660557,27153.871441259464,27023.69577064224,27045.66435415934,27192.931430436664,26898.397277882017,16216
1777041000,27201.5,27258.25,27167.75,27252.25,,,,27230.4625,27136.79,0,0,27229.229814781876,27212.13686964143,27157.72942395517,27025.969942078635,27226.083333333332,27226.083333333332,27226.083333333332,16624
1777041900,27253,27297.25,27230,27290.25,,,,27239.5375,27141.035,0,0,27241.433851825503,27219.23806331039,27162.926309290262,27028.59959439626,27249.94759121243,27273.146653676857,27226.748528748,17591
1777042800,27290.5,27319.75,27286.25,27318.25,,,,27248.5,27145.675,0,0,27256.7970814604,27228.239148463992,27169.017434416135,27031.481687984357,27266.901692856598,27299.75652815484,27234.046857558355,14086
1777043700,27318.25,27332.25,27295,27325.5,,,,27255.625,27150.77,0,0,27270.537665168322,27237.081044058174,27175.154005615503,27034.407243327794,27277.417715392057,27313.16471252232,27241.670718261794,12646
1777044600,27326,27392,27307.5,27387.75,,,,27266.075,27157.34,0,0,27293.980132134657,27250.778221871067,27183.491103434502,27037.92309165289,27296.837439078423,27344.370881994717,27249.30399616213,18048
1777045500,27384.25,27417.5,27341.5,27396,,,,27277.25,27164.53,0,0,27314.384105707726,27263.98020170097,27191.824785652756,27041.4860459648,27317.71759733359,27373.656663905527,27261.778530761654,24515
1777046400,27396.25,27404,27360,27382.5,,,,27282.3625,27171.585,0,0,27328.00728456618,27274.754728819065,27199.30224503892,27044.879219636794,27324.457489539993,27380.945475347366,27267.96950373262,12089
1777047300,27382.25,27408.75,27367,27399.25,,,,27284.8125,27178.93,0,0,27342.255827652945,27286.072480744606,27207.143333468768,27048.405297053345,27328.727176005814,27385.796540578307,27271.65781143332,7842
1777048200,27399.5,27430.5,27378,27392.5,,,,27289.6125,27185.94,0,0,27352.304662122355,27295.747709767824,27214.412222352345,27051.82912494336,27335.160943863193,27393.329534052777,27276.99235367361,12186
1777049100,27392.25,27418.25,27384,27409.75,,,,27296.3125,27193.665,0,0,27363.793729697885,27306.111554334384,27222.072527358134,27055.390526685216,27339.677779232203,27398.43240267439,27280.923155790017,9524
1777050000,27410,27423.25,27401,27409,,,,27301.75,27201.05,0,0,27372.83498375831,27315.465049394894,27229.403016481345,27058.909028907256,27343.77600889241,27403.18827607395,27284.363741710873,8838
1777050900,27408.5,27410,27367,27384,,,,27306.3375,27207.645,0,0,27375.067987006645,27321.695499449903,27235.465643286,27062.143764938028,27346.25102443544,27404.804877327682,27287.6971715432,9353
1777051800,27383,27420.5,27372.5,27415,,,,27314.95,27214.965,0,0,27383.054389605317,27330.17772677264,27242.50620629439,27065.654772252077,27349.63044316547,27407.960602858642,27291.3002834723,10408
1777052700,27415,27462.5,27411,27432.75,,,,27324.6875,27222.44,0,0,27392.993511684253,27339.502478884217,27249.96674722402,27069.30746108539,27354.497690475808,27414.524501378226,27294.47087957339,10451
1777053600,27433,27443,27406.5,27415.75,,,,27333.25,27229.285,0,0,27397.544809347404,27346.434071712923,27256.46805125445,27072.754650527328,27357.285871390315,27417.564985600577,27297.006757180054,7967
1777054500,27415.25,27417.75,27383.75,27387.5,,,,27342.1375,27235.315,0,0,27395.535847477924,27350.16733792084,27261.606559048396,27075.886445049444,27359.084835367765,27418.52537086769,27299.64429986784,9281
1777055400,27387.75,27421.5,27385,27406.75,,,,27351.7,27241.68,0,0,27397.77867798234,27355.311216291673,27267.298458693556,27079.178619725568,27360.795895410105,27419.740398620444,27301.851392199766,7902
1777056300,27406.25,27412.25,27393.25,27408,,,,27362.4125,27248.395,0,0,27399.822942385872,27360.101105719703,27272.81616619577,27082.45047425566,27362.11118755415,27420.640180908456,27303.582194199844,6496
1777057200,27408.5,27445.5,27407.75,27441.5,,,,27372.775,27255.605,0,0,27408.158353908697,27367.50100519973,27279.43121850182,27086.02310635262,27364.865555768134,27423.802739447776,27305.928372088492,8911
1777058100,27442.25,27454.5,27418.5,27423,,,,27383.8625,27262.565,0,0,27411.126683126957,27372.54636836339,27285.061366795868,27089.37611026951,27367.354083301205,27426.563088467214,27308.145078135196,8652
1777059000,27422.75,27426.75,27404,27417,,,,27392.1,27268.855,0,0,27412.301346501565,27376.58760760308,27290.235430843088,27092.63604947081,27369.32946373649,27428.109835549505,27310.549091923473,9897
1777059900,27417,27446,27408,27434,,,,27399.2875,27275.37,0,0,27416.641077201253,27381.8069160028,27295.873257084535,27096.03270569498,27375.397462563422,27433.989343275996,27316.805581850847,27373
1777060800,27434,27440.25,27409,27414.5,,,,27404.1,27281.935,0,0,27416.212861761003,27384.779014548,27300.525286218475,27099.201534494034,27376.926546388684,27435.118464110594,27318.734628666774,9338
1777061700,27414.5,27429.25,27413.25,27420,,,,27408.825,27288.155,0,0,27416.970289408804,27387.980922316365,27305.210569111867,27102.39355902643,27377.249821868518,27435.348498560696,27319.15114517634,2077
1777062600,27419.5,27443.25,27419,27434.5,,,,27411.1625,27295.03,0,0,27420.47623152704,27392.209929378514,27310.280742872186,27105.69810072766,27377.612015565297,27435.689698991628,27319.534332138966,1870
1777063500,27434.5,27444.5,27429,27440.25,,,,27413.375,27301.62,0,0,27424.430985221632,27396.577208525923,27315.377576485043,27109.026975347286,27377.905767085445,27435.9937625266,27319.81777164429,1390
1777240800,27403.25,27421.75,27344.25,27358.25,,,,27412.1625,27307.12,0,0,27411.194788177305,27393.09291684175,27317.058847995435,27111.506806438356,27377.84996115785,27435.423560071984,27320.27636224372,5137
1777241700,27357.5,27375,27357,27374.5,,,,27410.925,27312.72,0,0,27403.855830541845,27391.402651674318,27319.31144219169,27114.12365413549,27377.802658628516,27435.228733442087,27320.376583814945,1532
1777242600,27373.5,27389.25,27363.75,27383.25,,,,27410.4625,27318.385,0,0,27399.734664433476,27390.661501522107,27321.818836615545,27116.801528223692,27377.807602581226,27435.08367543472,27320.531529727734,1532
1777243500,27383.5,27399.75,27380,27395.5,,,,27409.75,27324.385,0,0,27398.88773154678,27391.1013650201,27324.70829400317,27119.574647345846,27377.861490128213,27435.03331515451,27320.689665101916,1139
1777244400,27395.25,27398,27376.5,27380.75,,,,27408.3375,27329.735,0,0,27395.260185237425,27390.160331836454,27326.90600796383,27122.173407073748,27377.899930638065,27434.921816570506,27320.878044705623,1577
1777245300,27380.75,27395,27379.75,27382.75,,,,27408.275,27335.215,0,0,27392.75814818994,27389.486665305867,27329.095968435835,27124.766208993413,27377.92760197864,27434.851877748522,27321.00332620876,1037
1777246200,27382,27382,27366.75,27376.5,,,,27406.35,27339.965,0,0,27389.506518551952,27388.30605936897,27330.954950065803,27127.271022834273,27377.915636740192,27434.720350403208,27321.110923077176,1256
1777247100,27377.75,27389.5,27369.75,27384,,,,27403.9125,27343.985,0,0,27388.40521484156,27387.914599426334,27333.035148102437,27129.825540020003,27377.926189983416,27434.636495455135,27321.215884511697,998
1777248000,27385,27412.25,27379,27408.75,,,,27403.5625,27348.585,0,0,27392.474171873248,27389.808726751213,27336.00435798077,27132.600907780998,27378.17492169373,27434.61292485027,27321.736918537194,3414
1777248900,27408.5,27420.5,27397.25,27418.5,,,,27405.1125,27353.505,0,0,27397.679337498597,27392.417024319286,27339.23948119721,27135.445674867755,27378.348840104776,27434.694007671187,27322.003672538365,1562
1777249800,27418,27437.75,27405,27434.25,,,,27406.4875,27356.585,0,0,27404.993469998877,27396.220022108442,27342.96538389536,27138.418852232255,27378.612740968354,27434.910956893116,27322.314525043592,1708
1777250700,27434.25,27474.5,27430,27455.5,,,,27408.8625,27358.69,0,0,27415.094775999103,27401.609111007674,27347.37850609554,27141.57388852845,27379.219692258703,27435.68850576905,27322.750878748357,2508
1777251600,27456,27499.75,27456,27471.25,,,,27410.35,27362.185,0,0,27426.325820799284,27407.94010091607,27352.236211738855,27144.854247846575,27380.56875176309,27437.77379596021,27323.36370756597,4380
1777252500,27470.75,27496.25,27456,27493.25,,,,27413.8625,27366.535,0,0,27439.71065663943,27415.695546287334,27357.766164219684,27148.320872246113,27381.302981138506,27438.944133267487,27323.661829009525,2287
1777253400,27495.75,27521.25,27490,27514.75,,,,27418.75,27370.825,0,0,27454.718525311542,27424.70049662485,27363.922393073815,27151.966933218788,27382.131380444982,27440.489875380026,27323.772885509938,2065
1777254300,27515.25,27540,27510.5,27537.75,,,,27423.9375,27375.735,0,0,27471.324820249232,27434.977724204407,27370.73916197288,27155.805570699198,27383.06438562888,27442.399765119673,27323.729006138088,2024
1777255200,27537.5,27542.5,27518.5,27527,,,,27429.5625,27381.42,0,0,27482.459856199384,27443.34338564037,27376.867037973945,27159.499047607664,27383.744233698762,27443.771742507983,27323.716724889542,1492
1777256100,27526.25,27538,27511,27522.5,,,,27434.6875,27387.11,0,0,27490.467884959508,27450.539441491248,27382.578134523985,27163.11099738271,27384.35471850369,27444.95792636941,27323.751510637972,1405
1777257000,27521.5,27533,27516.5,27519,,,,27438.9125,27392.6,0,0,27496.174307967605,27456.76312862841,27387.928011601474,27166.652181488356,27384.794428298334,27445.80085270365,27323.788003893016,1027
1777257900,27520.5,27525.75,27515,27518.75,,,,27442.8375,27398.78,0,0,27500.689446374083,27462.398298753098,27393.05828565632,27170.15564236907,27385.103515209303,27446.3808221921,27323.826208226506,742
1777258800,27518.75,27536.25,27512.75,27520.5,,,,27450.95,27404.88,0,0,27504.651557099267,27467.680271593727,27398.055999944307,27173.641655877836,27385.758391358293,27447.621814023394,27323.894968693192,1545
1777259700,27519.75,27529.5,27517,27527.75,,,,27458.6125,27411.56,0,0,27509.271245679414,27473.141155994297,27403.142039162176,27177.165121988506,27386.015227150863,27448.10905325086,27323.921401050866,603
1777260600,27528.25,27533,27520,27529.5,,,,27465.925,27417.465,0,0,27513.31699654353,27478.264687267543,27408.09725331268,27180.670941670214,27386.388842534456,27448.824273467944,27323.953411600967,864
1777261500,27529.5,27531,27523,27524.5,,,,27472.375,27423.93,0,0,27515.553597234823,27482.467897515948,27412.662066908262,27184.09212633021,27386.650657051156,27449.319698519183,27323.98161558313,614
1777262400,27524.5,27526.5,27508,27514.75,,,,27479.075,27429.18,0,0,27515.392877787857,27485.40263410541,27416.6655152648,27187.38225442643,27387.05082715717,27450.035474709177,27324.066179605165,1014
1777263300,27514,27531,27514,27528.75,,,,27486.375,27433.95,0,0,27518.064302230287,27489.34330373219,27421.06098525442,27190.778948412237,27387.33549317805,27450.56463641868,27324.106349937418,682
1777264200,27529.25,27540,27525,27532.5,,,,27494.175,27438.235,0,0,27520.95144178423,27493.266639756534,27425.431142695423,27194.17915788077,27387.79354867664,27451.445673507824,27324.141423845456,1043
1777265100,27532.25,27538.5,27512.5,27517.75,,,,27500.8625,27442.08,0,0,27520.311153427385,27495.49239977867,27429.0514900407,27197.398768250117,27388.212484543255,27452.20829569721,27324.2166733893,1028
1777266000,27518.75,27520.25,27478.75,27479,,,,27504.375,27443.905,0,0,27512.04892274191,27493.99309070788,27431.010255137142,27200.200770556086,27388.817906185774,27453.118750815196,27324.51706155635,1933
1777266900,27478.75,27483.25,27458.25,27459.5,,,,27506.425,27445.175,0,0,27501.539138193526,27490.857355188982,27432.127500033726,27202.780862391348,27389.246885030174,27453.63063183214,27324.863138228207,1840
1777267800,27459,27466.25,27443.5,27458,,,,27507.6125,27446.685,0,0,27492.831310554822,27487.870322899074,27433.14210787554,27205.320356297903,27389.611880379667,27454.007329011893,27325.21643174744,1846
1777268700,27457.5,27465,27444,27449.5,,,,27507.3125,27447.69,0,0,27484.165048443858,27484.38211172643,27433.783593841206,27207.750004493944,27389.799939876917,27454.19165344402,27325.408226309813,1006
1777269600,27449.25,27456,27429,27440,,,,27505.75,27448.64,0,0,27475.332038755085,27480.347374296754,27434.027374474885,27210.06094972286,27390.113046621762,27454.435705200733,27325.79038804279,2054
1777270500,27440.5,27452.25,27428,27451,,,,27503.6375,27449.465,0,0,27470.465631004066,27477.67943117887,27434.69296763273,27212.458353208207,27390.29513148493,27454.58426130232,27326.00600166754,1159
1777271400,27450,27450.75,27421.25,27439.75,,,,27499.8875,27450.08,0,0,27464.322504803255,27474.2313010717,27434.891282627526,27214.719961633997,27390.53771770584,27454.748860705327,27326.326574706352,1773
1777272300,27439.75,27447,27430,27434,,,,27494.7,27451.08,0,0,27458.258003842602,27470.57391006518,27434.856330367624,27216.901852563013,27390.667730659283,27454.835926119915,27326.49953519865,963
1777273200,27433.75,27443.5,27408,27425.5,,,,27489.625,27451.29,0,0,27451.70640307408,27466.476281877436,27434.489415451248,27218.977456020097,27390.94578504855,27454.93405772136,27326.95751237574,2756
1777274100,27425.75,27435.75,27414,27418,,,,27484.4,27450.995,0,0,27444.965122459264,27462.069347161305,27433.842771708063,27220.95777984079,27391.042707237706,27454.956809404764,27327.128605070648,1066
1777275000,27418.5,27426.25,27405.75,27420.25,,,,27479.4625,27451.085,0,0,27440.022097967412,27458.267588328457,27433.30972183716,27222.940787006555,27391.13026160642,27454.956218831703,27327.304304381138,1159
1777275900,27421.25,27435,27415.75,27426,,,,27474.825,27451.855,0,0,27437.21767837393,27455.334171207687,27433.02306607884,27224.961276688082,27391.222971840652,27454.987979928865,27327.45796375244,942
1777276800,27425,27434.75,27388.25,27390.75,,,,27468.3375,27451.535,0,0,27427.924142699143,27449.46288291608,27431.36529878163,27226.61091572601,27391.3197772686,27454.863457666826,27327.776096870373,2555
1777277700,27391.25,27418.25,27388,27414.5,,,,27462.675,27451.665,0,0,27425.239314159313,27446.284439014617,27430.703914515685,27228.480458853115,27391.374783112464,27454.813052555724,27327.936513669203,1248
1777278600,27414,27437.25,27413,27434.75,,,,27457.9375,27451.53,0,0,27427.14145132745,27445.23585364965,27430.862584534676,27230.53289209836,27391.514828067073,27454.873495905744,27328.156160228402,1346
1777279500,27434.25,27444.75,27433,27440.75,,,,27453.75,27451.885,0,0,27429.86316106196,27444.828048772408,27431.25032631763,27232.624604614793,27391.6726297369,27454.986662398183,27328.358597075614,1172
1777280400,27439.25,27451,27435.75,27447.5,,,,27450.3875,27452.495,0,0,27433.390528849566,27445.070953429462,27431.88756842282,27234.762668250467,27391.832101500786,27455.117657059633,27328.54654594194,1074
1777281300,27447.25,27455.5,27441.5,27451.25,,,,27446.5125,27452.84,0,0,27436.962423079654,27445.632684935874,27432.64687946506,27236.916771053944,27392.072731004046,27455.335075041905,27328.810386966186,1500
1777282200,27451.25,27459.25,27447.25,27452.75,,,,27442.525,27453.605,0,0,27440.119938463722,27446.279713578067,27433.435237133097,27239.064365371814,27392.208907434964,27455.46616823509,27328.95164663484,803
1777283100,27451.5,27466.25,27450.25,27455,,,,27439.3875,27454.305,0,0,27443.095950770978,27447.072466889153,27434.28091410827,27241.212978651696,27392.402068010226,27455.664158336793,27329.13997768366,1073
1777284000,27455.25,27458.75,27440,27445.5,,,,27437.7125,27454.525,0,0,27443.576760616783,27446.929515353775,27434.720878260887,27243.245685331778,27392.533999179806,27455.779063854603,27329.28893450501,857
1777284900,27446.5,27465.25,27444.25,27454,,,,27437.4375,27454.8,0,0,27445.661408493426,27447.57228668525,27435.476922250655,27245.342743189172,27392.725967585324,27455.96681835321,27329.48511681744,1124
1777285800,27454,27481,27451.75,27477.5,,,,27438.4125,27457.185,0,0,27452.02912679474,27450.292987895682,27437.124886083962,27247.652765645,27392.976530319782,27456.26769169913,27329.685368940434,1179
1777286700,27477,27483.25,27467.25,27475.5,,,,27439.7125,27459.205,0,0,27456.72330143579,27452.58453445062,27438.62979251204,27249.91990230525,27393.24804468944,27456.6109060161,27329.88518336278,1204
1777287600,27475.5,27492.25,27475,27485,,,,27441.9625,27461.24,0,0,27462.378641148633,27455.53139495511,27440.448232021372,27252.25900775495,27393.640818629126,27457.146844660012,27330.13479259824,1586
1777288500,27484.75,27498.75,27478,27493,,,,27444.0625,27463.19,0,0,27468.502912918906,27458.93763177737,27442.509085667592,27254.65444051361,27394.02981617955,27457.701001999038,27330.358630360064,1488
1777289400,27493,27500.25,27478.25,27481.75,,,,27446.1625,27465.21,0,0,27471.152330335124,27461.011483433973,27444.04794505318,27256.91409782193,27394.559763098492,27458.43233059945,27330.687195597533,2117
1777290300,27482.5,27492.5,27478,27482,,,,27448.5625,27467.195,0,0,27473.3218642681,27462.91953039452,27445.536260933444,27259.15375854012,27394.91710543301,27458.91185613842,27330.9223547276,1483
1777291200,27482,27483.75,27459,27467,,,,27450.6375,27469.005,0,0,27472.057491414478,27463.290482176835,27446.377976190957,27261.221880345693,27395.47579828667,27459.557078289203,27331.394518284134,2791
1777292100,27467.25,27467.25,27398,27419.25,,,,27450.7,27469.71,0,0,27461.495993131583,27459.286801978942,27445.31413398739,27262.79429944673,27395.956881377726,27459.68658839956,27332.227174355892,5596
1777293000,27418.75,27423.5,27390,27418.25,,,,27450.6,27469.9,0,0,27452.846794505265,27455.55618361722,27444.25279539965,27264.341122337806,27396.13132568367,27459.499747664304,27332.762903703035,4590
1777293900,27419,27437.25,27408.25,27419.25,,,,27450.2625,27469.915,0,0,27446.127435604212,27452.2556214702,27443.272293619273,27265.882504205092,27396.394307923892,27459.487021670535,27333.30159417725,4018
1777294800,27419.75,27433.75,27384.25,27416.25,,,,27451.5375,27469.555,0,0,27440.15194848337,27448.98238315473,27442.212595830282,27267.3786981931,27396.747061103284,27459.13609213369,27334.35803007288,9351
1777295700,27415.75,27425.5,27393,27410.25,,,,27451.325,27468.65,0,0,27434.171558786697,27445.46125741339,27440.959160699684,27268.800303186203,27396.911009385843,27458.917090885963,27334.904927885724,5152
1777296600,27410.75,27435,27353.5,27387.75,,,,27448.975,27466.98,0,0,27424.887247029357,27440.214779466718,27438.872526946754,27269.983882258977,27396.559547342902,27456.279087741546,27336.840006944258,31672
1777297500,27388,27413.25,27298.5,27401.5,,,,27447.0125,27465.145,0,0,27420.209797623487,27436.695254060654,27437.406937654723,27271.292500345953,27394.763981920092,27452.708626801537,27336.819337038647,32987
1777298400,27402.25,27409.5,27348.25,27389.5,,,,27444.1125,27462.64,0,0,27414.06783809879,27432.404776418778,27435.528234217283,27272.46869437236,27394.243244870308,27451.00711873345,27337.479371007164,20608
1777299300,27389,27393.25,27352.5,27359.5,,,,27439.525,27459.075,0,0,27403.15427047903,27425.777069471616,27432.546734836214,27273.334677512936,27393.423007456382,27449.461523358066,27337.384491554698,16028
1777300200,27360.25,27406,27321.5,27377,,,,27435.7375,27456.075,0,0,27397.923416383223,27421.342790428742,27430.368431509305,27274.366173259077,27368.166666666668,27368.166666666668,27368.166666666668,24060
1777301100,27377.75,27389.75,27345.25,27368,,,,27431.3875,27452.985,0,0,27391.938733106577,27416.49344584431,27427.922610665802,27275.297853127147,27367.986783750224,27368.226749519617,27367.74681798083,13520
1777302000,27369,27379.5,27332.25,27339.5,,,,27426.0875,27449.395,0,0,27381.450986485263,27409.494041676644,27424.45505730636,27275.936680459217,27362.512013799846,27370.651969794533,27354.372057805158,17010
1777302900,27339.25,27360.5,27307.5,27344.5,,,,27420.6125,27445.91,0,0,27374.06078918821,27403.585492433314,27421.319564862973,27276.6189025442,27357.47550740752,27369.86596883626,27345.085045978776,13764
1777303800,27344.75,27383,27335.25,27371.25,,,,27415.3,27442.925,0,0,27373.49863135057,27400.645902212105,27419.356052515406,27277.56050550396,27358.2852042865,27369.931397827346,27346.639010745657,11338
1777304700,27371.5,27380.75,27349.25,27367.25,,,,27409.8875,27439.715,0,0,27372.248905080454,27397.609911101914,27417.312677906957,27278.452938285016,27359.022135578653,27370.30051780343,27347.743753353876,8729
1777305600,27367,27384,27347.75,27375,,,,27404.3875,27436.625,0,0,27372.799124064364,27395.554464638102,27415.653357204723,27279.413605565762,27359.832244789177,27370.97435834725,27348.690131231106,7885
1777306500,27375,27389.75,27370,27376,,,,27398.5375,27433.655,0,0,27373.43929925149,27393.77678603464,27414.098323588853,27280.374664216848,27360.9883615566,27372.685974564214,27349.290748548985,6328
1777307400,27376.5,27406.5,27376.5,27396.25,,,,27394.2625,27431.285,0,0,27378.001439401192,27394.001623667853,27413.398389330465,27281.5276526326,27363.22117162853,27377.14924730322,27349.293095953843,7674
1777308300,27396,27406.25,27379,27390.5,,,,27389.6875,27428.52,0,0,27380.501151520955,27393.683294243503,27412.50041327829,27282.611954596458,27364.68299291342,27379.646937829624,27349.719047997212,5921
1777309200,27391,27414.5,27391,27413.25,,,,27387,27426.135,0,0,27387.050921216764,27395.46208567591,27412.529808836003,27283.91183564525,27366.72602880743,27383.86262106936,27349.5894365455,6008
1777310100,27413.25,27420.75,27380.25,27411.25,,,,27386.6,27424.005,0,0,27391.89073697341,27396.897350614465,27412.4796202542,27285.178882056738,27369.964138236774,27389.424096141964,27350.504180331583,11601
1777311000,27411.25,27438.75,27410.75,27430,,,,27387.1875,27423.025,0,0,27399.512589578728,27399.906682376786,27413.16669396972,27286.619888205427,27373.447262635116,27396.688357536543,27350.20616773369,8787
1777311900,27430.5,27439.75,27416.25,27428.5,,,,27387.65,27422.405,0,0,27405.31007166298,27402.506074887988,27413.768000088556,27288.031630611342,27375.457331514302,27400.48243909568,27350.432223932927,5439
1777312800,27428.5,27436,27417.25,27429.75,,,,27388.325,27421.84,0,0,27410.198057330384,27404.982795352716,27414.394745183123,27289.441763640083,27377.023512378557,27403.230111893838,27350.816912863276,4579
1777313700,27430,27437.25,27422.75,27428.5,,,,27389.2375,27421.42,0,0,27413.85844586431,27407.120723047923,27414.947892430842,27290.825427683467,27378.50125743318,27405.755780256382,27351.24673460998,4423
1777314600,27428.25,27434.5,27406.25,27411.5,,,,27390.425,27420.85,0,0,27413.38675669145,27407.518839134475,27414.812680962965,27292.026169696568,27379.706514854257,27407.36973517349,27352.043294535022,5020
1777315500,27411.25,27413.25,27391,27399.25,,,,27390.3125,27419.815,0,0,27410.55940535316,27406.767126485887,27414.20237974873,27293.093073480683,27380.469847796077,27407.925856466743,27353.01383912541,5978
1777316400,27399.75,27415.75,27390.5,27413.75,,,,27391.525,27419.295,0,0,27411.19752428253,27407.40193316899,27414.184639366427,27294.29363991371,27381.26896622671,27408.675771440052,27353.86216101337,5288
1777317300,27413.5,27429.25,27411,27423.75,,,,27394.7375,27419.09,0,0,27413.708019426023,27408.88812106272,27414.559751548135,27295.581762899645,27382.596527285874,27410.48324682243,27354.709807749317,5941
1777318200,27423.25,27436.25,27411,27429.5,,,,27397.3625,27419.17,0,0,27416.86641554082,27410.761928238837,27415.145643644286,27296.914282671787,27384.321403141523,27412.915743713096,27355.72706256995,7495
1777319100,27429.25,27454.75,27427.5,27445,,,,27401.2125,27419.71,0,0,27422.493132432654,27413.874480217124,27416.31640271706,27298.387772396447,27389.40417462558,27421.271892726007,27357.53645652515,17909
1777320000,27444.75,27446,27420,27427.25,,,,27405.6,27419.85,0,0,27423.44450594612,27415.090436561022,27416.74517123796,27299.669983616383,27390.58068786208,27422.744899595433,27358.416476128725,5946
1777320900,27426.5,27434,27411.25,27424.75,,,,27409.6125,27419.825,0,0,27423.7056047569,27415.968578691838,27417.059086091373,27300.91456089383,27390.86583793348,27423.033955302075,27358.697720564887,1850
1777321800,27424.5,27439.5,27424.25,27434.5,,,,27412.775,27420.7,0,0,27425.86448380552,27417.653253356217,27417.743043499555,27302.243769243145,27391.12636152331,27423.36291272817,27358.88981031845,1330
1777322700,27434.5,27437.25,27417.25,27418.5,,,,27415.3375,27420.78,0,0,27424.391587044414,27417.730230323832,27417.7727280682,27303.400547658635,27391.359068786798,27423.601682350636,27359.11645522296,1509
1777327200,27423,27490,27420.25,27484.75,,,,27420.825,27421.78,0,0,27436.463269635533,27423.82293665803,27420.3992877518,27305.205019821235,27392.655235184084,27426.04773512566,27359.262735242508,3858
1777328100,27484.75,27501.5,27484.5,27492.5,,,,27426.65,27422.815,0,0,27447.670615708426,27430.066306052755,27423.226766663494,27307.068651464804,27393.32305587907,27427.587917163994,27359.05819459415,1471
1777329000,27493.5,27499.25,27489.25,27496,,,,27431.6375,27423.785,0,0,27457.33649256674,27436.060278229776,27426.0806189512,27308.94856538058,27393.779641008514,27428.63562199553,27358.923660021497,997
1777329900,27496.5,27496.5,27478.5,27484.75,,,,27436.35,27424.455,0,0,27462.819194053394,27440.48661657252,27428.38137899233,27310.69783338674,27394.157835913094,27429.441587481928,27358.87408434426,907
1777330800,27484.75,27489.75,27474.75,27479.25,,,,27439.65,27424.985,0,0,27466.105355242715,27444.010560520474,27430.376226874985,27312.374969372944,27394.461992657092,27430.056830755224,27358.86715455896,780
1777331700,27478.5,27494.75,27478.5,27490.5,,,,27443.6125,27425.695,0,0,27470.98428419417,27448.23687320043,27432.734021899494,27314.14735773739,27394.797620640933,27430.76560153373,27358.829639748135,805
1777332600,27489.5,27504.5,27486.25,27497.5,,,,27446.9875,27426.735,0,0,27476.28742735534,27452.715339273116,27435.273864177947,27315.971762138015,27395.266733794266,27431.8043607556,27358.729106832932,1043
1777333500,27498,27500.75,27484.75,27490,,,,27450.0625,27427.455,0,0,27479.02994188427,27456.10485388465,27437.41998715136,27317.703386395347,27395.603463344258,27432.518859331765,27358.68806735675,788
1777334400,27490.25,27512,27480.75,27502.5,,,,27453.7,27427.955,0,0,27483.723953507415,27460.322594440593,27439.97214451797,27319.54215867002,27396.586700808923,27434.663427198135,27358.50997441971,2182
1777335300,27500.75,27501,27450.25,27464,,,,27455.475,27427.725,0,0,27479.77916280593,27460.656904036903,27440.914413360402,27320.97955012604,27397.283509481917,27435.8618082148,27358.705210749034,2135
1777336200,27466,27478.75,27456.25,27474.75,,,,27458.6375,27427.52,0,0,27478.773330244745,27461.938094579004,27442.241299110974,27322.509604353643,27397.69370684121,27436.54606426751,27358.841349414914,1308
1777337100,27475.5,27481.5,27467.25,27467.5,,,,27462.05,27427.01,0,0,27476.518664195795,27462.44372234455,27443.23183640074,27323.952294857587,27397.925843229415,27436.938787807605,27358.912898651226,725
1777338000,27468,27473,27450,27461.5,,,,27464.4375,27426.605,0,0,27473.514931356636,27462.357929404137,27443.94823497326,27325.320928739602,27398.402743780443,27437.654286779973,27359.151200780914,1756
1777338900,27460.75,27472,27453.25,27470,,,,27466.75,27426.365,0,0,27472.81194508531,27463.05266309467,27444.969872817448,27326.76052148846,27398.665761756038,27438.06215118012,27359.269372331957,927
1777339800,27470.75,27484.5,27457.75,27479.5,,,,27469.25,27426.615,0,0,27474.149556068245,27464.547875540607,27446.323995452058,27328.280317294546,27399.091444151563,27438.779571288847,27359.40331701428,1337
1777340700,27480.25,27481.25,27417.5,27421.75,,,,27468.0875,27426.665,0,0,27463.669644854595,27460.65715958237,27445.3603093559,27329.21036388863,27399.67411637859,27439.377983686816,27359.97024907036,3401
1777341600,27423.5,27434.5,27411.5,27430.75,,,,27468.2625,27426.915,0,0,27457.085715883677,27457.938326893065,27444.787356047826,27330.220708526555,27399.859306368828,27439.481186419307,27360.23742631835,1726
1777342500,27431.75,27437.25,27424.75,27429.5,,,,27468.5,27427.12,0,0,27451.568572706943,27455.353024448243,27444.187851889088,27331.208562173055,27399.968672845233,27439.561968094276,27360.37537759619,865
1777343400,27430,27430,27402.5,27407.5,,,,27467.15,27426.945,0,0,27442.754858165554,27451.002749498402,27442.74911259932,27331.9676809574,27400.044672908567,27439.538019434687,27360.551326382447,1386
1777344300,27407,27412.75,27386,27395.25,,,,27465.9875,27426.645,0,0,27433.253886532442,27445.93431772582,27440.886402301305,27332.597355773745,27400.030717035304,27439.389412303084,27360.672021767525,1675
1777345200,27394,27410.5,27388.5,27408.5,,,,27462.175,27427.06,0,0,27428.303109225955,27442.531197932563,27439.616347309096,27333.35260596505,27400.04302175026,27439.303915159762,27360.78212834076,1229
1777346100,27407.5,27422.25,27406,27420,,,,27458.55,27427.43,0,0,27426.642487380763,27440.482907211423,27438.84707878717,27334.214769089776,27400.101536072863,27439.302682665293,27360.900389480434,903
1777347000,27420.25,27429.25,27419.5,27421.75,,,,27454.8375,27428.075,0,0,27425.66398990461,27438.779915646748,27438.17660510924,27335.085766412267,27400.169397047128,27439.333874043412,27361.004920050844,720
1777347900,27421.25,27421.75,27406.25,27409.5,,,,27451.075,27429.075,0,0,27422.431191923686,27436.118105133406,27437.05203235986,27335.826206547466,27400.20248683667,27439.319580294024,27361.08539337932,668
1777348800,27412.75,27428,27404.75,27424.25,,,,27448.325,27430.02,0,0,27422.79495353895,27435.039186484915,27436.54999187516,27336.706045288287,27400.261354686438,27439.33126854892,27361.191440823954,782
1777349700,27424,27430,27421.75,27426.75,,,,27445.1375,27431.195,0,0,27423.58596283116,27434.285624077194,27436.16567846829,27337.60200503666,27400.299993202145,27439.353557223683,27361.246429180606,373
1777350600,27427.75,27438.25,27427,27435.75,,,,27442.05,27433.12,0,0,27426.018770264927,27434.418749161086,27436.149377351885,27338.57860200147,27400.36776834219,27439.41056176762,27361.324974916755,509
1777351500,27436.25,27439.5,27415.5,27417.75,,,,27438.4375,27434.585,0,0,27424.36501621194,27432.90340832826,27435.427833142006,27339.366377105933,27400.44083348915,27439.44616368444,27361.43550329386,769
1777352400,27417.75,27423,27373.75,27387.5,,,,27432.6875,27434.91,0,0,27416.992012969553,27428.775825752964,27433.54831027369,27339.845318627267,27400.392658403776,27439.236039456657,27361.549277350896,2146
1777353300,27386.75,27398,27375.5,27394.25,,,,27429.2,27435.45,0,0,27412.44361037564,27425.637114320878,27432.00720006688,27340.38665874043,27400.34504001843,27439.112147929412,27361.577932107448,1088
1777354200,27392.5,27392.5,27350,27371.5,,,,27424.0375,27435.38,0,0,27404.254888300515,27420.715558473526,27429.63436869171,27340.6962442256,27400.126089716345,27438.828164496073,27361.424014936616,1936
1777355100,27370,27373.75,27352,27364,,,,27418.8625,27435.14,0,0,27396.20391064041,27415.559598612297,27427.06047188027,27340.92812239251,27399.94684485478,27438.639837239185,27361.253852470378,1253
1777356000,27363,27378.25,27354.25,27371.5,,,,27414.3625,27434.645,0,0,27391.263128512328,27411.554180556635,27424.88162984575,27341.23232017965,27399.78654341001,27438.448291538138,27361.12479528188,1300
1777356900,27371.5,27372.75,27357,27369,,,,27409.3125,27434.215,0,0,27386.81050280986,27407.68561868785,27422.69019338121,27341.508615501247,27399.667361527765,27438.31191548934,27361.02280756619,924
1777357800,27368.25,27375,27332,27335,,,,27402.0875,27432.65,0,0,27376.44840224789,27401.077835170774,27419.251362268224,27341.44385315795,27399.237363218614,27438.011707609818,27360.46301882741,2154
1777358700,27335.5,27342.75,27322,27337.75,,,,27397.8875,27431.18,0,0,27368.708721798313,27395.32075924616,27416.055230414568,27341.40709840016,27398.81591673077,27437.815384897825,27359.816448563717,1709
1777359600,27337,27345.25,27320,27336.75,,,,27393.1875,27429.315,0,0,27362.31697743865,27389.996144769237,27412.9452213787,27341.360759112595,27398.39615455575,27437.615276477853,27359.17703263365,1720
1777360500,27338.75,27348,27320.5,27328.25,,,,27388.125,27427.31,0,0,27355.50358195092,27384.382858881123,27409.623840148164,27341.230303798042,27397.993406969686,27437.430092573286,27358.556721366087,1627
1777361400,27328.75,27352.25,27326.25,27338.5,,,,27384.675,27425.485,0,0,27352.102865560737,27380.21168989193,27406.834669946275,27341.203136596072,27397.672394445348,27437.24035930122,27358.104429589475,1462
1777362300,27339,27346.25,27321.75,27338,,,,27381.8125,27423.675,0,0,27349.282292448588,27376.374263538117,27404.13527112485,27341.171264590143,27397.126851763027,27436.94686846086,27357.306835065196,2372
1777363200,27338,27341.25,27302.5,27316,,,,27377.1875,27421.765,0,0,27342.62583395887,27370.88569412556,27400.6789859827,27340.92080424596,27396.186451462025,27436.659223115195,27355.713679808854,3342
1777364100,27316.25,27360,27315.5,27357.25,,,,27374.05,27420.925,0,0,27345.550667167096,27369.646085568693,27398.975888493183,27341.083283805703,27395.8009326248,27436.368901056736,27355.232964192863,2052
1777365000,27356.75,27358.75,27342.75,27344.75,,,,27370.2,27419.545,0,0,27345.390533733676,27367.382805062447,27396.84938306208,27341.119768543955,27395.50999567398,27436.1201890115,27354.89980233646,1720
1777365900,27344.5,27352.5,27333.75,27352,,,,27367.325,27418.11,0,0,27346.712426986942,27365.984368238587,27395.090583726313,27341.22802955347,27395.308079397637,27435.95767803443,27354.658480760845,1141
1777366800,27352,27355.25,27325.75,27343,,,,27363.2625,27416.38,0,0,27345.969941589552,27363.894880216896,27393.047815737045,27341.2456611002,27394.9847910572,27435.725895225827,27354.24368688857,1683
1777367700,27343,27345.25,27308.25,27314.75,,,,27357.6625,27413.775,0,0,27339.72595327164,27359.42716383354,27389.97731315912,27340.982022681295,27394.528806879058,27435.54209493475,27353.515518823366,1785
1777368600,27314.25,27316.5,27275,27284.5,,,,27350.1,27410.92,0,0,27328.680762617314,27352.61560348504,27385.840947937195,27340.42001250536,27393.31420162076,27435.566062164526,27351.062341076995,3390
1777369500,27284.5,27298,27256.5,27284.25,,,,27343.425,27408.11,0,0,27319.79461009385,27346.40054862276,27381.85698919456,27339.861106908294,27391.986935598987,27435.73136686695,27348.242504331025,3379
1777370400,27284.75,27300.75,27262.5,27264,,,,27337.25,27404.7,0,0,27308.63568807508,27338.909589657054,27377.235146481045,27339.106270023636,27390.941404716912,27435.850191868878,27346.032617564946,2628
1777371300,27264.25,27284.25,27251,27270,,,,27331.0375,27401.73,0,0,27300.908550460063,27332.645081506413,27373.029846619043,27338.418645446287,27389.669398125086,27436.038523337684,27343.30027291249,3065
1777372200,27270.5,27279.25,27251.5,27252,,,,27325.0625,27397.075,0,0,27291.12684036805,27325.313710460374,27368.283578124177,27337.55875842692,27388.8641816256,27436.189381842472,27341.538981408725,1858
1777373100,27252.5,27265.75,27238.75,27262,,,,27319.9625,27392.465,0,0,27285.301472294443,27319.55791860034,27364.11559466833,27336.80692998486,27387.767189942853,27436.41231366598,27339.122066219727,2464
1777374000,27261.25,27269.75,27184,27192,,,,27310.9875,27386.385,0,0,27266.641177835554,27307.96174418213,27357.365963504864,27335.366065009886,27384.910952577928,27437.937004374406,27331.88490078145,5043
1777374900,27191.5,27195.5,27137,27154,,,,27300.2375,27379.77,0,0,27244.112942268443,27293.96522198375,27349.390827681145,27333.5614275471,27380.788969230613,27441.294231268283,27320.283707192943,5743
1777375800,27154.25,27155.75,27095.75,27143.5,,,,27290.6625,27373.055,0,0,27223.990353814756,27280.286565439776,27341.316677576004,27331.670269064045,27374.478113965244,27445.895869059328,27303.06035887116,8066
1777376700,27144,27150,27080.5,27094,,,,27278.475,27365.125,0,0,27197.992283051804,27263.351423127067,27331.61798433773,27329.3053907649,27367.77047092464,27449.705555736116,27285.83538611316,8227
1777377600,27094.75,27107.75,27063,27099,,,,27266.5875,27357.155,0,0,27178.193826441442,27248.41038466097,27322.49571044213,27327.013794836894,27361.07927938156,27452.545612191527,27269.612946571593,8060
1777378500,27099.75,27124,27042,27053.75,,,,27252.8625,27348.43,0,0,27153.305061153154,27230.713986055427,27311.95666297381,27324.2947521022,27351.097509599538,27455.25781038419,27246.937208814885,12024
1777379400,27055.25,27111,27036.5,27093.75,,,,27240.625,27340.255,0,0,27141.394048922524,27218.262714595843,27303.399538935624,27322.000774469343,27344.903335230912,27455.535027381437,27234.27164308039,8120
1777380300,27093.5,27153.5,27091.25,27149,,,,27231.175,27333.955,0,0,27142.91523913802,27211.96610417804,27297.344655055796,27320.279373728354,27340.796706855504,27454.219142647198,27227.37427106381,6954
1777381200,27148.75,27166,27122.25,27124.5,,,,27221.6,27326.95,0,0,27139.232191310417,27204.01464016185,27290.566433288903,27318.33132025842,27336.677706482304,27452.539524317686,27220.81588864692,7485
1777382100,27125.25,27179.75,27113.75,27160.75,,,,27211.775,27320.815,0,0,27143.535753048334,27200.08149105623,27285.47559276777,27316.76334692252,27331.774101213497,27449.897124764466,27213.65107766253,10040
1777383000,27161,27240,27068.25,27213,,,,27205.1875,27315.845,0,0,27157.428602438667,27201.25590096021,27282.63341265923,27315.730875808862,27315.318816764957,27437.095875976265,27193.54175755365,44090
1777383900,27214,27252,27140.75,27202.5,,,,27197.7125,27310.495,0,0,27166.442881950934,27201.369000872917,27279.49092588828,27314.60420042768,27308.102810562377,27429.370117502396,27186.83550362236,27855
1777384800,27201.75,27235,27168.5,27205,,,,27190.8125,27305.005,0,0,27174.154305560747,27201.699091702652,27276.569713108347,27313.513611368697,27303.94916123704,27424.553928356472,27183.34439411761,18537
1777385700,27205.25,27217.25,27148.75,27168.5,,,,27183.5,27299.94,0,0,27173.023444448598,27198.680992456957,27272.331685143316,27312.07068986254,27299.233274397204,27419.944087037464,27178.522461756944,18300
1777386600,27169,27181.25,27041,27101.75,,,,27174.3625,27293.36,0,0,27158.76875555888,27189.869084051777,27265.642207294557,27309.977946679828,27108,27108,27108,30109
1777387500,27102.75,27113.5,27012.5,27091.75,,,,27164.7375,27286.605,0,0,27145.365004447103,27180.9491673198,27258.822905047713,27307.806524324806,27089.497070968217,27107.187568055382,27071.80657388105,32938
1777388400,27091.25,27119.75,27031.5,27096,,,,27156.3375,27280.375,0,0,27135.492003557683,27173.22651574527,27252.437693085056,27305.698996719584,27087.576385678174,27103.002650410534,27072.150120945815,23469
1777389300,27095.5,27103,27035.75,27046.5,,,,27145.1625,27273.4,0,0,27117.693602846146,27161.705923404792,27244.361705120937,27303.119902224862,27083.76505097181,27100.698979855708,27066.831122087915,14978
1777390200,27046,27059,27012,27038,,,,27134.4625,27265.99,0,0,27101.754882276917,27150.459930367993,27236.26908923384,27300.4818932475,27077.305585344053,27099.94106210251,27054.670108585597,16001
1777391100,27037.25,27055,27009.5,27053.5,,,,27124.0375,27258.66,0,0,27092.103905821532,27141.64539124363,27229.101673969766,27298.024361971406,27073.904786534727,27098.071869928266,27049.73770314119,11558
1777392000,27053.5,27086.75,27040,27070.5,,,,27117.9625,27251.635,0,0,27087.783124657224,27135.1776284033,27222.882000480757,27295.76043797169,27073.151986711488,27096.297276000565,27050.00669742241,13125
1777392900,27070.5,27088.5,27054.25,27070.5,,,,27113.7875,27244.855,0,0,27084.32649972578,27129.297844003002,27216.90623575602,27293.519040578936,27073.00581744973,27095.324711074918,27050.686923824545,10810
1777393800,27070,27078.25,27028,27039.75,,,,27108.6,27237.165,0,0,27075.411199780625,27121.15713091182,27209.95893239304,27290.99397549855,27071.48339011577,27093.882303501847,27049.08447672969,10208
1777394700,27039.5,27095.75,27037,27084.25,,,,27108.1125,27230.315,0,0,27077.1789598245,27117.801937192562,27205.029170338414,27288.93682151349,27071.543185261984,27093.140921432125,27049.945449091843,12350
1777395600,27084.5,27099,27047.5,27071,,,,27106.7125,27223.02,0,0,27075.9431678596,27113.547215629602,27199.77312444279,27286.76829592629,27071.593037069037,27092.621681409873,27050.5643927282,9649
1777396500,27071.25,27092.5,27048,27083.25,,,,27108.1875,27216.33,0,0,27077.40453428768,27110.79292329964,27195.203590150915,27284.74323825538,27071.718270905545,27092.310579015273,27051.125962795817,8095
1777397400,27083,27131.5,27082.25,27118.75,,,,27109.4375,27210.955,0,0,27085.673627430144,27111.516293908764,27192.205410144998,27283.09156424289,27073.6388962682,27095.42555254752,27051.85223998888,9981
1777398300,27118.75,27144.25,27113,27141.5,,,,27109.0625,27205.9,0,0,27096.838901944117,27114.242085371603,27190.21696268833,27281.682692956892,27076.04314560284,27100.377171767705,27051.709119437972,8593
1777399200,27141.5,27148,27120.75,27140.5,,,,27109.8625,27201.28,0,0,27105.571121555295,27116.629168519637,27188.26727787702,27280.2778900419,27078.088156430695,27104.382067377603,27051.794245483787,7428
1777400100,27140.5,27183,27140.25,27176,,,,27110.625,27197.52,0,0,27119.656897244236,27122.026516836035,27187.786208156354,27279.24029909621,27083.459569105446,27116.54919199225,27050.36994621864,14199
1777401000,27175.75,27180.75,27150.75,27178.5,,,,27108.9,27193.66,0,0,27131.42551779539,27127.16046985094,27187.422043130617,27278.237908060426,27086.747715408736,27123.17664196726,27050.31878885021,9222
1777401900,27178.25,27194.75,27170,27194.25,,,,27108.4875,27190.165,0,0,27143.990414236312,27133.25951804631,27187.689806145103,27277.40220748271,27089.819529184868,27129.60149092969,27050.037567440046,7725
1777402800,27194.75,27224.5,27187.5,27207.25,,,,27108.6,27187.61,0,0,27156.64233138905,27139.985925496647,27188.456872570787,27276.70417556746,27094.830349136108,27140.36857716589,27049.292121106326,11246
1777403700,27207,27207.5,27173.75,27187,,,,27109.525,27184.595,0,0,27162.71386511124,27144.25993226968,27188.39974031311,27275.811596706095,27098.12769760071,27146.11154901668,27050.14384618474,9452
1777404600,27186.75,27191.75,27164.5,27178.75,,,,27113.375,27181.435,0,0,27165.921092088993,27147.395392972438,27188.02131912436,27274.845809674192,27100.515033183754,27149.705434112468,27051.32463225504,8318
1777405500,27179,27188.5,27154.5,27169.25,,,,27117.25,27178.255,0,0,27166.586873671193,27149.382175429488,27187.28518896262,27273.79510510032,27105.88454835579,27156.707811295684,27055.061285415894,23133
1777406400,27169.25,27200.25,27147.25,27186.75,,,,27121.7875,27175.22,0,0,27170.619498936954,27152.779250390442,27187.264201160167,27272.92898465156,27108.27912474265,27159.89778926052,27056.66046022478,10380
1777407300,27186.25,27207.25,27185.75,27200.25,,,,27129.475,27172.465,0,0,27176.545599149562,27157.09477308222,27187.773448173495,27272.20581067493,27109.092704933,27161.173291802366,27057.01211806363,2872
1777408200,27200.5,27201.5,27191.25,27195.5,,,,27137.35,27170.055,0,0,27180.33647931965,27160.586157347472,27188.076450205906,27271.442568777664,27109.59002114453,27161.9340334379,27057.246008851158,1816
1777409100,27195.5,27199,27185.25,27191.5,,,,27144.25,27166.74,0,0,27182.56918345572,27163.39650667952,27188.210707060578,27270.647120332116,27109.91039947193,27162.4033152828,27057.41748366106,1241
1777413600,27197.25,27233,27197.25,27224,,,,27151.925,27164.325,0,0,27190.855346764576,27168.9059151632,27189.61420874448,27270.18296988105,27110.608706838895,27163.644246244166,27057.573167433624,2072
1777414500,27224.5,27227,27209.25,27215,,,,27159.15,27161.585,0,0,27195.68427741166,27173.096286512,27190.609729970187,27269.633885603627,27110.89191219424,27164.1400192805,27057.643805107982,856
1777415400,27215,27227,27215,27220.5,,,,27168.1875,27159.135,0,0,27200.647421929327,27177.405715010907,27191.781897422337,27269.144991219513,27111.241300139383,27164.763635838124,27057.718964440643,1026
1777416300,27220.25,27223.75,27218,27223.75,,,,27175.1625,27157.315,0,0,27205.26793754346,27181.6188318281,27193.035548503813,27268.693299764593,27111.38122552917,27165.013967553077,27057.748483505264,409
1777417200,27224.25,27227,27213.75,27220.25,,,,27182.625,27156.03,0,0,27208.26435003477,27185.130756207363,27194.10278189582,27268.211276881364,27111.809935569552,27165.76989859366,27057.849972545446,1277
1777418100,27220.25,27226.5,27220.25,27223.5,,,,27189.6375,27154.815,0,0,27211.311480027816,27188.61886927942,27195.255613978337,27267.766388554188,27111.9781907191,27166.07105664862,27057.88532478958,490
1777419000,27224.25,27241.75,27223.5,27238,,,,27195.6,27154.295,0,0,27216.64918402225,27193.10806298129,27196.93186441056,27267.4702055835,27112.354113309633,27166.787011513923,27057.921215105343,1001
1777419900,27238.5,27247.75,27235,27247.5,,,,27200.9,27153.845,0,0,27222.819347217803,27198.052784528445,27198.91492855132,27267.271497070233,27112.652119482616,27167.38028409934,27057.92395486589,743
1777420800,27246.25,27280.75,27246.25,27278,,,,27207.775,27154.365,0,0,27233.855477774243,27205.32071320768,27202.01630390225,27267.378248343164,27113.801285186313,27169.931900515727,27057.6706698569,2430
1777421700,27277.25,27289.25,27264,27289,,,,27213.425,27154.905,0,0,27244.884382219396,27212.92792109789,27205.427429239415,27267.593390150694,27114.82896740219,27172.28996039395,27057.36797441043,2039
1777422600,27288.5,27294,27271.75,27279.75,,,,27218.4875,27156.66,0,0,27251.857505775515,27219.002655543536,27208.342039857478,27267.714351442726,27115.45832531309,27173.716650043294,27057.20000058289,1253
1777423500,27280.25,27281,27260.5,27264,,,,27221.975,27158.86,0,0,27254.28600462041,27223.093323221397,27210.524704961106,27267.677392721904,27115.976230513068,27174.811080543303,27057.141380482833,1129
1777424400,27263.5,27266,27191.75,27221,,,,27222.6625,27160.41,0,0,27247.62880369633,27222.90302111036,27210.935500844986,27267.21294105303,27117.620547670158,27177.525013693554,27057.716081646762,5050
1777425300,27221.25,27236.5,27213.5,27228,,,,27224.7125,27163.09,0,0,27243.703042957066,27223.3663828276,27211.60469689028,27266.82276253509,27118.171991727453,27178.419376196114,27057.924607258792,1732
1777426200,27228,27270,27223.75,27261,,,,27228.825,27166.33,0,0,27247.16243436565,27226.787620752362,27213.541767600465,27266.764824599417,27119.0491856264,27180.058525096072,27058.03984615673,2253
1777427100,27259.5,27264.25,27240.25,27246.5,,,,27232.6875,27170.185,0,0,27247.02994749252,27228.57965522942,27214.83424730241,27266.56318455365,27119.44034882255,27180.777530426,27058.103167219102,1024
1777428000,27247.25,27271.75,27242.25,27270,,,,27236.85,27173.71,0,0,27251.623957994016,27232.345141117654,27216.997610153296,27266.597381722273,27120.256809500806,27182.35177766933,27058.161841332283,1989
1777428900,27270.5,27281.5,27262,27266,,,,27240.1375,27176.05,0,0,27254.499166395213,27235.40467374332,27218.919272500225,27266.591437625535,27120.99268304268,27183.81261310685,27058.172752978513,1709
1777429800,27266.75,27266.75,27247.5,27253.5,,,,27243.0375,27178.63,0,0,27254.29933311617,27237.04970340302,27220.275379461,27266.461174564585,27121.523480764634,27184.786061303876,27058.260900225392,1372
1777430700,27254.25,27271.25,27250.5,27267.5,,,,27246.8375,27180.765,0,0,27256.939466492935,27239.817912184564,27222.12732536449,27266.471511136082,27121.948403135124,27185.588894635566,27058.30791163468,1050
1777431600,27269,27293.5,27266,27283,,,,27249.7875,27182.165,0,0,27262.151573194347,27243.743556531423,27224.514489075686,27266.635973711844,27122.49430612772,27186.702050015934,27058.286562239504,1206
1777432500,27282.25,27291.75,27281.5,27288,,,,27253.4375,27183.875,0,0,27267.32125855548,27247.76686957402,27227.00411695507,27266.848551087845,27122.78264656364,27187.302306673922,27058.262986453356,616
1777433400,27286.75,27289.75,27279,27282,,,,27256.5125,27185.415,0,0,27270.257006844382,27250.87897234002,27229.16081825095,27266.99931177354,27122.975856779674,27187.69691784816,27058.25479571119,423
1777434300,27280,27285.5,27276.25,27283.25,,,,27259.4875,27187.71,0,0,27272.855605475506,27253.82179303638,27231.281962633268,27267.16101016385,27123.266070770365,27188.282417195198,27058.249724345533,645
1777435200,27284,27297.25,27282,27295.25,,,,27263.2375,27191.58,0,0,27277.334484380404,27257.587993669436,27233.790513118238,27267.44050260003,27123.63018771838,27189.045022209597,27058.215353227162,765
1777436100,27295.75,27296.25,27289,27293.75,,,,27266.75,27195.62,0,0,27280.617587504323,27260.875448790397,27236.141865544974,27267.702288643814,27123.82260065507,27189.448747962473,27058.196453347664,402
1777437000,27294,27312.25,27294,27303.25,,,,27270.0125,27199.765,0,0,27285.14407000346,27264.727680718544,27238.77355709223,27268.05599721452,27124.357728307543,27190.611982467097,27058.10347414799,1059
1777437900,27302.75,27303.75,27292.75,27297.75,,,,27272.525,27204.79,0,0,27287.665256002765,27267.72970974413,27241.086358774886,27268.351459928803,27124.6475079862,27191.22499922777,27058.07001674463,593
1777438800,27299.25,27302.25,27281.5,27285.5,,,,27272.9,27209.74,0,0,27287.23220480221,27269.345190676482,27242.82807019548,27268.522092168318,27124.9775081106,27191.895948453588,27058.059067767615,712
1777439700,27285.5,27295.75,27276.25,27294.5,,,,27273.175,27214.56,0,0,27288.685763841768,27271.631991524075,27244.85442038389,27268.78057881341,27125.3721412882,27192.690784981558,27058.053497594843,860
1777440600,27294.75,27303.75,27288,27302.5,,,,27274.3125,27219.2,0,0,27291.448611073414,27274.438174112795,27247.11503134923,27269.116095442132,27125.649807356785,27193.269279393004,27058.030335320567,575
1777441500,27301.5,27309.75,27296.75,27297.25,,,,27275.975,27223.735,0,0,27292.608888858733,27276.511976466176,27249.08110855122,27269.396034790967,27125.983036870417,27193.969213956516,27057.996859784318,680
1777442400,27297.25,27317.25,27293,27295.5,,,,27279.7,27228.85,0,0,27293.187111086987,27278.238160423796,27250.901457235486,27269.65577573832,27126.615096247602,27195.29053465872,27057.939657836483,1292
1777443300,27295,27295,27281.75,27283,,,,27282.45,27232.825,0,0,27291.14968886959,27278.671054930724,27252.160223618408,27269.788554089184,27127.0108902881,27196.0601809126,27057.961599663602,892
1777444200,27283,27299.5,27278.25,27291.75,,,,27283.9875,27237.24,0,0,27291.26975109567,27279.860049937022,27253.712763868665,27270.007075939044,27127.57617098241,27197.167640982556,27057.984700982266,1256
1777445100,27292,27292,27260.5,27265.75,,,,27284.95,27240.89,0,0,27286.165800876537,27278.577318124564,27254.184812344403,27269.964716974475,27128.248002061675,27198.373899323222,27058.122104800128,1682
1777446000,27265.5,27288.5,27255.25,27257.5,,,,27284.325,27243.665,0,0,27280.43264070123,27276.66119829506,27254.314819703446,27269.8406899399,27128.8455170685,27199.40808682269,27058.282947314314,1571
1777446900,27257.75,27268.25,27246.5,27263.25,,,,27284.1875,27246.1,0,0,27276.996112560984,27275.441998450053,27254.66521893076,27269.775110935523,27129.38662202506,27200.300258935193,27058.472985114928,1520
1777447800,27263,27272,27237.75,27238,,,,27283.4125,27248.05,0,0,27269.19689004879,27272.038180409138,27254.011680933476,27269.458940677458,27129.928947535172,27201.137809661464,27058.72008540888,1666
1777448700,27238.5,27240.75,27210,27237.75,,,,27281.925,27249.285,0,0,27262.90751203903,27268.921073099216,27253.373967955693,27269.14342882992,27130.689451842383,27202.153560722156,27059.22534296261,2834
1777449600,27238.75,27261.5,27206.25,27209,,,,27278.225,27249.895,0,0,27252.126009631225,27263.473702817468,27251.633812349588,27268.54498675201,27131.484494704917,27203.17230989234,27059.796679517494,3135
1777450500,27210.75,27249.5,27198,27245.5,,,,27276.1,27250.92,0,0,27250.80080770498,27261.83972983406,27251.39327068882,27268.315683401244,27131.997783089257,27203.8549503443,27060.140615834214,1940
1777451400,27245.25,27248.25,27205.5,27240,,,,27274,27251.575,0,0,27248.640646163985,27259.854299849147,27250.946475759847,27268.0339353077,27132.617963577974,27204.67598298576,27060.55994417019,2365
1777452300,27240.5,27249.5,27229.25,27241.25,,,,27271.9,27252.66,0,0,27247.16251693119,27258.16299986286,27250.56622180848,27267.767428488718,27133.02383474808,27205.246761720795,27060.800907775367,1436
1777453200,27241,27262,27229.75,27254.5,,,,27269.8625,27254.175,0,0,27248.63001354495,27257.82999987533,27250.72048761991,27267.6354142749,27133.50885309093,27205.967005917,27061.050700264863,1599
1777454100,27254,27270,27239.5,27250,,,,27267.675,27255.79,0,0,27248.90401083596,27257.118181704845,27250.692233203445,27267.459937515945,27133.986169849864,27206.69193096612,27061.280408733608,1528
1777455000,27249.25,27265.5,27234,27236,,,,27264.3125,27256.775,0,0,27246.323208668768,27255.198347004403,27250.116067195468,27267.146903311805,27134.368271184492,27207.24005400359,27061.496488365396,1321
1777455900,27236.75,27248,27222.25,27229,,,,27260.875,27257.35,0,0,27242.858566935014,27252.81667909491,27249.28798612898,27266.767332134572,27134.6129273848,27207.55966853683,27061.666186232767,955
1777456800,27227,27247,27212,27244.75,,,,27258.8375,27258.335,0,0,27243.236853548013,27252.083344631737,27249.11002588863,27266.548254202884,27134.96684656634,27208.02603361021,27061.907659522472,1369
1777457700,27245.25,27287.5,27243.75,27281.5,,,,27258.1875,27260.135,0,0,27250.88948283841,27254.757586028853,27250.38022095182,27266.697027792907,27135.616934110563,27209.102155936842,27062.131712284285,1858
1777458600,27282.25,27288.5,27258,27263.5,,,,27256.2375,27260.925,0,0,27253.41158627073,27255.55235093532,27250.894722090965,27266.665216571088,27136.10248082728,27209.896654138633,27062.30830751593,1409
1777459500,27263,27274.75,27254.25,27264,,,,27254.575,27261.905,0,0,27255.529269016584,27256.320319032107,27251.408654557985,27266.638697003214,27136.48213558258,27210.495624422754,27062.468646742407,1158
1777460400,27262.25,27276.5,27254.5,27269.75,,,,27253.2875,27262.89,0,0,27258.373415213267,27257.541199120096,27252.12792300669,27266.66965524199,27137.120625830044,27211.511853058615,27062.729398601474,1924
1777461300,27269.5,27279.75,27257.25,27260.25,,,,27252.15,27263.62,0,0,27258.748732170614,27257.787453745543,27252.446435829956,27266.6057780754,27137.474403115713,27212.06806926584,27062.880736965588,1084
1777462200,27260,27285,27240.75,27247.25,,,,27249.925,27264.16,0,0,27256.44898573649,27256.82950340504,27252.242654032703,27266.41318326868,27138.12981916486,27213.0445665799,27063.21507174982,2161
1777463100,27247.25,27262,27235,27251.25,,,,27249.2,27264.715,0,0,27255.40918858919,27256.322275822764,27252.203726423577,27266.26230582322,27138.550577139802,27213.634851508632,27063.466302770972,1504
1777464000,27251.75,27253,27229.25,27233.5,,,,27248,27264.625,0,0,27251.02735087135,27254.24752347524,27251.470246955985,27265.936312730453,27138.958797437972,27214.16059613062,27063.756998745324,1630
1777464900,27233,27251.5,27217.75,27232.25,,,,27246.45,27264.32,0,0,27247.27188069708,27252.247748613852,27250.71651178124,27265.601125539106,27139.615497581264,27214.968258702214,27064.262736460314,2784
1777465800,27232,27248,27191.75,27241,,,,27246.6,27263.58,0,0,27246.017504557665,27251.225226012593,27250.335472103543,27265.35633822031,27140.653336748153,27216.152113966727,27065.15455952958,4839
1777466700,27241,27246,27218,27225.75,,,,27246,27262.315,0,0,27241.96400364613,27248.909296375085,27249.37133594262,27264.962245302697,27141.064149324648,27216.630900881555,27065.49739776774,1882
1777467600,27225.75,27251.25,27225.75,27244.5,,,,27247.775,27261.61,0,0,27242.471202916906,27248.508451250076,27249.180303160556,27264.758640871823,27141.62389836552,27217.344007050728,27065.903789680313,2315
1777468500,27243.5,27245.75,27198.5,27207.25,,,,27245.8625,27260.475,0,0,27235.426962333524,27244.757682954616,27247.535977546417,27264.186415589516,27142.829396917376,27218.53708188726,27067.12171194749,6669
1777469400,27206.75,27218,27124.25,27180.5,,,,27242.8875,27259.665,0,0,27224.44156986682,27238.916075413286,27244.90711568185,27263.353714936886,27144.844509684917,27218.48769012999,27071.201329239844,28639
1777470300,27180.25,27235.75,27155.5,27220.25,,,,27241.8375,27259.51,0,0,27223.603255893457,27237.219159466626,27243.940169968835,27262.924822250945,27147.30124324242,27220.35146563234,27074.2510208525,19406
1777471200,27220.75,27225.25,27177.75,27215.25,,,,27239.875,27258.595,0,0,27221.932604714766,27235.221963151478,27242.815065264174,27262.45044591014,27149.093878307547,27221.72829109994,27076.459465515156,14657
1777472100,27215.25,27277,27203.5,27269,,,,27240.825,27259.045,0,0,27231.346083771812,27238.29269377407,27243.84192544989,27262.515615602577,27152.133726987766,27225.710571715943,27078.55688225959,14954
1777473000,27268.75,27315.5,27248.5,27305.5,,,,27244.3,27259.755,0,0,27246.17686701745,27244.402448885518,27246.25988915774,27262.943320919963,27289.833333333332,27289.833333333332,27289.833333333332,19200
1777473900,27305.75,27312,27282,27302.25,,,,27247.9625,27260.48,0,0,27257.39149361396,27249.66131716865,27248.455579779005,27263.334432154592,27292.99595839075,27297.261855259614,27288.73006152189,10553
1777474800,27303,27309.5,27221.75,27230.5,,,,27247.25,27260.02,0,0,27252.013194891166,27247.919379244227,27247.751439395513,27263.007721386886,27279.567489907124,27298.445942536575,27260.689037277672,15576
1777475700,27230.5,27287,27219.75,27275.75,,,,27246.9625,27260.185,0,0,27256.760555912933,27250.44943567657,27248.849422164316,27263.134510228807,27275.33000591793,27293.693341380207,27256.966670455655,13250
1777476600,27275.25,27293.25,27264.25,27278,,,,27247.6875,27260.085,0,0,27261.008444730345,27252.95403243325,27249.99258207944,27263.282425549914,27275.844747503634,27292.69178217913,27258.99771282814,11356
1777477500,27277.5,27298,27199.25,27240.25,,,,27246.5,27259.13,0,0,27256.856755784276,27251.79912039386,27249.61052003711,27263.053247186235,27268.488805473396,27288.005686317458,27248.971924629335,22707
1777478400,27239.75,27273.5,27231.25,27247,,,,27245.3625,27258.43,0,0,27254.88540462742,27251.36283672169,27249.50814670232,27262.893513383387,27266.682079924427,27285.957961851745,27247.40619799711,10397
1777479300,27247.25,27257.25,27200,27202.25,,,,27242.4625,27256.81,0,0,27244.358323701937,27246.898033383357,27247.654886047327,27262.290095339773,27262.40053173196,27285.20088204323,27239.60018142069,10364
1777480200,27202,27210,27153.5,27205.5,,,,27240.375,27255.015,0,0,27236.58665896155,27243.13457580305,27246.001753261156,27261.725019764253,27252.84541645602,27285.329908916923,27220.36092399512,17151
1777481100,27205,27222,27184,27199.25,,,,27237.775,27253.125,0,0,27229.11932716924,27239.145068911865,27244.168351172484,27261.103377776548,27249.642529705277,27283.44325967703,27215.841799733524,8731
1777482000,27199,27218,27170,27205.25,,,,27236.3625,27251.165,0,0,27224.345461735393,27236.063699010785,27242.642141322583,27260.547622773796,27246.55879900057,27281.560366569327,27211.557231431812,8800
1777482900,27204.75,27229.25,27191.25,27213.75,,,,27235.4375,27249.485,0,0,27222.226369388314,27234.035180918894,27241.509116172678,27260.081974785997,27244.57196624596,27279.525072946664,27209.618859545255,8874
1777483800,27214,27231,27205.75,27220,,,,27234.3875,27248.175,0,0,27221.78109551065,27232.759255380814,27240.66562142081,27259.683149166234,27243.54830909009,27278.163145515166,27208.933472665012,6523
1777484700,27220.25,27254,27216.5,27249.5,,,,27235.575,27247.275,0,0,27227.324876408522,27234.281141255284,27241.0120676396,27259.581824298908,27243.384825745812,27277.201027327894,27209.56862416373,7896
1777485600,27249.5,27256.75,27158,27191.5,,,,27232.925,27245.055,0,0,27220.15990112682,27230.39194659571,27239.070417928244,27258.904393211356,27240.3944327172,27274.677142593708,27206.11172284069,13377
1777486500,27191.75,27238.75,27188.5,27208.5,,,,27232.9875,27243.28,0,0,27217.827920901454,27228.401769632466,27237.87157800949,27258.402856960496,27239.064342791193,27273.07197405885,27205.056711523535,9052
1777487400,27209.25,27267,27180,27192.25,,,,27233.575,27241.215,0,0,27212.712336721164,27225.115245120425,27236.08249651892,27257.744619577803,27237.20846748692,27270.655137995138,27203.7617969787,14909
1777488300,27191,27301,27170.5,27295.25,,,,27237.325,27241.46,0,0,27229.21986937693,27231.491131927658,27238.40279077308,27258.1178074427,27238.228083036924,27271.004603005633,27205.451563068214,12262
1777489200,27295.5,27321.25,27263.5,27318.75,,,,27242.5,27242,0,0,27247.125895501544,27239.42375629787,27241.553661723156,27258.721112841282,27242.000376488406,27277.115949939747,27206.884803037065,14089
1777490100,27319.5,27340.25,27297.75,27310.75,,,,27244.5875,27242.9,0,0,27259.850716401234,27245.90796027079,27244.267243616367,27259.23881321102,27245.201484380723,27282.71648057798,27207.686488183466,10591
1777491000,27311,27313.5,27267.5,27277.5,,,,27243.1875,27243.3,0,0,27263.380573120987,27248.779963882535,27245.570488964746,27259.420516562153,27247.041950477036,27284.673755070948,27209.410145883125,11556
1777491900,27277.5,27338.75,27262.25,27337.25,,,,27244.9375,27244.78,0,0,27278.15445849679,27256.822694438666,27249.165763907306,27260.194939282926,27252.00671190388,27292.14057719008,27211.87284661768,21023
1777492800,27337,27414,27118.25,27131.25,,,,27239.975,27242.645,0,0,27248.77356679743,27245.406994944242,27244.541616303097,27258.911905061206,27249.16005613353,27288.425031937426,27209.895080329632,28294
1777493700,27131,27288.5,27094,27281.5,,,,27240.2625,27243.52,0,0,27255.318853437944,27248.688177222037,27245.990964683366,27259.136662224777,27247.79826447495,27286.55814117332,27209.03838777658,15773
1777494600,27282,27299,27251.25,27254.75,,,,27239.1,27244.435,0,0,27255.205082750355,27249.239252020034,27246.33445626441,27259.09301384443,27248.174356389307,27286.67624085782,27209.672471920792,6013
1777495500,27253.75,27275.5,27148.5,27148.75,,,,27234.525,27242.5,0,0,27233.914066200283,27240.103865472756,27242.507614842274,27257.99507340817,27247.065965398044,27286.00096722544,27208.13096357065,6481
1777500000,27207,27437.5,27207,27434.75,,,,27243.9125,27246.395,0,0,27274.081252960226,27257.798968611598,27250.046531907283,27259.753828896646,27250.31821383542,27293.07428169442,27207.562145976422,9950
1777500900,27434,27500,27427.25,27467.75,,,,27257.1875,27250.925,0,0,27312.81500236818,27276.885426010544,27258.58392281288,27261.823442539466,27254.58153935893,27306.435760077842,27202.727318640016,6985
1777501800,27469.75,27488.75,27452,27472.25,,,,27270.525,27255.28,0,0,27344.702001894544,27294.645841827765,27266.962984663354,27263.91723913111,27256.47107096994,27311.88535779283,27201.056784147047,3098
1777502700,27471.25,27499,27466,27471.25,,,,27284.125,27259.705,0,0,27370.011601515635,27310.70076529797,27274.974240166754,27265.98025167707,27258.126226480894,27316.547491143487,27199.7049618183,2662
1777503600,27473.25,27485.75,27464,27476,,,,27297.6625,27264.505,0,0,27391.20928121251,27325.7279684527,27282.85760329747,27268.0700004166,27259.26087130941,27319.595597925512,27198.926144693305,1878
1777504500,27476,27477.5,27452,27471.25,,,,27310.5375,27269.35,0,0,27407.217424970007,27338.957244047906,27290.24554042306,27270.09169195474,27260.2706090932,27322.167592129255,27198.373626057146,1756
1777505400,27472,27522,27471.5,27520,,,,27325.5375,27274.855,0,0,27429.773939976007,27355.41567640719,27299.25551923,27272.578341786037,27262.45428667481,27328.223054846803,27196.685518502814,3258
1777506300,27520.25,27557.5,27510,27550.5,,,,27340.5875,27280.235,0,0,27453.919151980805,27373.150614915627,27309.10824396608,27275.343731420005,27265.484484293615,27336.9548128678,27194.01415571943,4032
1777507200,27551.75,27592.5,27551.25,27574.75,,,,27359.75,27286.46,0,0,27478.085321584644,27391.47783174148,27319.525567732115,27278.32289827155,27269.48773683134,27348.581633763362,27190.393839899316,4862
1777508100,27575.25,27592,27558.5,27576.25,,,,27378.1375,27292.705,0,0,27497.718257267716,27408.275301583162,27329.593192526932,27281.287347044967,27271.720638686034,27354.71886191647,27188.7224154556,2743
1777509000,27578,27622.75,27577.5,27603,,,,27398.675,27299.37,0,0,27518.77460581417,27425.977546893784,27340.31502811411,27284.48846796989,27274.85777328227,27363.438271004976,27186.277275559565,3616
1777509900,27603.25,27616,27589.25,27595.25,,,,27413.675,27306.07,0,0,27534.06968465134,27441.365951721622,27350.31247799199,27287.580622517457,27276.631244886077,27368.15997824464,27185.102511527515,2081
1777510800,27594.25,27601.25,27566,27567.75,,,,27426.125,27312.48,0,0,27540.80574772107,27452.85541065602,27358.839439639363,27290.368377517283,27278.1529116513,27371.918740919504,27184.3870823831,1935
1777511700,27569,27582.75,27564.5,27581.25,,,,27439.65,27319.08,0,0,27548.894598176856,27464.527646050927,27367.561422398605,27293.262722019597,27279.510718023233,27375.191300902967,27183.8301351435,1756
1777512600,27581.5,27597.5,27556,27567,,,,27454.125,27325.75,0,0,27552.515678541484,27473.84331459175,27375.382543088857,27295.986476029353,27281.56045314631,27379.99492016034,27183.12598613228,2706
1777513500,27568.5,27583.25,27557,27581.25,,,,27466.325,27332.73,0,0,27558.26254283319,27483.607558719774,27383.455776693216,27298.824919053935,27282.62589379844,27382.44717092046,27182.804616676418,1420
1777514400,27581.25,27588.5,27559,27566,,,,27488.0625,27339.23,0,0,27559.81003426655,27491.09778065434,27390.61437368564,27301.48337757081,27283.573865632945,27384.589609815463,27182.558121450427,1284
1777515300,27565.75,27568.5,27512.75,27517.5,,,,27499.8625,27345.065,0,0,27551.348027413238,27493.49798241304,27395.59028059993,27303.632796699458,27285.045288786016,27387.557177309453,27182.53340026258,2320
1777516200,27516.5,27516.5,27386.5,27437.75,,,,27509.0125,27348.93,0,0,27528.62842193059,27488.429984011855,27397.243602929342,27304.967296234787,27288.516758513462,27392.59941804342,27184.434098983504,8616
1777517100,27438.5,27442,27395.5,27427.5,,,,27522.95,27353.335,0,0,27508.40273754447,27482.890894556233,27398.430128304663,27306.18652711802,27289.961478109366,27394.392954951603,27185.53000126713,4407
1777518000,27424.75,27453.5,27403.75,27413,,,,27521.8625,27357.985,0,0,27489.32219003558,27476.537176869304,27399.001495822125,27307.249347743713,27290.774321223602,27395.403788313633,27186.14485413357,2489
1777518900,27413.5,27426.25,27402.5,27422.75,,,,27519.6125,27362.035,0,0,27476.00775202846,27471.647433517548,27399.932809711452,27308.39860796517,27291.341785121218,27396.07752991923,27186.606040323208,1843
1777519800,27423,27440.25,27413,27427,,,,27517.35,27366.27,0,0,27466.20620162277,27467.588575925045,27400.99426815414,27309.57872131875,27291.75843893641,27396.60149964905,27186.91537822377,1267
1777520700,27426.25,27432.25,27406,27410.25,,,,27514.3,27369.095,0,0,27455.014961298213,27462.375978113676,27401.357238030447,27310.580425584234,27292.073672667844,27396.970446952902,27187.176898382786,1046
1777521600,27410.25,27410.5,27320.75,27338.75,,,,27507.4375,27369.76,0,0,27431.76196903857,27451.137252830613,27398.90205222533,27310.860719857028,27292.791633928064,27397.32339598691,27188.259871869217,4640
1777522500,27339.75,27345.75,27278.5,27297.75,,,,27498.7625,27369.67,0,0,27404.959575230856,27437.19295711874,27394.935305079238,27310.730264933078,27292.922264531982,27396.992498831376,27188.85203023259,3784
1777523400,27296.5,27299.5,27239,27267.75,,,,27486.15,27370.415,0,0,27377.517660184683,27421.789051926127,27389.947646056524,27310.302600605384,27292.661932641025,27396.200304846905,27189.123560435146,4586
1777524300,27266.75,27279,27231.5,27234.25,,,,27470.3375,27369.585,0,0,27348.864128147747,27404.74004720557,27383.841856015093,27309.545858310805,27292.405493188828,27395.699336813715,27189.11164956394,2473
1777525200,27233.5,27307.25,27233.5,27305.25,,,,27456.8625,27370.13,0,0,27340.141302518197,27395.69549745961,27380.759822445874,27309.503113451992,27292.318519946322,27395.184134522813,27189.45290536983,3610
1777526100,27305,27308.75,27244,27252,,,,27440.65,27370.365,0,0,27322.513042014558,27382.632270417827,27375.710417644077,27308.93094316889,27292.189869083868,27394.795206571136,27189.5845315966,2321
1777527000,27252.25,27296.75,27251,27274.5,,,,27424.225,27370.915,0,0,27312.910433611647,27372.802064016207,27371.741381658034,27308.588346719447,27292.118512868747,27394.52775503131,27189.709270706182,1718
1777527900,27273.5,27279.25,27221.75,27223.75,,,,27405.65,27371.345,0,0,27295.078346889317,27359.25187637837,27365.9377980636,27307.744184065523,27291.93567176278,27394.20450390596,27189.666839619604,1583
1777528800,27223.5,27230.25,27185.25,27211.5,,,,27387.8375,27371.465,0,0,27278.362677511454,27345.8198876167,27359.881413825813,27306.786530492733,27291.308093782067,27393.44244500374,27189.173742560393,3336
1777529700,27212.25,27240,27201,27233,,,,27370.425,27372.14,0,0,27269.290142009162,27335.563534197,27354.905672107154,27306.05233615947,27290.893331191863,27392.84415750421,27188.942504879516,2761
1777530600,27234,27307.5,27234,27270.25,,,,27355.5875,27373.44,0,0,27269.48211360733,27329.625940179092,27351.58584182844,27305.696094008632,27290.70325278596,27392.194728484035,27189.211777087883,4191
1777531500,27269.75,27292.5,27252,27283.5,,,,27340.7,27374.835,0,0,27272.285690885863,27325.432672890085,27348.91580881556,27305.47523735183,27290.63371331077,27391.889926173517,27189.377500448023,2128
1777532400,27282.25,27341.5,27269.75,27324.75,,,,27328.6375,27376.93,0,0,27282.77855270869,27325.37061171826,27347.96813003848,27305.6670260349,27290.81848821086,27391.655328803812,27189.98164761791,3925
1777533300,27323,27364.75,27304.25,27363,,,,27320.9125,27379.2,0,0,27298.822842166952,27328.791465198417,27348.55761513501,27306.237503387783,27291.15394001759,27391.760395248948,27190.54748478623,2881
1777534200,27362.25,27377.25,27352,27359.75,,,,27317.0125,27382.565,0,0,27311.00827373356,27331.60587745311,27348.99653218854,27306.76996604064,27291.55080611331,27392.020225237462,27191.08138698916,2537
1777535100,27363.75,27367,27334.75,27352.25,,,,27313.25,27385.44,0,0,27319.25661898685,27333.482615866462,27349.124119161537,27307.222503691977,27291.79529368907,27392.131625497834,27191.458961880304,1886
1777536000,27351.5,27382.75,27341.5,27356.5,,,,27310.425,27388.725,0,0,27326.70529518948,27335.575105333148,27349.413369390495,27307.712827038325,27292.237142475504,27392.399260160226,27192.07502479078,2996
1777536900,27356,27363,27324.75,27362.25,,,,27307.4,27390.065,0,0,27333.814236151586,27338.00009575741,27349.9167666693,27308.255485475755,27292.49717648623,27392.508370441694,27192.48598253077,2099
1777537800,27362.5,27396.75,27359.25,27383.75,,,,27305.2375,27391.365,0,0,27343.801388921267,27342.15917796128,27351.243560133247,27309.006674675,27292.938908579814,27392.889487912907,27192.98832924672,2368
1777538700,27385.75,27395.75,27360,27360,,,,27302.725,27392.35,0,0,27347.041111137012,27343.78107087389,27351.586949931945,27309.51407094689,27293.209980258518,27393.095739228404,27193.324221288633,1614
1777539600,27359.5,27379,27342.75,27351.25,,,,27303.35,27393.825,0,0,27347.88288890961,27344.46006443081,27351.573736209124,27309.92935382304,27293.4786106411,27393.24246565486,27193.71475562734,1968
1777540500,27351,27395.25,27330.75,27393,,,,27308.1125,27394.94,0,0,27356.90631112769,27348.87278584619,27353.19829557347,27310.75592741684,27293.8235101665,27393.507848862402,27194.1391714706,2057
1777541400,27392.5,27442,27372,27375.25,,,,27313.4875,27399.82,0,0,27360.575048902152,27351.270714405626,27354.06306829608,27311.397659482347,27294.58978285573,27394.293217628874,27194.88634808259,3569
1777542300,27374.5,27391.5,27356,27367.75,,,,27320.1625,27401.545,0,0,27362.01003912172,27352.76883127784,27354.59981071584,27311.95837928849,27294.96324008722,27394.569153045977,27195.357327128466,2324
1777543200,27368.25,27400.75,27368.25,27377.25,,,,27323.7625,27403.995,0,0,27365.058031297376,27354.994392070763,27355.488053432866,27312.608047156267,27295.393473022952,27394.940644256418,27195.846301789486,2383
1777544100,27376.25,27422.5,27371.25,27418,,,,27332.0625,27409.38,0,0,27375.6464250379,27360.722174609786,27357.93950231785,27313.656723303968,27295.903604221457,27395.493554703324,27196.31365373959,2279
1777545000,27417.25,27432.75,27373,27378.75,,,,27337.275,27408.26,0,0,27376.26714003032,27362.361067827078,27358.75560026617,27314.30441759945,27296.745441416868,27396.32623394273,27197.164648891005,4161
1777545900,27378.5,27402,27350.5,27374.75,,,,27344.825,27406.4,0,0,27375.963712024255,27363.487334388254,27359.38283162828,27314.90586618055,27297.24330690847,27396.706515888378,27197.78009792856,3101
1777546800,27376.5,27440,27371.5,27415,,,,27355,27405.255,0,0,27383.770969619403,27368.170303989322,27361.563897054624,27315.90182771109,27297.927555711747,27397.46727402913,27198.387837394363,3036
1777547700,27414.5,27490.25,27412,27487.75,,,,27367.7375,27405.585,0,0,27404.566775695523,27379.04118544484,27366.51237167993,27317.611759773667,27299.153788299478,27399.33374591883,27198.973830680126,3698
1777548600,27489.5,27494.25,27449.5,27450.5,,,,27376.75,27405.075,0,0,27413.75342055642,27385.53744131349,27369.80600416307,27318.934030820696,27300.45805595942,27401.310715421383,27199.60539649746,3960
1777549500,27450.25,27465.5,27434.5,27440.5,,,,27384.6,27404.46,0,0,27419.102736445137,27390.534037557718,27372.578317725303,27320.14364245432,27301.260934868813,27402.415993285067,27200.10587645256,2773
1777550400,27440.25,27491.25,27438,27489.75,,,,27392.85,27403.855,0,0,27433.232189156108,27399.553670507015,27377.173285657645,27321.831267902537,27302.35155058948,27404.103592337084,27200.599508841875,3231
1777551300,27486,27541,27485.25,27539.75,,,,27401.6875,27403.64,0,0,27454.535751324885,27412.298791370013,27383.548843082837,27323.999613495547,27304.779555868285,27408.541025140257,27201.018086596312,5687
1777552200,27538.25,27550,27466.25,27486,,,,27408,27401.865,0,0,27460.828601059908,27418.998901245464,27387.56653551096,27325.61155763987,27307.086702516262,27412.379150208602,27201.794254823923,6129
1777553100,27486.5,27534.75,27480,27524.75,,,,27416.625,27400.835,0,0,27473.612880847926,27428.612637495877,27392.946279216412,27327.59303467828,27308.956597883138,27415.57627758152,27202.336918184756,4767
1777554000,27522.75,27540,27497.5,27498.5,,,,27423.725,27398.745,0,0,27478.590304678342,27434.96603408716,27397.085640815767,27329.293601497404,27310.57530149109,27418.293345032736,27202.857257949447,4222
1777554900,27499.5,27514.25,27483.5,27492.25,,,,27430.225,27396.685,0,0,27481.322243742674,27440.173667351963,27400.81757647005,27330.915058198923,27312.355455656238,27421.076580669145,27203.63433064333,5115
1777555800,27491.25,27491.5,27271,27345.25,,,,27428.3,27392.235,0,0,27454.10779499414,27431.54424304724,27398.638455824166,27331.05769443575,27316.99117203797,27422.3450238084,27211.637320267542,47432
1777556700,27345.75,27365.25,27203,27245.75,,,,27422.5875,27385.525,0,0,27412.436235995312,27414.653857315672,27392.64283010557,27330.208861655294,27314.334725100674,27417.13492919958,27211.53452100177,35962
1777557600,27247.25,27303,27200.75,27252.75,,,,27417.6625,27379.24,0,0,27380.49898879625,27399.93532483243,27387.1568367681,27329.43812671345,27311.415783542776,27412.631587197437,27210.199979888115,30451
1777558500,27253,27258.25,27163.25,27228.25,,,,27409.425,27372.18,0,0,27350.049191037,27384.327568029483,27380.925196110526,27328.431279681474,27307.62314810155,27408.5201537924,27206.7261424107,27018
1777559400,27228.5,27275.75,27171.25,27245.5,,,,27402.9375,27365.77,0,0,27329.1393528296,27371.706880026803,27375.614404106193,27327.606092818973,27230.833333333332,27230.833333333332,27230.833333333332,26542
1777560300,27245.25,27376,27243.25,27359.5,,,,27402.525,27362.61,0,0,27335.21148226368,27370.59716366073,27374.982466690264,27327.923445129232,27275.313773799946,27322.912784053176,27227.714763546715,23178
1777561200,27359.25,27415.25,27356.5,27401.75,,,,27403.75,27361.89,0,0,27348.519185810943,27373.42923969157,27376.03217387888,27328.65803771501,27313.62468869893,27380.610853188933,27246.638524208924,24565
1777562100,27401.5,27417,27377,27404.75,,,,27403.0875,27361.435,0,0,27359.765348648754,27376.27658153779,27377.158363138533,27329.415171668094,27327.332709127735,27396.339838159125,27258.325580096345,14094
1777563000,27404.25,27435.75,27350.5,27361.25,,,,27402.2125,27360.4,0,0,27360.062278919002,27374.910528670716,27376.534505760552,27329.73193612911,27336.717717097355,27402.910969800767,27270.524464393944,18117
1777563900,27362.25,27422,27331.25,27388.5,,,,27402.9,27359.715,0,0,27365.7498231352,27376.145935155197,27377.003740828764,27330.316692983546,27342.58007386678,27405.973842516858,27279.1863052167,16428
1777564800,27388.25,27433.25,27356.25,27430.75,,,,27403.6875,27359.79,0,0,27378.74985850816,27381.109941050177,27379.111437266853,27331.31602937177,27348.943644837895,27412.094997904638,27285.79229177115,13532
1777565700,27430.5,27435,27395.25,27415,,,,27400.05,27359.885,0,0,27385.999886806527,27384.19085550016,27380.518831883837,27332.14870569643,27353.27396084447,27416.477109133455,27290.07081255549,9560
1777566600,27415.5,27424.25,27392,27394.75,,,,27397.2625,27361.005,0,0,27387.74990944522,27385.15077772742,27381.076916908,27332.771604147212,27355.69245062819,27418.29396041841,27293.09094083797,7361
1777567500,27394.75,27402,27347.75,27371.25,,,,27393.8,27362.475,0,0,27384.449927556176,27383.88707066129,27380.69154761749,27333.154473757688,27357.05444546214,27417.42510660837,27296.683784315912,12575
1777568400,27370.75,27455,27369.5,27448.75,,,,27391.75,27366.095,0,0,27397.30994204494,27389.783700601172,27383.360506534453,27334.304677998905,27362.374424193316,27423.093811310187,27301.655037076445,14230
1777569300,27448,27463.5,27426,27462.25,,,,27387.875,27370.655,0,0,27410.297953635953,27396.371546001064,27386.454212160552,27335.57776578001,27366.96463069452,27429.244767671524,27304.68449371752,9891
1777570200,27461.75,27504.25,27461.5,27498,,,,27388.475,27374.51,0,0,27427.838362908762,27405.610496364603,27390.828556781707,27337.19390741404,27375.6320378194,27443.263958122054,27308.000117516745,14672
1777571100,27498.5,27548,27497.5,27543.25,,,,27389.4,27380.335,0,0,27450.92069032701,27418.123178513277,27396.805868280466,27339.244216793002,27383.982847394156,27458.426423756307,27309.539271032005,11743
1777572000,27543.5,27586.75,27542,27570.25,,,,27392.9875,27386.25,0,0,27474.78655226161,27431.952889557524,27403.607598936134,27341.542781800035,27396.692874045297,27482.201400747745,27311.18434734285,16220
1777572900,27570.75,27585.5,27552.5,27562.5,,,,27396.5,27393.025,0,0,27492.329241809286,27443.82080868866,27409.83867348766,27343.741361085606,27403.2723403933,27493.300683939662,27313.24399684694,9361
1777573800,27563,27591.75,27561,27575.5,,,,27408.0125,27400.305,0,0,27508.96339344743,27455.791644262416,27416.335196095984,27346.047417194208,27409.290335442554,27503.240369018255,27315.340301866854,8734
1777574700,27575.5,27581.75,27548.75,27551.25,,,,27423.2875,27406.67,0,0,27517.420714757944,27464.469676602195,27421.62597271967,27348.089233938543,27413.777574228756,27509.816996315665,27317.738152141847,7666
1777575600,27551.25,27598.25,27542,27597.5,,,,27440.525,27413.215,0,0,27533.436571806356,27476.563342365633,27428.52299339733,27350.570933103332,27421.15363874842,27521.046339115503,27321.260938381336,12059
1777576500,27597,27608.5,27587,27592,,,,27458.7125,27419.385,0,0,27545.149257445086,27487.057583968755,27434.933856401356,27352.973212375935,27426.40141367313,27529.20177263932,27323.60105470694,8379
1777577400,27592.25,27619.5,27582,27618,,,,27477.3375,27425.25,0,0,27559.719405956068,27498.961439971597,27442.112920856205,27355.610294839855,27432.347066638,27538.434223008666,27326.259910267338,9522
1777578300,27618.25,27622,27572.25,27577.5,,,,27488.2375,27429.54,0,0,27563.275524764853,27506.10130906509,27447.42221807753,27357.818152602642,27448.081910606543,27559.336521992413,27336.827299220673,31848
1777579200,27578.5,27603,27557,27588.5,,,,27497.575,27434.115,0,0,27568.320419811884,27513.59209915008,27452.954680113704,27360.11349436779,27454.542954665027,27566.85056484163,27342.235344488425,16130
1777580100,27589,27615,27588.75,27604.25,,,,27507.55,27439.155,0,0,27575.506335849506,27521.83372650007,27458.887829913165,27362.542713329305,27456.192281142674,27568.94927774541,27343.435284539937,3788
1777581000,27604.75,27617.5,27576.75,27584.5,,,,27518.7125,27443.715,0,0,27577.305068679605,27527.53066045461,27463.81379736755,27364.751243544935,27458.11409791959,27571.226848817274,27345.00134702191,4850
1777581900,27584.5,27607,27583,27598.5,,,,27529.2125,27448.44,0,0,27581.544054943683,27533.9824185951,27469.09560923549,27367.07710181812,27459.176920307982,27572.497657517513,27345.85618309845,2677
1777586400,27631.75,27646.5,27603,27640.5,,,,27539.7,27453.575,0,0,27593.335243954945,27543.665835086456,27475.817350049783,27369.797727670673,27461.047572284857,27575.139705236707,27346.955439333007,3850
1777587300,27640.25,27640.5,27613.75,27618.25,,,,27549.8625,27458.74,0,0,27598.318195163956,27550.44621371496,27481.40294416548,27372.269889584397,27461.61995242954,27575.91945806196,27347.320446797123,1238
1777588200,27618.75,27620,27603.5,27615.25,,,,27560.8875,27464.02,0,0,27601.704556131164,27556.3374670136,27486.65184831585,27374.687602125847,27462.15282426276,27576.602383641715,27347.703264883807,1247
1777589100,27615.5,27615.75,27556.25,27579.75,,,,27571.3125,27467.755,0,0,27597.31364490493,27558.465879103274,27490.30275622503,27376.72802399524,27462.998432590157,27577.497275796108,27348.499589384206,2476
1777590000,27579.75,27600,27576.5,27584.5,,,,27578.1,27471.94,0,0,27594.750915923945,27560.832617366614,27493.996765784836,27378.79540684106,27463.543460939512,27578.08450005386,27349.002421825164,1574
1777590900,27584,27607,27580.25,27605,,,,27585.2375,27476.685,0,0,27596.800732739157,27564.84783396965,27498.349833793272,27381.046198812794,27463.919973156382,27578.51933776064,27349.320608552123,1010
1777591800,27604.5,27624.25,27599.25,27607.25,,,,27590.7,27481.285,0,0,27598.890586191326,27568.702576336043,27502.620428546477,27383.29698290421,27464.348191553458,27579.05241952258,27349.643963584334,1054
1777592700,27606.75,27618,27588,27594.25,,,,27593.25,27484.81,0,0,27597.96246895306,27571.025069396404,27506.213745074067,27385.396017900188,27464.895816396132,27579.69132877112,27350.100304021144,1459
1777593600,27594.5,27621.25,27591,27600,,,,27594.7375,27489.235,0,0,27598.369975162448,27573.65915399673,27509.8916374241,27387.531380906155,27465.75760294747,27580.71683312147,27350.798372773468,2253
1777594500,27600,27634,27600,27629.75,,,,27598.1,27494.335,0,0,27604.645980129957,27578.75832181521,27514.591965368254,27389.941516419527,27466.528905988656,27581.721817190217,27351.335994787096,1814
1777595400,27629.25,27640.25,27621.75,27631.25,,,,27600.8875,27498.66,0,0,27609.966784103966,27583.53029255928,27519.166790255775,27392.34259585814,27467.029550025036,27582.403586108383,27351.65551394169,1116
1777596300,27632,27641.5,27622.25,27625.5,,,,27604.6,27501.415,0,0,27613.073427283172,27587.345720508438,27523.336720049665,27394.662570028704,27467.352297379166,27582.839005000405,27351.865589757927,729
1777597200,27624.75,27639.75,27613,27638.25,,,,27606.6375,27505.17,0,0,27618.108741826538,27591.973382280397,27527.84312318497,27397.086325550805,27467.907795529092,27583.588168992428,27352.227422065756,1257
1777598100,27638.75,27650.75,27633.5,27646.5,,,,27609.3625,27509.29,0,0,27623.78699346123,27596.930347527636,27532.496334040465,27399.568053654777,27468.505000355806,27584.440391035754,27352.56960967586,1258
1777599000,27648,27658.25,27640.25,27646,,,,27610.7625,27512.415,0,0,27628.229594768985,27601.391225025123,27536.94745819574,27402.020112822393,27469.032155584777,27585.204477941443,27352.85983322811,1089
1777599900,27644.75,27657.25,27642.25,27650.25,,,,27614.4,27514.625,0,0,27632.63367581519,27605.83293184102,27541.39069512924,27404.490061948538,27469.448867347848,27585.81088940056,27353.086845295136,857
1777600800,27648.5,27652.25,27643,27644.5,,,,27617.2,27517.795,0,0,27635.00694065215,27609.348119855473,27545.434197281036,27406.878220536113,27469.7151184274,27586.191980312564,27353.238256542238,560
1777601700,27644.25,27648.75,27635.25,27638,,,,27618.8875,27520.06,0,0,27635.60555252172,27611.95283623225,27549.06422876021,27409.17793973476,27470.016968453096,27586.612057960858,27353.421878945333,659
1777602600,27638,27642.75,27625,27628.5,,,,27621.0875,27522.66,0,0,27634.184442017377,27613.4571238475,27552.179357044122,27411.360248792127,27470.52775181045,27587.292855257525,27353.762648363372,1180
1777603500,27628.5,27645.5,27624.5,27642,,,,27623.2625,27525.655,0,0,27635.747553613903,27616.051930770456,27555.701735199254,27413.65517168972,27470.885186626376,27587.779875585606,27353.990497667146,804
1777604400,27642.5,27653.75,27637,27650,,,,27623.7375,27531.75,0,0,27638.59804289112,27619.138118882234,27559.399706367913,27416.006861523652,27471.438924165544,27588.565152145577,27354.312696185512,1184
1777605300,27649.25,27659.75,27648.75,27656.75,,,,27625.6625,27539.97,0,0,27642.228434312896,27622.55738080203,27563.21736494172,27418.402315637846,27471.80607274676,27589.10234990895,27354.50979558457,754
1777606200,27658.25,27674.5,27637.75,27640,,,,27626.9,27547.715,0,0,27641.782747450317,27624.14307345639,27566.228448669495,27420.60726772105,27472.645723922084,27590.303720048552,27354.987727795615,1778
1777607100,27640,27645.5,27634.25,27643,,,,27630.0625,27556.01,0,0,27642.026197960255,27625.85733950581,27569.23909774128,27422.8201307288,27472.894040648403,27590.64249383368,27355.14558746313,560
1777608000,27643.5,27643.5,27621.75,27630.75,,,,27632.375,27563.715,0,0,27639.770958368204,27626.302126823462,27571.65128998672,27424.889084651895,27473.31179305494,27591.1870963422,27355.436489767682,999
1777608900,27631.5,27636,27625.5,27629.75,,,,27633.6125,27569.12,0,0,27637.766766694564,27626.615569839512,27573.929670771555,27426.927501720034,27473.49655972636,27591.425520095057,27355.567599357666,448
1777609800,27629,27633.5,27620.75,27626.5,,,,27634.575,27573.615,0,0,27635.51341335565,27626.605063490464,27575.991252309926,27428.913297722822,27473.692851481024,27591.673878736343,27355.711824225706,488
1777610700,27626.25,27632.5,27624.75,27628.5,,,,27636.2875,27578.09,0,0,27634.11073068452,27626.777330445875,27578.050418886007,27430.899235058914,27473.89644182843,27591.933383176613,27355.85950048025,502
1777611600,27628.25,27640.75,27619.25,27637.75,,,,27638.175,27583.62,0,0,27634.838584547615,27627.774845859887,27580.39157892969,27432.95745162549,27474.262067410145,27592.408179821337,27356.115954998953,882
1777612500,27636,27638,27621.25,27636.75,,,,27638.525,27588.585,0,0,27635.22086763809,27628.590768963535,27582.601713089312,27434.98523817648,27474.49782631757,27592.71277335263,27356.28287928251,573
1777613400,27636,27636.5,27622,27627,,,,27638.3125,27592.51,0,0,27633.576694110474,27628.446153603214,27584.342822379927,27436.89583282149,27474.70803095268,27592.97901926871,27356.437042636648,524
1777614300,27627,27627.5,27612.25,27616.75,,,,27637.875,27596.545,0,0,27630.21135528838,27627.382866912012,27585.61369209052,27438.68542652476,27474.921332216647,27593.23456653805,27356.608097895245,569
1777615200,27617.75,27623.25,27612.25,27622.75,,,,27637.1,27601.105,0,0,27628.719084230703,27626.96169719274,27587.070017890892,27440.516914818047,27475.186183870635,27593.552410166754,27356.819957574517,706
1777616100,27623,27628.5,27608.75,27609.75,,,,27635.2625,27605.875,0,0,27624.925267384562,27625.396997447944,27587.959428953993,27442.20082611339,27475.506406287917,27593.92730473649,27357.085507839343,880
1777617000,27612,27613,27596.25,27603.75,,,,27633.15,27608.975,0,0,27620.69021390765,27623.42908858904,27588.578667034228,27443.80828057992,27475.871109056214,27594.32219535395,27357.420022758477,1096
1777617900,27603.5,27606.75,27591.5,27596.5,,,,27630.4625,27611.66,0,0,27615.85217112612,27620.9809896264,27588.88930754269,27445.327601171164,27476.21846563178,27594.68037552967,27357.75655573389,1102
1777618800,27595.75,27622.75,27595,27618,,,,27629.1375,27614.06,0,0,27616.281736900895,27620.709990569456,27590.03090332533,27447.045734492844,27476.793412293155,27595.332244219586,27358.254580366724,1652
1777619700,27617.75,27625.75,27602.75,27605,,,,27627.4875,27615.295,0,0,27614.025389520717,27619.281809608598,27590.617926724335,27448.617418726746,27477.075761065797,27595.649745457053,27358.50177667454,821
1777620600,27604.75,27606.25,27582,27584,,,,27625.2625,27615.57,0,0,27608.020311616572,27616.07437237145,27590.358400186127,27449.964509087673,27477.42496751105,27595.983695713876,27358.866239308227,1204
1777621500,27583,27605.25,27572,27579.5,,,,27622.1375,27615.91,0,0,27602.316249293257,27612.749429428593,27589.932580570985,27451.25341944501,27477.942671394812,27596.45266106581,27359.432681723814,1885
1777622400,27580.5,27596.25,27575.5,27588.75,,,,27619.075,27616.175,0,0,27599.602999434606,27610.567663116904,27589.88620486232,27452.62154462466,27478.261648775024,27596.74417134194,27359.77912620811,1157
1777623300,27589.75,27597.75,27579.25,27583,,,,27615.3875,27616.81,0,0,27596.282399547687,27608.061511924458,27589.616157612818,27453.918842688097,27478.485149592638,27596.947566248054,27360.02273293722,816
1777624200,27582,27582.25,27562.75,27565.25,,,,27611.65,27616.165,0,0,27590.075919638148,27604.16955629496,27588.660622020157,27455.02661539767,27478.73787020964,27597.13428424754,27360.34145617174,1095
1777625100,27564,27569.25,27554.5,27566.75,,,,27607.8375,27615.66,0,0,27585.410735710517,27600.767778449965,27587.801381940935,27456.13829086635,27478.918379311166,27597.253186308004,27360.58357231433,847
1777626000,27566,27566.5,27545.5,27555.25,,,,27604.0625,27614.405,0,0,27579.378588568412,27596.62979859088,27586.524857158936,27457.124477026886,27479.096460488527,27597.351779600805,27360.841141376248,924
1777626900,27557,27569,27553,27563.5,,,,27600.75,27614.125,0,0,27576.20287085473,27593.61799871898,27585.621921584076,27458.182939942042,27479.279314703355,27597.467763937835,27361.090865468876,883
1777627800,27562.25,27569,27556,27563.75,,,,27597.6125,27613.63,0,0,27573.712296683785,27590.90272610816,27584.764199169014,27459.23335845008,27479.399510343006,27597.545495116785,27361.253525569227,575
1777628700,27562.5,27576,27561.25,27569.75,,,,27594.675,27612.94,0,0,27572.919837347028,27588.97975100742,27584.17540704474,27460.333026525204,27479.570720330823,27597.66861548084,27361.472825180805,766
1777629600,27570.25,27573,27558,27569.5,,,,27591.2625,27612.64,0,0,27572.235869877622,27587.2088645522,27583.59990088612,27461.41926506724,27479.691582675707,27597.752277507378,27361.630887844036,556
1777630500,27570,27580.75,27562.5,27564.5,,,,27587.65,27611.96,0,0,27570.6886959021,27585.144422320183,27582.8508851651,27462.444944021798,27479.871038829435,27597.88136805474,27361.86070960413,806
1777631400,27565.25,27568.25,27536.25,27550.5,,,,27583.825,27610.16,0,0,27566.650956721678,27581.994929381985,27581.582223001762,27463.321113733025,27480.140791445327,27598.011089992546,27362.270492898107,1517
1777632300,27550.5,27571,27548.5,27569.75,,,,27581.475,27609.19,0,0,27567.270765377343,27580.881753983624,27581.118214256596,27464.380107626228,27480.325469864136,27598.12935796744,27362.521581760833,901
1777633200,27570.25,27575,27540.75,27548.5,,,,27577.7625,27607.855,0,0,27563.516612301875,27577.93795816693,27579.839068599475,27465.217121480695,27480.558500871688,27598.251288512838,27362.865713230538,1271
1777634100,27548,27564.5,27541.5,27547.5,,,,27574.65,27607.21,0,0,27560.3132898415,27575.170871060847,27578.570869830866,27466.03585659034,27480.767481840474,27598.348549220842,27363.186414460106,1205
1777635000,27546,27552,27537.25,27548.5,,,,27571.8875,27606.49,0,0,27557.9506318732,27572.746246418952,27577.391620033577,27466.856395330735,27480.97500446832,27598.426040637838,27363.523968298803,1301
1777635900,27549,27564.75,27547,27564.25,,,,27570.275,27605.675,0,0,27559.21050549856,27571.973860380866,27576.8762623852,27467.82548592446,27481.252867982952,27598.585385154045,27363.92035081186,1466
1777636800,27564.5,27622.75,27547,27601,,,,27569.425,27605.55,0,0,27567.568404398848,27574.61260034624,27577.822291311273,27469.150605467497,27482.54589842183,27599.775875906536,27365.315920937126,4921
1777637700,27599.5,27625.75,27589.25,27614.25,,,,27569.8875,27605.95,0,0,27576.904723519077,27578.216000314766,27579.25082890691,27470.594380537474,27483.775818471946,27601.09984746159,27366.4517894823,4050
1777638600,27612.75,27614.5,27568.25,27571.5,,,,27569.2625,27605.38,0,0,27575.823778815262,27577.605454831606,27578.946874832127,27471.598416552028,27484.694039192796,27601.876069504906,27367.512008880687,3844
1777639500,27571,27588.75,27565.75,27577,,,,27569.1375,27604.325,0,0,27576.05902305221,27577.550413483277,27578.870526799496,27472.647188526633,27485.083533371675,27602.171775877072,27367.995290866278,1788
1777640400,27576.5,27615.75,27575.75,27604.75,,,,27569.9375,27603.795,0,0,27581.797218441767,27580.023103166615,27579.885408101476,27473.96164436219,27485.959284716955,27603.018270418135,27368.900299015775,3296
1777641300,27604,27638,27594.75,27632.5,,,,27572.4125,27603.935,0,0,27591.937774753413,27584.79373015147,27581.94872543083,27475.539140438188,27487.889291058156,27605.219589211472,27370.55899290484,6168
1777642200,27632.75,27795,27617.75,27788.25,,,,27583.5625,27606.935,0,0,27631.20021980273,27603.289754683152,27590.038971492366,27478.6506912796,27508.837356836728,27640.377472741777,27377.29724093168,40434
1777643100,27787.75,27875.75,27752.5,27873.5,,,,27598.9,27611.475,0,0,27679.660175842182,27627.85432243923,27601.155090257373,27482.579540122588,27529.67448327157,27679.78527456347,27379.56369197967,32491
1777644000,27873.5,27909.25,27852,27889.5,,,,27615.6125,27616.345,0,0,27721.628140673747,27651.640293126573,27612.46273377669,27486.628499922364,27545.261332675793,27709.011797165123,27381.510868186462,23353
1777644900,27890,27905.5,27859.5,27871.5,,,,27631.0125,27620.77,0,0,27751.602512538997,27671.627539205976,27622.62105794231,27490.458067087315,27556.036565932547,27727.577397836965,27384.49573402813,17700
1777645800,27871.5,27873.25,27751,27816.75,,,,27643.6625,27624.215,0,0,27764.632010031197,27684.820490187252,27630.233957630848,27493.704752986945,27813.666666666668,27813.666666666668,27813.666666666668,32713
1777646700,27816.75,27844.75,27793.5,27814.75,,,,27655.9125,27627.75,0,0,27774.655608024957,27696.632263806594,27637.469880861012,27496.899233056727,27815.096910185915,27817.01403752903,27813.179782842803,18207
1777647600,27815.25,27838,27769,27837,,,,27669.2875,27631.92,0,0,27787.124486419965,27709.392967096905,27645.29459141548,27500.283320289993,27814.98763008434,27816.65403985108,27813.321220317597,17337
1777648500,27836.75,27870.25,27828.25,27863,,,,27684.2125,27636.34,0,0,27802.29958913597,27723.357242815367,27653.832058418797,27503.892441481137,27820.96415141899,27835.063550377967,27806.864752460013,12411
1777649400,27863.5,27903,27856,27895,,,,27701.4375,27641.24,0,0,27820.83967130878,27738.96112983215,27663.289624755314,27507.784058978836,27829.35057267111,27854.580040725672,27804.121104616544,12230
1777650300,27894.75,27917,27837.75,27890.75,,,,27717.4875,27645.92,0,0,27834.821737047023,27752.76011802923,27672.20963947079,27511.594665357155,27837.795654831265,27867.895546514817,27807.695763147713,17815
1777651200,27890.75,27901.5,27841,27844,,,,27732.2625,27650,0,0,27836.657389637618,27761.054652753846,27678.946516354288,27514.902181124748,27839.911552113324,27869.482375052703,27810.340729173946,10526
1777652100,27843.25,27877.25,27818,27832.75,,,,27746.525,27653.795,0,0,27835.875911710093,27767.572411594407,27684.978025516866,27518.064845989178,27840.20799811567,27868.155712724452,27812.26028350689,14618
1777653000,27832.5,27848.5,27808.75,27819.5,,,,27760.075,27657.57,0,0,27832.600729368074,27772.29310144946,27690.253397065226,27521.064200755456,27839.0662060097,27866.186097332553,27811.946314686844,11505
1777653900,27819,27856.25,27805.5,27831.5,,,,27773.4375,27661.605,0,0,27832.380583494458,27777.675546772236,27695.792479533255,27524.153114180775,27838.520065767298,27864.77329975017,27812.266831784425,10822
1777654800,27831,27858.25,27828.5,27856.75,,,,27786.225,27666.21,0,0,27837.254466795566,27784.864133429306,27702.1045391594,27527.46253593022,27838.91737879238,27864.67337617765,27813.16138140711,7049
1777655700,27856.25,27887.75,27855.75,27885.5,,,,27799.7875,27671.35,0,0,27846.90357343645,27794.012848572096,27709.296518015897,27531.025097761758,27840.71661241695,27867.089978507545,27814.343246326353,8347
1777656600,27885.5,27890.5,27864,27885.25,,,,27815.475,27676.3,0,0,27854.57285874916,27802.30713506554,27716.196654564294,27534.549723654676,27842.23532796902,27869.176634989144,27815.2940209489,6996
1777657500,27885.25,27897,27876.5,27883.75,,,,27830.8125,27681.24,0,0,27860.40828699933,27809.711031877763,27722.767373993145,27538.02435327005,27843.99922070792,27871.74910021821,27816.24934119763,7629
1777658400,27883.25,27890.25,27844,27846.75,,,,27842.9125,27685.635,0,0,27857.676629599464,27813.078210797965,27727.62943775812,27541.096250252438,27844.75233736438,27872.070557840085,27817.43411688868,9097
1777659300,27846.5,27872,27835.75,27867.5,,,,27854.6625,27690.65,0,0,27859.64130367957,27818.02564617997,27733.11455784604,27544.34404875739,27845.34616789324,27872.20905003319,27818.48328575329,8964
1777660200,27868.25,27869.25,27812.75,27822.5,,,,27856.375,27694.645,0,0,27852.21304294366,27818.432405618154,27736.619869303056,27547.111769665276,27844.810972560932,27871.082971518834,27818.53897360303,11064
1777661100,27822,27826,27794.75,27821.75,,,,27853.7875,27698.885,0,0,27846.120434354925,27818.734005107413,27739.958305800978,27549.844488375074,27843.509947158018,27869.950268611872,27817.069625704164,9636
1777662000,27822.25,27873,27818,27868.25,,,,27852.725,27704.175,0,0,27850.54634748394,27823.235459188556,27744.98935263231,27553.012702421092,27843.881832663534,27869.869441141997,27817.89422418507,9173
1777662900,27869,27900,27861.75,27896.25,,,,27853.9625,27710.17,0,0,27859.687077987153,27829.87314471687,27750.92114272516,27556.427998914416,27845.631691865383,27872.426020225976,27818.83736350479,10236
1777663800,27896.25,27900.75,27863.5,27874.25,,,,27856.8375,27715.295,0,0,27862.599662389723,27833.907404288064,27755.757568500645,27559.590406885418,27846.931776992835,27874.00054972934,27819.86300425633,9835
1777664700,27873.75,27881,27822.75,27837.25,,,,27857.9625,27719.94,0,0,27857.529729911777,27834.211276625512,27758.95335012807,27562.353188906458,27846.93780474498,27872.78312303614,27821.092486453817,24831
1777665600,27837.25,27837.5,27814,27819.75,,,,27857.1,27724.655,0,0,27849.97378392942,27832.896615114103,27761.33753247599,27564.914351205894,27846.266416684808,27872.029894385752,27820.502938983864,8380
1777666500,27820.25,27820.75,27787.5,27798.75,,,,27853.8875,27729.04,0,0,27839.729027143538,27829.792377376456,27762.804688065167,27567.24107407947,27845.61691102382,27871.733127199164,27819.500694848473,4343
1777667400,27799.25,27800.75,27782,27788.25,,,,27848.55,27733.03,0,0,27829.43322171483,27826.01579761496,27763.802543435162,27569.440167869725,27845.092737049978,27871.631260876016,27818.55421322394,2812
1777668300,27788,27799.25,27755.75,27783.25,,,,27843.175,27737.035,0,0,27820.196577371862,27822.127997831783,27764.565188790646,27571.567628885947,27844.48326424011,27871.638627240467,27817.32790123975,2778
1777845600,27890,27926,27856.5,27866,,,,27844.275,27743.05,0,0,27829.35726189749,27826.11636166526,27768.543024524348,27574.497304220415,27845.138801604502,27872.516144849666,27817.76145835934,5206
1777846500,27866,27879.75,27837.5,27845.5,,,,27844.9125,27748.625,0,0,27832.585809517994,27827.87851060478,27771.560945131238,27577.193848457027,27845.208300613773,27872.49254664489,27817.924054582654,2341
1777847400,27846.75,27860.75,27840.25,27854.5,,,,27846.6625,27754.61,0,0,27836.968647614394,27830.298646004347,27774.813457086875,27579.95311364651,27845.248487566958,27872.454719378304,27818.042255755612,1873
1777848300,27854.75,27876,27836,27849.75,,,,27847.575,27760.335,0,0,27839.524918091516,27832.066950913042,27777.75214504425,27582.63765977938,27845.313379866686,27872.427880765747,27818.198878967625,2329
1777849200,27850,27857.5,27818.75,27828.25,,,,27846.15,27765.625,0,0,27837.269934473214,27831.719955375494,27779.73245308173,27585.08156366217,27845.258523320754,27872.312538784583,27818.204507856924,1637
1777850100,27828.5,27829.5,27815,27821.75,,,,27842.9625,27770.665,0,0,27834.16594757857,27830.813595795906,27781.380200019703,27587.43647347648,27845.188558977574,27872.23161128601,27818.145506669138,947
1777851000,27821,27836,27815.75,27826.5,,,,27840.025,27775.805,0,0,27832.632758062857,27830.421450723552,27783.1496039405,27589.815215033927,27845.094680123246,27872.104268496787,27818.085091749705,1549
1777851900,27826,27832.75,27816,27825,,,,27837.0875,27781.015,0,0,27831.106206450284,27829.928591566866,27784.790795942834,27592.155362148016,27845.045995972392,27872.0419687116,27818.050023233183,750
1777852800,27823.25,27866.75,27800.25,27855.75,,,,27837.5375,27787.12,0,0,27836.034965160226,27832.275992333514,27787.573509827427,27594.778194365448,27844.988472720648,27871.80012182736,27818.176823613936,4464
1777853700,27854.75,27864.75,27807.75,27835.5,,,,27835.9375,27792.435,0,0,27835.927972128182,27832.569083939557,27789.452980030273,27597.173436212557,27844.905682803124,27871.60737937173,27818.20398623452,2979
1777854600,27837.5,27864.5,27833.75,27863.75,,,,27838,27798.74,0,0,27841.492377702547,27835.403712672323,27792.366588656536,27599.82593933482,27844.971312184087,27871.587621158356,27818.355003209817,2351
1777855500,27863,27897.25,27860.25,27892.75,,,,27841.55,27805.645,0,0,27851.743902162038,27840.617011520295,27796.303193022944,27602.74060660512,27845.351635337676,27872.10788222007,27818.595388455284,3255
1777856400,27893,27898.5,27858.5,27884.5,,,,27842.3625,27812.365,0,0,27858.29512172963,27844.60637410936,27799.76189133577,27605.5441826588,27845.60625832237,27872.431533198873,27818.780983445864,2401
1777857300,27885,27893,27873,27876,,,,27841.35,27818.6,0,0,27861.836097383704,27847.46034009942,27802.751621087307,27608.23528531891,27845.768096812648,27872.63669668743,27818.899496937865,1537
1777858200,27875.25,27912,27872.5,27905.25,,,,27842.9,27824.685,0,0,27870.518877906965,27852.71394554493,27806.771165358394,27611.190655614246,27846.238324064783,27873.421311988717,27819.05533614085,3110
1777859100,27905.25,27922,27900.25,27919.5,,,,27847.0125,27830.79,0,0,27880.31510232557,27858.785405040846,27811.19190397179,27614.25841028475,27846.53025971319,27874.014800130455,27819.045719295922,1456
1777860000,27919.5,27924,27894.5,27913,,,,27851.675,27837.62,0,0,27886.852081860456,27863.714004582587,27815.184378325837,27617.230963416245,27846.854953364313,27874.64399602831,27819.065910700316,1722
1777860900,27913,27913,27878.25,27886.25,,,,27856.05,27843.805,0,0,27886.731665488365,27865.762731438717,27817.971265450313,27619.90776975041,27847.151961688665,27875.09251998894,27819.21140338839,2222
1777861800,27886.25,27916.25,27884.5,27913.75,,,,27862.325,27849.985,0,0,27892.13533239069,27870.125210398834,27821.727294256183,27622.831573036477,27847.342540947313,27875.432610388983,27819.252471505642,1132
1777862700,27913.75,27944,27910,27928.75,,,,27869.6,27855.91,0,0,27899.45826591255,27875.454736726213,27825.924263108882,27625.875537483877,27847.854033442272,27876.573419781933,27819.13464710261,2198
1777863600,27929.25,27945,27926.75,27940.75,,,,27873.3375,27858.96,0,0,27907.71661273004,27881.3906697511,27830.427233183043,27629.008616712894,27848.125671392063,27877.221742591923,27819.029600192203,1048
1777864500,27940.25,27940.25,27925.5,27929,,,,27877.5125,27860.07,0,0,27911.973290184033,27885.71879068282,27834.292831881747,27631.99360560132,27848.30529677703,27877.626246919157,27818.984346634905,746
1777865400,27928.25,27931.5,27918.75,27930.25,,,,27881.3,27860.885,0,0,27915.628632147225,27889.767082438924,27838.05585808246,27634.961330918723,27848.47552827037,27877.991513834808,27818.959542705932,753
1777866300,27929.25,27939.5,27918.75,27931.75,,,,27885.4,27862.09,0,0,27918.85290571778,27893.583711308114,27841.730138157658,27637.914452004108,27848.7718091255,27878.639745468226,27818.903872782776,1267
1777867200,27931.75,27943.75,27927.25,27938.5,,,,27890.9125,27864.525,0,0,27922.782324574226,27897.667010280104,27845.525034700495,27640.905352979193,27848.979923080435,27879.116138731202,27818.843707429667,829
1777868100,27938,27951.5,27937.75,27949,,,,27897.275,27867.21,0,0,27928.02585965938,27902.333645709186,27849.582876476947,27643.97097135751,27849.288762951477,27879.869753619725,27818.70777228323,1115
1777869000,27949.25,27953.25,27939,27944.5,,,,27903.175,27869.36,0,0,27931.320687727504,27906.166950644714,27853.305116615105,27646.961309950966,27849.512654103146,27880.40815492796,27818.61715327833,817
1777869900,27946.25,27947.75,27936.25,27938.75,,,,27908.8625,27870.875,0,0,27932.806550182002,27909.12904604065,27856.65589635569,27649.864680001207,27849.668202471483,27880.766452093154,27818.56995284981,599
1777870800,27938,27951.75,27930.5,27949.25,,,,27913.5375,27871.96,0,0,27936.0952401456,27912.7764054915,27860.287037675072,27652.843638409155,27849.901439707603,27881.31185415476,27818.491025260446,874
1777871700,27951,27965.75,27931.25,27937,,,,27918.6125,27872.885,0,0,27936.276192116482,27914.978550446816,27863.295389138795,27655.671064892646,27850.353678904605,27882.36239396024,27818.34496384897,1692
1777872600,27938.25,27949.75,27931.25,27949.75,,,,27922.9125,27875,0,0,27938.970953693184,27918.13959131529,27866.685766035313,27658.597223450928,27850.59967505037,27882.92192835511,27818.277421745628,938
1777873500,27949,27953,27933.25,27935.5,,,,27925.05,27877.055,0,0,27938.27676295455,27919.717810286627,27869.384363445693,27661.35247495888,27850.818348594235,27883.403904336927,27818.232792851544,866
1777874400,27935.75,27940.25,27904.75,27921.5,,,,27926.9,27879.095,0,0,27934.92141036364,27919.8798275333,27871.428113898804,27663.941007546353,27851.235942912394,27884.178681066896,27818.29320475789,2098
1777875300,27923,27925.5,27892.75,27910,,,,27928.6,27880.665,0,0,27929.937128290912,27918.981661393907,27872.940736883163,27666.38935572997,27851.438930898024,27884.502604610505,27818.375257185544,1255
1777876200,27910,27918.25,27872.25,27884.75,,,,27927.575,27881.225,0,0,27920.89970263273,27915.86969217628,27873.403845240686,27668.562098459024,27851.690728216705,27884.803637761812,27818.577818671598,2261
1777877100,27884.5,27900,27874.75,27895.5,,,,27926.375,27881.425,0,0,27915.819762106184,27914.017901978434,27874.2703611136,27670.82018703157,27851.80188023498,27884.93110326931,27818.67265720065,1051
1777878000,27896.5,27932.25,27881.25,27925,,,,27926.975,27882.22,0,0,27917.655809684948,27915.01627452585,27876.259758716988,27673.349339399418,27852.161377392804,27885.52141153918,27818.80134324643,2151
1777878900,27924.25,27946.75,27924,27936.25,,,,27929.475,27883.27,0,0,27921.374647747958,27916.946613205317,27878.612317198673,27675.965266370567,27852.56055291651,27886.335483139952,27818.78562269307,1754
1777879800,27937,27943.5,27922.25,27940,,,,27930.7875,27885.135,0,0,27925.099718198366,27919.0423756412,27881.01967730853,27678.59247765046,27852.87105088104,27886.959772174498,27818.782329587582,1383
1777880700,27938.75,27951.25,27912.25,27912.25,,,,27929.9625,27886.03,0,0,27922.529774558694,27918.424886946545,27882.24439584545,27680.9174281216,27853.188597664972,27887.537186951307,27818.840008378636,1623
1777881600,27912,27914.25,27864.25,27887.5,,,,27927.3,27887.33,0,0,27915.523819646955,27915.613533587766,27882.45049796916,27682.97297610049,27853.529301866914,27887.887225152248,27819.17137858158,3587
1777882500,27887,27907.25,27869.5,27903,,,,27926,27888.955,0,0,27913.019055717563,27914.46684871615,27883.256360793897,27685.162299721378,27853.70525860337,27888.088332413907,27819.322184792836,1662
1777883400,27903.75,27911.5,27892.75,27893.25,,,,27924.15,27889.455,0,0,27909.06524457405,27912.53804428741,27883.648268213743,27687.23282410226,27853.846347814524,27888.269029803145,27819.423665825903,1168
1777884300,27892.75,27904.25,27888,27892.5,,,,27922.1875,27889.38,0,0,27905.75219565924,27910.716403897644,27883.99539495046,27689.27528356393,27853.97634299663,27888.42184466495,27819.53084132831,1195
1777885200,27894.5,27915.25,27883.5,27911.75,,,,27920.85,27890.13,0,0,27906.951756527393,27910.810367179678,27885.083810834756,27691.48896233444,27854.131035774124,27888.633549637143,27819.628521911105,1183
1777886100,27912,27913.75,27902.75,27911.5,,,,27918.975,27891.615,0,0,27907.861405221913,27910.873061072434,27886.119739821628,27693.678126888324,27854.24478296574,27888.802512950893,27819.687052980586,782
1777887000,27912,27922.5,27905.75,27914.25,,,,27917.4625,27893.505,0,0,27909.13912417753,27911.180055520395,27887.222887279604,27695.87287189441,27854.394563656533,27889.038528434197,27819.75059887887,951
1777887900,27914.5,27924.75,27889.25,27890.25,,,,27915.0375,27895.335,0,0,27905.361299342025,27909.27732320036,27887.341597582366,27697.80697267158,27854.575299990298,27889.27482551567,27819.875774464927,1468
1777888800,27891,27897,27664,27700.25,,,,27902.5875,27893.575,0,0,27864.33903947362,27890.274839273054,27880.00467218698,27697.831281401217,27850.947038764607,27889.84928259308,27812.044794936133,14257
1777889700,27700.25,27767.25,27662.25,27753.5,,,,27893.4125,27892.98,0,0,27842.171231578897,27877.840762975502,27875.043704650237,27698.385198999214,27848.141238276345,27890.767149410123,27805.515327142566,9227
1777890600,27753.75,27854.25,27742.75,27828,,,,27887.325,27892.22,0,0,27839.33698526312,27873.309784523182,27873.198853487484,27699.67489851166,27847.32752277469,27889.88992085745,27804.765124691927,8460
1777891500,27827,27838,27806.5,27813.75,,,,27881.2375,27891.585,0,0,27834.219588210493,27867.895258657438,27870.86752589974,27700.80997414836,27847.148017734467,27889.631954112167,27804.66408135677,2679
1777892400,27815,27847.75,27792.5,27828.75,,,,27876.6,27891.07,0,0,27833.125670568395,27864.33659877949,27869.215858217398,27702.08300923146,27846.85056700659,27889.15596840478,27804.5451656084,5195
1777893300,27829.75,27845,27814.75,27820.25,,,,27872.1125,27890.48,0,0,27830.550536454717,27860.328726163174,27867.29562848338,27703.258800184383,27846.77314400371,27889.015758011097,27804.530529996322,1624
1777894200,27818,27831.25,27778.75,27810.75,,,,27868.4125,27890.13,0,0,27826.590429163774,27855.821569239248,27865.078152856582,27704.328364361652,27846.379975279986,27888.59787885625,27804.162071703722,4218
1777895100,27810.5,27834.75,27793.5,27826.75,,,,27864.975,27890.23,0,0,27826.62234333102,27853.178699308406,27863.575088038677,27705.546490089397,27846.22129158507,27888.37212158539,27804.070461584746,2433
1777896000,27828.5,27868.75,27828.5,27856,,,,27861.525,27890.82,0,0,27832.497874664816,27853.43518118946,27863.27802576265,27707.04353993925,27846.260033042956,27888.244820604625,27804.275245481287,3454
1777896900,27855.25,27881.5,27828.25,27864,,,,27857.9125,27891.6,0,0,27838.798299731854,27854.395619263145,27863.30633847784,27708.605295760754,27846.3813534687,27888.16383443654,27804.59887250086,4559
1777897800,27863,27876,27841.25,27865.25,,,,27854.175,27891.79,0,0,27844.088639785485,27855.382381148313,27863.382560498318,27710.16394953428,27846.464345783246,27888.1409926534,27804.787698913093,2530
1777898700,27864.5,27866.75,27831.75,27844.5,,,,27850.7875,27891.97,0,0,27844.170911828387,27854.393073771193,27862.642067929755,27711.500626653342,27846.471127196062,27888.030171665214,27804.91208272691,2499
1777899600,27845.25,27880.75,27787.5,27850,,,,27848.9125,27891.695,0,0,27845.33672946271,27853.993703428358,27862.14630055996,27712.87872987072,27846.295289655718,27887.347855083874,27805.242724227563,11326
1777900500,27850.25,27862.75,27843,27854.75,,,,27846.5,27890.935,0,0,27847.21938357017,27854.062457662145,27861.85624955761,27714.290384299868,27846.35862673239,27887.235878896194,27805.48137456859,4030
1777901400,27854.5,27888,27808.25,27855.5,,,,27844.6125,27890.355,0,0,27848.875506856137,27854.193143329223,27861.60698486908,27715.695455102854,27846.611173666737,27886.260460027388,27806.961887306086,29146
1777902300,27855.25,27898.75,27840.5,27896,,,,27844.7875,27890.755,0,0,27858.300405484908,27857.99376666293,27862.955730560487,27717.48953017646,27847.812876735123,27887.175872076747,27808.4498813935,19145
1777903200,27895.25,27913.25,27844,27892.75,,,,27843.8375,27890.505,0,0,27865.190324387928,27861.153424239026,27864.124133283603,27719.233415448336,27849.17720480651,27888.37582623917,27809.97858337385,20240
1777904100,27892.75,27912.25,27867.25,27871.25,,,,27841.825,27889.54,0,0,27866.40225951034,27862.07129476275,27864.40357903719,27720.746018279697,27849.984605662557,27889.069156520287,27810.900054804828,12663
1777905000,27870.75,27930,27864,27926.5,,,,27842.4375,27889.81,0,0,27878.421807608273,27867.92844978432,27866.838732800436,27722.793321580397,27906.833333333332,27906.833333333332,27906.833333333332,13439
1777905900,27926.75,27941,27874,27882,,,,27842.025,27889.725,0,0,27879.137446086617,27869.20768162211,27867.433292298458,27724.377467634324,27902.461078598983,27906.35115795177,27898.570999246196,16977
1777906800,27882,27914.25,27837.75,27854.5,,,,27849.7375,27888.54,0,0,27874.209956869294,27867.870619656464,27866.926104365186,27725.67221920015,27889.699150669465,27906.302699055686,27873.095602283243,18603
1777907700,27854.25,27867.75,27711.5,27776.25,,,,27850.875,27885.49,0,0,27854.617965495436,27859.541472414967,27863.370178703804,27726.175480700647,27846.85349200234,27899.82231266759,27793.88467133709,34047
1777908600,27776.25,27783.75,27697.25,27762.75,,,,27847.6125,27881.93,0,0,27836.244372396348,27850.74224764997,27859.42428934287,27726.539406265816,27825.271796356083,27887.42585643674,27763.117736275424,23175
1777909500,27762.25,27771.5,27700.75,27734.75,,,,27843.6625,27878.045,0,0,27815.945497917077,27840.19749786361,27854.535101525504,27726.62110371591,27812.311422824445,27877.86837504804,27746.75447060085,17965
1777910400,27734.25,27746.5,27613,27656.5,,,,27835.05,27872.57,0,0,27784.05639833366,27823.497725330555,27846.76901911274,27725.923381290875,27789.647793424374,27868.83022220532,27710.465364643427,23927
1777911300,27656.75,27747.75,27629.5,27713.25,,,,27829.7,27868.2,0,0,27769.89511866693,27813.47520484596,27841.532979147534,27725.79727799445,27777.9673210039,27858.145211884388,27697.789430123412,21326
1777912200,27714.5,27744.25,27691,27711.75,,,,27824.75,27863.665,0,0,27758.266094933544,27804.22745895087,27836.443450553514,27725.657504084058,27773.497090878882,27852.40050469114,27694.593677066623,13099
1777913100,27712,27723,27688.75,27706.25,,,,27818.725,27858.81,0,0,27747.862875946834,27795.320417228064,27831.33782504161,27725.464394590683,27770.12401016162,27848.42420397306,27691.82381635018,9603
1777914000,27705.25,27758.5,27704,27743.25,,,,27813.0875,27854.785,0,0,27746.940300757466,27790.586742934604,27827.883400530176,27725.641365788786,27768.002505604214,27844.34017795463,27691.6648332538,12447
1777914900,27743.75,27803.75,27740,27794,,,,27809.5875,27851.89,0,0,27756.35224060597,27790.897039031457,27826.554639725073,27726.321551203822,27768.723872143197,27842.624387304844,27694.82335698155,14022
1777915800,27793.25,27798.25,27753.5,27776.25,,,,27805.1375,27848.43,0,0,27760.331792484776,27789.5654900286,27824.581908755463,27726.818351689355,27769.00097747625,27841.49399110942,27696.507963843083,8656
1777916700,27776.5,27802.5,27767.25,27792.25,,,,27802.525,27845.535,0,0,27766.71543398782,27789.809536389635,27823.31399076505,27727.469412866576,27769.514410446114,27841.04903705011,27697.97978384212,6549
1777917600,27792.25,27818.75,27786.25,27787.5,,,,27799.4,27842.29,0,0,27770.872347190256,27789.599578536032,27821.90952053897,27728.066732141535,27770.462098519063,27840.957064704275,27699.96713233385,8196
1777918500,27787,27789.5,27732.25,27770.75,,,,27795.2,27838.995,0,0,27770.847877752203,27787.885980487303,27819.903264831562,27728.491441274455,27770.199671495902,27839.2211656767,27701.178177315105,10528
1777919400,27771.5,27777,27726.5,27727.75,,,,27788.8125,27835.12,0,0,27762.228302201762,27782.419073170277,27816.289411308757,27728.484063749336,27769.429961032158,27837.584908444016,27701.2750136203,7570
1777920300,27728.25,27765,27718,27759.75,,,,27782,27832.115,0,0,27761.73264176141,27780.358248336615,27814.072179492727,27728.795167592627,27768.656396084716,27835.715478187074,27701.597313982358,9549
1777921200,27759,27789.25,27739.75,27774.5,,,,27776.0875,27829.91,0,0,27764.28611340913,27779.825680306014,27812.52032931654,27729.24994204444,27768.62189760406,27834.260760613426,27702.983034594698,11798
1777922100,27774.75,27788.5,27749,27778.5,,,,27771.45,27827.57,0,0,27767.128890727305,27779.705163914557,27811.186198755106,27729.739992372357,27768.712211453352,27833.469992634997,27703.954430271708,7732
1777923000,27778.5,27792.5,27762,27768.25,,,,27763.5375,27824.435,0,0,27767.353112581844,27778.66378537687,27809.502426254905,27730.123176527857,27768.82886020763,27832.905912587827,27704.751807827437,6223
1777923900,27768.25,27794,27747,27780.25,,,,27758.45,27821.315,0,0,27769.932490065476,27778.807986706244,27808.355272284123,27730.621950890763,27769.1047324715,27831.370138975595,27706.839325967405,17545
1777924800,27779.75,27781,27739,27754,,,,27753.425,27817.595,0,0,27766.74599205238,27776.552715187496,27806.223692978863,27730.854568294835,27768.89137734365,27830.57456937484,27707.208185312462,6131
1777925700,27753.5,27764.5,27738.75,27761.5,,,,27752.6875,27814.58,0,0,27765.696793641902,27775.184286534088,27804.469822665968,27731.159497963545,27768.813901198555,27830.33462037097,27707.29318202614,1779
1777926600,27761.5,27764,27748.5,27749,,,,27752,27811.81,0,0,27762.357434913523,27772.80389684917,27802.294535502595,27731.337015396744,27768.76402149763,27830.18829729754,27707.33974569772,1072
1777927500,27748.25,27753,27740.25,27743,,,,27752.4125,27808.61,0,0,27758.485947930818,27770.094451681063,27799.969259600533,27731.45306499479,27768.67703659465,27830.00328027859,27707.35079291071,1204
1777932000,27760,27789.5,27751.5,27773.75,,,,27758.275,27806.22,0,0,27761.538758344654,27770.426774255513,27798.94105334169,27731.873930019716,27768.69122142263,27829.867959151834,27707.514483693423,1585
1777932900,27773.75,27781.25,27771.75,27778,,,,27761.5125,27803.93,0,0,27764.831006675722,27771.115249323193,27798.119835563582,27732.332895890166,27768.70172372611,27829.840498240424,27707.562949211795,411
1777933800,27778,27779.75,27763.5,27764,,,,27764.125,27800.975,0,0,27764.664805340577,27770.46840847563,27796.781802796384,27732.647991453447,27768.702537647343,27829.776079565043,27707.628995729643,695
1777934700,27764,27764.75,27740.75,27753.5,,,,27766.4875,27797.815,0,0,27762.43184427246,27768.925825886938,27795.084477196528,27732.85547412555,27768.652963580465,27829.636385014026,27707.669542146905,1032
1777935600,27752,27764.75,27741.25,27758.5,,,,27767.25,27794.7,0,0,27761.64547541797,27767.97802353358,27793.64979181627,27733.110643537235,27768.61274894079,27829.511925694784,27707.7135721868,954
1777936500,27759.25,27762.5,27746.75,27752.75,,,,27765.1875,27791.95,0,0,27759.866380334373,27766.5936577578,27792.04587841171,27733.30606001945,27768.592407461558,27829.451621236272,27707.733193686843,457
1777937400,27752.5,27761,27744.5,27745.25,,,,27763.6375,27792.85,0,0,27756.9431042675,27764.65332523436,27790.21074592498,27733.424905193388,27768.563066035727,27829.37800153786,27707.748130533593,526
1777938300,27746.25,27753.75,27731.75,27745.5,,,,27761.3,27792.69,0,0,27754.654483414,27762.91211384942,27788.457383339686,27733.545055390467,27768.49631439323,27829.243310905196,27707.749317881262,884
1777939200,27747,27791.25,27741,27784.75,,,,27761.1625,27791.825,0,0,27760.6735867312,27764.897376226745,27788.311995757736,27734.05455732688,27768.520254127285,27829.078203033274,27707.962305221296,2070
1777940100,27783.75,27783.75,27739.75,27753,,,,27760.275,27790.61,0,0,27759.138869384962,27763.81579656977,27786.927211610375,27734.24306919427,27768.46111357423,27828.838635831165,27708.083591317296,2038
1777941000,27752,27779,27751,27757.75,,,,27761.775,27789.19,0,0,27758.86109550797,27763.264360517973,27785.7830072335,27734.476969003284,27768.43764819147,27828.695669684883,27708.179626698056,1338
1777941900,27759.5,27793,27758,27785,,,,27763.0375,27788.485,0,0,27764.08887640638,27765.240327743613,27785.752301067478,27734.97968572962,27768.471050309792,27828.6334376197,27708.308662999883,1098
1777942800,27785,27807.25,27767.75,27800.5,,,,27764.3375,27788.28,0,0,27771.371101125103,27768.445752494194,27786.330642202087,27735.631629155196,27768.579349902513,27828.62310406751,27708.535595737518,1566
1777943700,27800.25,27814.25,27797.5,27802.5,,,,27765.5375,27787.795,0,0,27777.596880900084,27771.54159317654,27786.96473466475,27736.296986079025,27768.70004430388,27828.679819379657,27708.720269228106,1131
1777944600,27803.25,27833.25,27790.75,27811.25,,,,27767.6875,27786.9,0,0,27784.327504720066,27775.15144834231,27787.917098011232,27737.042787212566,27768.9336132662,27828.83399092155,27709.03323561085,1849
1777945500,27812.25,27824.75,27810,27815.25,,,,27769.4375,27785.925,0,0,27790.512003776053,27778.79677122028,27788.988976520595,27737.82096843433,27769.02880623488,27828.907303656637,27709.150308813125,681
1777946400,27815.5,27825.75,27808.5,27811.25,,,,27772.3,27784.845,0,0,27794.659603020842,27781.74706474571,27789.861957833513,27738.55160556434,27769.14403902255,27828.99203711984,27709.296040925263,855
1777947300,27811.25,27834.25,27808.5,27831.25,,,,27775.7875,27784.58,0,0,27801.977682416673,27786.24733158701,27791.48501831063,27739.473977648275,27769.301563328347,27829.13752476645,27709.465601890242,974
1777948200,27831.75,27841,27829.25,27836,,,,27780.1375,27784.3,0,0,27808.78214593334,27790.770301442735,27793.230703867073,27740.434435582123,27769.50928410205,27829.365644461373,27709.652923742724,1082
1777949100,27836,27836.75,27801,27815.5,,,,27783.7625,27783.515,0,0,27810.125716746672,27793.018455857033,27794.104009597777,27741.181356621106,27769.74430275992,27829.54908131326,27709.939524206577,1686
1777950000,27816,27833.75,27811.25,27830,,,,27786.575,27783.005,0,0,27814.100573397336,27796.380414415486,27795.511695495905,27742.065124216915,27769.862520279734,27829.65781880615,27710.067221753317,742
1777950900,27830.75,27848.5,27827.25,27841.5,,,,27789.75,27781.915,0,0,27819.580458717868,27800.48219492317,27797.315158417634,27743.054525966,27770.06451241169,27829.889134775472,27710.239890047906,1015
1777951800,27840.75,27842,27835.25,27837.5,,,,27793.425,27780.81,0,0,27823.164366974295,27803.847449930156,27798.891034558117,27743.994281926538,27770.147723705177,27829.983203524425,27710.31224388593,425
1777952700,27836.75,27847.5,27835.5,27841,,,,27797.8,27780.205,0,0,27826.731493579435,27807.22495448196,27800.54236653623,27744.959512952144,27770.249576350172,27830.102746930857,27710.396405769487,499
1777953600,27840,27860.25,27839.75,27847,,,,27802.225,27778.615,0,0,27830.785194863547,27810.840867710875,27802.3642345152,27745.974841181476,27770.484837049753,27830.402876206605,27710.5667978929,1045
1777954500,27846,27846.25,27837.5,27838,,,,27806.4875,27777.735,0,0,27832.228155890836,27813.30987973716,27803.761715514604,27746.890514403553,27770.55990504749,27830.48972437843,27710.630085716548,375
1777955400,27838.5,27840.25,27830.25,27833.5,,,,27810.9,27777.315,0,0,27832.48252471267,27815.145345215602,27804.927922749324,27747.752300329885,27770.646745805418,27830.58235731953,27710.711134291305,475
1777956300,27833.5,27850.5,27826.75,27828.25,,,,27815.0375,27778.355,0,0,27831.636019770136,27816.336677468727,27805.842514014057,27748.553272465906,27770.796541960444,27830.743015750828,27710.85006817006,816
1777957200,27827.25,27838,27818.75,27836.5,,,,27817.625,27779.83,0,0,27832.608815816107,27818.16970678975,27807.044768366446,27749.428364282165,27770.94659891073,27830.893734358873,27710.999463462587,877
1777958100,27836.75,27846,27833.5,27835.25,,,,27821.7375,27781.84,0,0,27833.137052652884,27819.722460717956,27808.150855881486,27750.282310906223,27771.044067092917,27831.002429175096,27711.085705010737,511
1777959000,27836,27854,27825,27845.75,,,,27826.1375,27785.625,0,0,27835.659642122308,27822.08860065269,27809.625332121428,27751.232238160886,27771.26705991701,27831.26139689161,27711.27272294241,1119
1777959900,27846,27855,27842.25,27852.75,,,,27829.525,27788.415,0,0,27839.077713697847,27824.876000593355,27811.316495567648,27752.24236514436,27771.40560974854,27831.43789960496,27711.37331989212,624
1777960800,27852.5,27873.5,27839.25,27844,,,,27831.7,27791.06,0,0,27840.062170958277,27826.614545993958,27812.59820162382,27753.155376436458,27771.841894306377,27832.004241138042,27711.679547474712,1924
1777961700,27844.25,27846.5,27818.25,27829.5,,,,27833.05,27793.525,0,0,27837.949736766623,27826.876859994507,27813.261017246416,27753.915024432114,27772.00071636913,27832.16129475436,27711.840137983898,953
1777962600,27829.5,27871.25,27829,27864.25,,,,27835.7,27795.945,0,0,27843.209789413297,27830.274418176825,27815.260585197535,27755.012884885524,27772.307296921434,27832.566738618876,27712.04785522399,1328
1777963500,27866.5,27887,27860.25,27880.75,,,,27838.975,27797.68,0,0,27850.717831530637,27834.863107433477,27817.82879754273,27756.264000458803,27772.79369849069,27833.327712003455,27712.259684977922,1691
1777964400,27880,27902.25,27875.25,27895.75,,,,27843.2,27800.07,0,0,27859.72426522451,27840.39827948498,27820.884530972427,27757.651920852248,27773.53195504613,27834.591599783893,27712.47231030837,2264
1777965300,27895.75,27901,27882.25,27886,,,,27845.9375,27801.945,0,0,27864.979412179608,27844.54389044089,27823.43807877743,27758.929016167152,27773.89794785058,27835.20814412387,27712.587751577288,1146
1777966200,27886,27926.75,27882.75,27898.25,,,,27849.05,27804.16,0,0,27871.633529743685,27849.426264037174,27826.37187960969,27760.31529461325,27774.871135552923,27836.958179221754,27712.784091884092,2773
1777967100,27897.75,27900,27874.75,27882,,,,27852.375,27806.385,0,0,27873.70682379495,27852.387512761066,27828.553374526957,27761.526087701677,27775.250870164728,27837.568414771402,27712.933325558053,1262
1777968000,27882.5,27934,27879.5,27926.5,,,,27857.2,27810.36,0,0,27884.26545903596,27859.12501160097,27832.394418663156,27763.167619167332,27776.030048338955,27839.02644686188,27713.03364981603,2088
1777968900,27927,27935,27918,27918.75,,,,27861.0625,27813.54,0,0,27891.162367228768,27864.54546509179,27835.780912048915,27764.715702558704,27776.61721435475,27840.17253532955,27713.061893379945,1475
1777969800,27918.75,27933,27912,27928,,,,27865.5875,27816.61,0,0,27898.529893783016,27870.314059174354,27839.397346870526,27766.34042193623,27777.233330072,27841.366487182895,27713.1001729611,1556
1777970700,27927.5,27942.25,27920.25,27929.75,,,,27870.025,27819.635,0,0,27904.773915026413,27875.71732652214,27842.94058816972,27767.966387887114,27777.78523119919,27842.459001607756,27713.11146079062,1346
1777971600,27930,27939.75,27908.5,27926,,,,27873.975,27822.79,0,0,27909.01913202113,27880.28847865649,27846.1978200062,27769.53886163948,27778.47479760817,27843.773630774554,27713.175964441787,1765
1777972500,27925.75,27934.25,27913.5,27929.25,,,,27878.5375,27825.77,0,0,27913.065305616903,27884.739526051355,27849.454768241252,27771.128027195307,27778.940134248118,27844.657215045638,27713.223053450598,1193
1777973400,27929.75,27949,27928.75,27937.25,,,,27883.725,27829.435,0,0,27917.90224449352,27889.513205501233,27852.8977185063,27772.780982148586,27779.62022333751,27846.01485302849,27713.225593646534,1617
1777974300,27938.5,27958.5,27929.25,27936.75,,,,27889.15,27832.94,0,0,27921.67179559482,27893.807459546577,27856.18604327076,27774.41251466452,27780.345672526306,27847.467956298566,27713.223388754046,1706
1777975200,27936.75,27945,27921.75,27935.25,,,,27894.0875,27836.665,0,0,27924.387436475856,27897.57496322416,27859.286590593478,27776.012887652934,27780.775138768473,27848.292641819076,27713.25763571787,1067
1777976100,27935,27944.25,27928,27939.25,,,,27899.2875,27840.59,0,0,27927.359949180685,27901.363602931055,27862.422410570205,27777.637137527036,27781.0764830095,27848.876676935553,27713.276289083446,737
1777977000,27939.75,27959,27930.75,27931.75,,,,27903.5875,27843.75,0,0,27928.237959344548,27904.126002664594,27865.14113956745,27779.170598845176,27782.246150119612,27851.15365393086,27713.338646308363,2827
1777977900,27932,27938.5,27927.5,27934.75,,,,27907.6875,27846.885,0,0,27929.540367475638,27906.91000242236,27867.8708988001,27780.71865258801,27782.80728284582,27852.199240378675,27713.415325312966,1434
1777978800,27934,27939.25,27905.75,27913.5,,,,27911.1625,27849.875,0,0,27926.33229398051,27907.509093111235,27869.660275317743,27782.039860024946,27783.844475921174,27853.98296586916,27713.70598597319,2957
1777979700,27913.75,27938.25,27900,27927.5,,,,27916.0625,27853.355,0,0,27926.56583518441,27909.32644828294,27871.928499815087,27783.487224601813,27784.601337062624,27855.286342678803,27713.916331446446,2148
1777980600,27928.25,27945,27927.25,27939.5,,,,27919.825,27856.975,0,0,27929.15266814753,27912.069498439036,27874.578362567438,27785.039590526172,27785.0971828305,27856.199818049987,27713.994547611015,1277
1777981500,27940,27947.25,27936,27943.75,,,,27922.975,27860.795,0,0,27932.072134518025,27914.949544035488,27877.290975800086,27786.61879858064,27785.459110331165,27856.87846935088,27714.03975131145,907
1777982400,27942.5,27997.25,27928.5,27993.5,,,,27927.8625,27865.76,0,0,27944.35770761442,27922.090494577715,27881.848192435376,27788.677317997746,27787.92560572555,27862.022580967412,27713.82863048369,5249
1777983300,27993.25,28006,27980,27988.25,,,,27932.975,27870.615,0,0,27953.136166091535,27928.10499507065,27886.02081233987,27790.663115828615,27789.73388984455,27865.932790495808,27713.53498919329,3580
1777984200,27989.75,27994.5,27975.25,27976.5,,,,27936.8875,27874.45,0,0,27957.808932873228,27932.504540973317,27889.56901577752,27792.512239054202,27790.641992030207,27867.795791230605,27713.48819282981,1911
1777985100,27976.5,27982.5,27970.25,27973.5,,,,27941.4625,27878.86,0,0,27960.947146298582,27936.231400884833,27892.8604269235,27794.313112297445,27791.532841289714,27869.55733656712,27713.50834601231,1961
1777986000,27973.5,28008.5,27972.75,27990.5,,,,27944.6625,27883.515,0,0,27966.857717038867,27941.164909895302,27896.689429789247,27796.265220632795,27793.362787130583,27873.31750651128,27713.408067749886,3774
1777986900,27990.75,27999.5,27973.75,27988.25,,,,27948.1375,27887.58,0,0,27971.136173631094,27945.445372632093,27900.280040385747,27798.175516944906,27795.874437469007,27878.27812544479,27713.470749493223,5390
1777987800,27988.5,28084,27971,28082.75,,,,27955.875,27893.225,0,0,27993.458938904874,27957.927611483723,27907.435725076502,27801.007103840977,27815.279127439142,27918.907534853974,27711.65072002431,34992
1777988700,28082.75,28112,28064.75,28085.25,,,,27963.65,27898.88,0,0,28011.817151123898,27969.502374076113,27914.408833897032,27803.835391364948,27830.576514169985,27949.162847948992,27711.990180390978,26864
1777989600,28085,28109.25,28045,28054.75,,,,27970.0875,27903.75,0,0,28020.403720899118,27977.252158251013,27919.912409038327,27806.332054137438,27842.408464028435,27969.119548185925,27715.697379870944,24874
1777990500,28055,28134,28031.75,28119.5,,,,27979.6,27909.835,0,0,28040.222976719295,27990.18378022819,27927.739373389766,27809.448153101246,27855.72335763948,27991.357734728506,27720.088980550452,27960
1777991400,28119.5,28139.25,28083,28087.5,,,,27987.1125,27915.36,0,0,28049.678381375437,27999.030709298357,27934.004496001933,27812.214838145013,28103.25,28103.25,28103.25,16251
1777992300,28087.75,28113.75,28077.5,28096,,,,27995.075,27920.655,0,0,28058.94270510035,28007.84609936214,27940.357260864603,27815.038571098794,28100.118391813914,28103.817052585095,28096.419731042733,11650
1777993200,28095.75,28134,28087.75,28132,,,,28004.9125,27926.575,0,0,28073.55416408028,28019.132817601945,27947.872662399324,27818.19241616249,28105.24920922402,28113.89391044271,28096.60450800533,11301
1777994100,28132,28139.25,28115.25,28129.5,,,,28014.425,27932.855,0,0,28084.743331264224,28029.16619781995,27954.99530308955,27821.290004061368,28109.78059119137,28121.713967215695,28097.847215167047,9750
1777995000,28129.5,28142,28110.5,28134.75,,,,28024.575,27938.95,0,0,28094.744665011378,28038.764725290865,27962.044506889957,27824.40900899608,28113.45132788503,28126.59308110249,28100.309574667575,11495
1777995900,28135,28149.75,28120,28127,,,,28034.1875,27944.66,0,0,28101.195732009102,28046.786113900787,27968.513349757017,27827.419864627962,28115.908958650904,28129.703427546527,28102.11448975528,9091
1777996800,28126.75,28152.5,28120.5,28148.25,,,,28045.925,27950.875,0,0,28110.606585607282,28056.01010354617,27975.561845844975,27830.612204283407,28118.540525824847,28133.62108933793,28103.459962311765,8365
1777997700,28147.5,28149.75,28090.25,28115.75,,,,28055.3375,27956.37,0,0,28111.635268485825,28061.44100322379,27981.059420517722,27833.449396280586,28118.54564223121,28132.69631935629,28104.394965106127,10575
1777998600,28115.75,28129,28092.75,28107.5,,,,28063.7375,27961.58,0,0,28110.80821478866,28065.6281847489,27986.017874615067,27836.176267959385,28117.63670720378,28131.30116274935,28103.972251658208,10197
1777999500,28107.5,28135.75,28102.5,28125.5,,,,28072.825,27967.33,0,0,28113.74657183093,28071.071077044457,27991.487761885066,27839.055111064266,28117.889759611455,28131.099269381033,28104.680249841877,7431
1778000400,28125.5,28135.5,28107.75,28122,,,,28079.25,27973.1,0,0,28115.39725746474,28075.700979131325,27996.605888869966,27841.870483093477,28118.102349571047,28130.9731335338,28105.231565608294,6184
1778001300,28122.5,28145.25,28122.5,28144.5,,,,28087.0625,27979.425,0,0,28121.21780597179,28081.95543557393,28002.40565793389,27844.881722067672,28119.196929220292,28132.471413275693,28105.92244516489,6746
1778002200,28144.75,28152.25,28135,28147.75,,,,28095.625,27985.65,0,0,28126.524244777433,28087.936759612665,28008.10543605413,27847.895336773465,28120.667284591233,28134.87814141823,28106.456427764235,7193
1778003100,28148.25,28167.75,28145.5,28159,,,,28104.9,27992.125,0,0,28133.019395821946,28094.39705419333,28014.02286993436,27850.99090556179,28122.742841125688,28138.94500626498,28106.540675986394,7556
1778004000,28159.5,28186.25,28156.75,28180.5,,,,28114.4,27998.82,0,0,28142.515516657557,28102.22459472121,28020.551384838895,27854.269603018885,28125.593827692395,28145.278362495646,28105.909292889144,7799
1778004900,28181,28185.5,28169.25,28177.25,,,,28123.85,28005.31,0,0,28149.462413326044,28109.045086110193,28026.696428570704,27857.48333831223,28127.674407069968,28149.47391711997,28105.874897019967,5932
1778005800,28177,28181.75,28170.25,28175.25,,,,28128.475,28011.935,0,0,28154.619930660836,28115.06371464563,28032.522058822833,27860.645195642457,28128.921033546176,28151.7524633779,28106.089603714452,3927
1778006700,28175.75,28182.5,28154.25,28168.75,,,,28132.65,28018.72,0,0,28157.44594452867,28119.944286041482,28037.86433102586,27863.7109150888,28130.586836456947,28154.30372102427,28106.869951889625,6654
1778007600,28168.75,28188.25,28162.25,28172.75,,,,28138.55,28024.89,0,0,28160.506755622937,28124.744805492257,28043.153965103276,27866.78593085906,28132.50865099861,28157.37562546909,28107.641676528132,7250
1778008500,28172.5,28179,28161,28166.25,,,,28140.8875,28030.6,0,0,28161.65540449835,28128.518004992962,28047.981260589422,27869.76567284056,28133.852853937122,28159.197278616855,28108.50842925739,6369
1778009400,28166,28170,28150.75,28158.75,,,,28144.45,28035.86,0,0,28161.07432359868,28131.26636817542,28052.32513272317,27872.641138782445,28134.953714340954,28160.301519787565,28109.605908894344,7598
1778010300,28158.5,28160.5,28108.75,28135.75,,,,28146.4375,28040.855,0,0,28156.009458878943,28131.673971068565,28055.596696145793,27875.259137401525,28134.959881153216,28158.558764636644,28111.360997669788,27563
1778011200,28135.25,28157.5,28129,28154.75,,,,28147.575,28045.985,0,0,28155.757567103155,28133.771791880514,28059.48506100282,27878.04014100947,28135.45259791351,28158.690591458275,28112.214604368746,8764
1778012100,28155,28247,28110,28236,,,,28152.9,28053.065,0,0,28171.806053682525,28143.065265345922,28066.407215473297,27881.601930651166,28138.759874949505,28165.33277451159,28112.18697538742,12107
1778013000,28236.25,28238.5,28199,28201.25,,,,28156.225,28058.56,0,0,28177.69484294602,28148.354786678112,28071.695167807677,27884.78250845563,28140.427381856785,28168.907505064588,28111.947258648983,5239
1778013900,28201,28213,28183.75,28207.25,,,,28160.2375,28064.33,0,0,28183.605874356817,28153.7088969801,28077.011043579925,27887.991140212293,28141.142734083827,28170.20556542326,28112.079902744394,2769
1778018400,28250,28268.5,28243,28260,,,,28165.825,28070.97,0,0,28198.884699485454,28163.371724527366,28084.187081086595,27891.692720906696,28142.72473519793,28174.570905188855,28110.878565207007,3259
1778019300,28260.5,28283.75,28253.25,28280,,,,28174.0375,28077.975,0,0,28215.10775958836,28173.974295024876,28091.866019083198,27895.556474927525,28143.775721842507,28177.555404734874,28109.99603895014,1954
1778020200,28281.25,28297.5,28276.25,28294.75,,,,28183.4,28085.35,0,0,28231.036207670688,28184.95390456807,28099.822253628954,27899.52854980387,28144.87942084555,28180.824410132038,28108.934431559064,1839
1778021100,28295.25,28422,28293.25,28376.25,,,,28195.9375,28094.29,0,0,28260.07896613655,28202.344458698244,28110.66255740821,27904.272046820744,28151.285411152778,28202.430504518186,28100.14031778737,7318
1778022000,28375.25,28385.25,28345.5,28383,,,,28208.9875,28103.205,0,0,28284.66317290924,28218.767689725675,28121.34245711769,27909.035509041434,28154.416641378113,28211.491496856044,28097.341785900182,3612
1778022900,28382.75,28383.75,28346.75,28350.75,,,,28219.3,28111.485,0,0,28297.880538327394,28230.766081568796,28130.33883134837,27913.4306781057,28156.319759095262,28216.451822150517,28096.187696040008,2366
1778023800,28351.25,28370,28348.75,28361.75,,,,28230,28120.015,0,0,28310.654430661914,28242.673710517087,28139.41377913863,27917.891566880768,28157.933022980444,28220.49103557797,28095.37501038292,2043
1778024700,28362.75,28377,28359.75,28370,,,,28240.55,28128.63,0,0,28322.523544529533,28254.248827742806,28148.456376035156,27922.39015825509,28159.43104718204,28224.234849807875,28094.627244556203,1846
1778025600,28369.5,28372.75,28307,28313.5,,,,28247.2,28136.265,0,0,28320.718835623626,28259.635297948003,28154.92867501417,27926.281798471457,28162.690825302678,28231.018736462087,28094.36291414327,5033
1778026500,28313,28314.25,28248,28251,,,,28250.8875,28142.59,0,0,28306.7750684989,28258.85027086182,28158.69617795479,27929.512825352336,28164.615100043487,28233.829945525267,28095.400254561708,4790
1778027400,28250.75,28286,28248.75,28275,,,,28255.875,28149.82,0,0,28300.42005479912,28260.3184280562,28163.25711215264,27932.950508682163,28165.62395047952,28235.265984741272,28095.981916217766,2610
1778028300,28275.25,28281.5,28248.75,28275.75,,,,28261.225,28156.785,0,0,28295.486043839297,28261.72129823291,28167.66859795058,27936.36144889428,28166.741133283955,28236.82179286077,28096.66047370714,2986
1778029200,28275.25,28299,28267.75,28290,,,,28267.0875,28163.795,0,0,28294.388835071437,28264.292089302646,28172.46590783487,27939.880240447572,28167.660837296444,28238.24231326165,28097.079361331238,2148
1778030100,28290.25,28309,28278,28286.75,,,,28273.1125,28170.655,0,0,28292.86106805715,28266.33371754786,28176.947636939385,27943.33168084113,28168.819157631006,28240.071303217843,28097.56701204417,2626
1778031000,28284.75,28293.75,28274.5,28289.25,,,,28279.6375,28176.57,0,0,28292.138854445722,28268.4170159526,28181.351651177058,27946.773654166092,28169.607722676577,28241.261797276256,28097.9536480769,1901
1778031900,28289,28298.5,28271.25,28292,,,,28287.45,28182.645,0,0,28292.111083556578,28270.56092359327,28185.69080211129,27950.20874218434,28170.260092775392,28242.24728253306,28098.272903017725,1573
1778032800,28291.75,28295.75,28275.75,28286.5,,,,28294.0375,28188.845,0,0,28290.988866845262,28272.009930539338,28189.644103989278,27953.554923854146,28170.772333091165,28243.009751532474,28098.534914649856,1261
1778033700,28285.75,28296.5,28271.25,28273,,,,28295.8875,28194.835,0,0,28287.39109347621,28272.099936853945,28192.912962656366,27956.733481825748,28171.45658521472,28243.982938514044,28098.930231915398,1792
1778034600,28272,28282.25,28261.5,28271.5,,,,28299.4,28200.455,0,0,28284.21287478097,28272.04539713995,28195.994807258077,27959.86548698171,28171.86974396114,28244.531077948614,28099.208409973664,1186
1778035500,28270.5,28290.25,28270.5,28288,,,,28303.4375,28206.45,0,0,28284.970299824774,28273.495815581773,28199.60285403227,27963.130507011745,28172.299687793384,28245.147385654236,28099.45198993253,1119
1778036400,28287.75,28309,28282.75,28305,,,,28305.6875,28210.895,0,0,28288.976239859818,28276.359832347065,28203.73607544277,27966.53219350914,28172.78671981453,28245.915399947036,28099.65803968202,1116
1778037300,28304.25,28323.5,28297.75,28322.25,,,,28307.8,28215.635,0,0,28295.630991887854,28280.53166577006,28208.383680327366,27970.071674170744,28173.42660547836,28247.00600118039,28099.847209776326,1316
1778038200,28322,28334.5,28319.75,28325.25,,,,28309.325,28221.045,0,0,28301.554793510284,28284.596968881873,28212.966673255705,27973.605786865563,28174.127170213014,28248.261486171712,28099.992854254317,1340
1778039100,28325,28325,28307.75,28312.25,,,,28306.125,28224.9,0,0,28303.693834808226,28287.1108808017,28216.8601370496,27976.975381026103,28174.53447657385,28248.946968726035,28100.12198442166,849
1778040000,28313.5,28324.5,28310.25,28324.25,,,,28303.1875,28229.635,0,0,28307.80506784658,28290.487164365182,28221.071504224125,27980.430849871613,28174.979419460273,28249.709739096557,28100.24909982399,903
1778040900,28325,28331,28318.5,28327.75,,,,28302.0375,28234.27,0,0,28311.794054277263,28293.87469487744,28225.25497464671,27983.886761813188,28175.350131631832,28250.36109325109,28100.339170012576,726
1778041800,28328.5,28332.25,28312,28326.25,,,,28300.2625,28238.155,0,0,28314.68524342181,28296.817904434036,28229.21556387625,27987.29336119813,28175.921417108904,28251.348579191996,28100.494255025813,1143
1778042700,28327.25,28344.5,28325.75,28335.5,,,,28298.5375,28242.275,0,0,28318.848194737446,28300.334458576395,28233.38358097914,27990.758103872777,28176.673078063865,28252.709995272966,28100.636160854763,1405
1778043600,28334.75,28349,28328.75,28342.5,,,,28299.9875,28246.43,0,0,28323.578555789958,28304.167689614904,28237.66265623486,27994.258023237227,28177.263527838004,28253.79364617298,28100.733409503027,1080
1778044500,28341.75,28348,28326,28346,,,,28304.7375,28250.81,0,0,28328.062844631968,28307.97062692264,28241.911179519768,27997.75794340402,28177.864559861428,28254.88842992653,28100.840689796325,1108
1778045400,28345.5,28347.25,28331,28344.75,,,,28308.225,28254.74,0,0,28331.400275705575,28311.31420629331,28245.944074440562,28001.210600683582,28178.377356426874,28255.820369282545,28100.934343571203,946
1778046300,28344.25,28359.75,28344,28355,,,,28312.1875,28259.525,0,0,28336.12022056446,28315.28564208483,28250.220777403676,28004.730893214095,28179.11656271714,28257.222223108747,28101.01090232553,1280
1778047200,28354.25,28369,28326.25,28334.75,,,,28314.425,28264.07,0,0,28335.846176451567,28317.055129168028,28253.53564887804,28008.01466542092,28180.112961440438,28259.018674203086,28101.20724867779,1845
1778048100,28333.75,28337.5,28318,28329.75,,,,28316.575,28268.155,0,0,28334.626941161252,28318.20920833457,28256.524446961255,28011.21601203365,28180.737045345388,28260.059649842296,28101.41444084848,1285
1778049000,28330.25,28342.75,28300,28325.5,,,,28318.3875,28272.225,0,0,28332.801552929002,28318.872007576883,28259.229370609835,28014.34321589401,28181.909943770173,28261.943060771613,28101.876826768734,2543
1778049900,28325.5,28337,28312.5,28336.25,,,,28320.6,28276.06,0,0,28333.491242343203,28320.451825069893,28262.249787448665,28017.54626847218,28182.362989722325,28262.685835847817,28102.040143596834,954
1778050800,28335.25,28352.75,28314.25,28318.75,,,,28322.2125,28279.48,0,0,28330.542993874562,28320.297113699904,28264.46548205852,28020.54332052718,28183.637600979553,28264.756456414994,28102.518745544112,2716
1778051700,28318.25,28334,28308,28328.25,,,,28324.975,28282.865,0,0,28330.08439509965,28321.02010336355,28266.966835703282,28023.605078531884,28184.377925946268,28265.915345973204,28102.840505919332,1659
1778052600,28329.25,28339.5,28316.25,28338.75,,,,28328.3375,28286.03,0,0,28331.81751607972,28322.63191214868,28269.781861754134,28026.74084889475,28184.9696944645,28266.874036545676,28103.065352383324,1265
1778053500,28338.75,28350.5,28334.25,28347.75,,,,28331.325,28289.44,0,0,28335.004012863774,28324.91537468062,28272.83943580299,28029.93496980127,28185.909684488917,28268.477665380113,28103.34170359772,1868
1778054400,28348,28364.5,28342,28348.75,,,,28333.5125,28292.91,0,0,28337.75321029102,28327.082158800564,28275.81632067346,28033.10725865897,28187.726892435476,28271.636561710548,28103.817223160404,3505
1778055300,28347.5,28350,28323.75,28339.75,,,,28334.3875,28296.33,0,0,28338.152568232814,28328.233780727784,28278.323523784304,28036.1584302146,28188.646165601447,28273.114250100683,28104.17808110221,1971
1778056200,28339.25,28365,28334.75,28362,,,,28336.225,28300.115,0,0,28342.92205458625,28331.303437025257,28281.604954224134,28039.400634889083,28189.756578852626,28275.01621422361,28104.49694348164,2177
1778057100,28362,28517.75,28360.75,28482.75,,,,28344.75,28306.445,0,0,28370.887643669,28345.0713063866,28289.492995234952,28043.81207135785,28199.202591243564,28296.226104915226,28102.179077571902,12024
1778058000,28482.5,28498.5,28415,28448.5,,,,28350.9625,28312.24,0,0,28386.4101149352,28354.47391489691,28295.728564049266,28047.83881691648,28203.10148496961,28304.332622085338,28101.870347853885,5222
1778058900,28449,28473.25,28447,28466.25,,,,28357.8875,28318.85,0,0,28402.378091948158,28364.63537717901,28302.41567918459,28052.002112270544,28205.473868477653,28309.218137757056,28101.72959919825,3154
1778059800,28465.5,28509,28457.75,28497,,,,28366.425,28325.695,0,0,28421.302473558528,28376.66852470819,28310.046436863624,28056.429951949445,28208.853404008736,28316.45078197507,28101.256026042403,4171
1778060700,28497.25,28514.25,28481,28506.25,,,,28374.9625,28331.1,0,0,28438.29197884682,28388.44865882563,28317.740694241522,28060.905773323084,28211.533433810284,28322.19168411452,28100.875183506047,3233
1778061600,28507.75,28538.25,28501.5,28512.75,,,,28383.475,28337.33,0,0,28453.183583077458,28399.74878075057,28325.388117996758,28065.40173577758,28215.49750519022,28330.75269868578,28100.242311694656,4618
1778062500,28511.75,28557.25,28508.25,28553.75,,,,28393.8625,28344.26,0,0,28473.296866461966,28413.74889159143,28334.343485918453,28070.26092248626,28219.29150931626,28339.058575893872,28099.524442738646,4220
1778063400,28553.25,28590.75,28551.25,28583.75,,,,28405.8125,28350.735,0,0,28495.387493169572,28429.20353781039,28344.124133529494,28075.370266541126,28223.878261779908,28349.460791961275,28098.29573159854,4708
1778064300,28583,28614.5,28560.5,28585,,,,28417.3125,28356.835,1,0,28513.30999453566,28443.3668525549,28353.570245940104,28080.441209162607,28230.94369070782,28365.0226308556,28096.86475056004,7257
1778065200,28584,28634.25,28577.75,28620.5,,,,28431.6,28363.35,0,0,28534.747995628528,28459.469865959,28364.03807943265,28085.81492847442,28237.86800902665,28380.107313651075,28095.628704402225,6918
1778066100,28620.75,28631,28585.5,28596.25,,,,28444.925,28367.75,0,0,28547.04839650282,28471.90442359909,28373.14442925882,28090.893884409998,28241.955412622945,28388.540381227707,28095.370444018183,4282
1778067000,28597.25,28608.5,28546.5,28548,,,,28456.05,28371.05,0,0,28547.238717202257,28478.822203271902,28380.001510464357,28095.44220396811,28246.45608482806,28396.908427672446,28096.003741983674,5378
1778067900,28548.5,28561,28512,28538.25,,,,28466.15,28374.8,0,0,28545.440973761804,28484.224730247184,28386.207333583403,28099.84825168982,28251.056582411,28404.658199234873,28097.45496558713,6260
1778068800,28539.25,28540.25,28440,28452,,,,28472.8125,28376.605,0,0,28526.752779009443,28481.295209315624,28388.78743814876,28103.352249185442,28255.936874397445,28411.389989824085,28100.483758970804,8714
1778069700,28451.25,28513.75,28426.25,28495.5,,,,28481.175,28379.115,0,0,28520.502223207553,28482.586553923295,28392.972244495868,28107.25421685524,28259.71521361265,28416.50190347731,28102.92852374799,6980
1778070600,28498.25,28503.75,28441.5,28448.25,,,,28486.65,28381.81,0,0,28506.05177856604,28479.465049021175,28395.13999961368,28110.647209722352,28262.378657104568,28419.86100225659,28104.896311952543,5418
1778071500,28448.5,28473.5,28432,28458,,,,28492.1625,28385.95,0,0,28496.441422852833,28477.51368092834,28397.605097668045,28114.103456391782,28264.800364270883,28422.748048772854,28106.852679768912,5318
1778072400,28457.75,28457.75,28392,28423.75,,,,28495.9125,28388.925,0,0,28481.903138282265,28472.626073571217,28398.630387955574,28117.184516527188,28268.65824133335,28426.601368131982,28110.715114534716,10444
1778073300,28423.75,28437.25,28372,28389.25,,,,28498.3875,28391.195,0,0,28463.372510625813,28465.046430519287,28398.262529604377,28119.89163576572,28272.027439322108,28429.29519495993,28114.759683684286,11427
1778074200,28389.5,28482.25,28336,28481.75,,,,28504.375,28395.03,0,0,28467.04800850065,28466.564936835715,28401.536548051263,28123.49221650437,28286.10546325187,28443.0998295916,28129.111096912144,42433
1778075100,28481.25,28506,28419.5,28469,,,,28503.6875,28398.675,0,0,28467.43840680052,28466.786306214286,28404.18217361788,28126.930104897365,28296.885682556866,28454.90818618483,28138.8631789289,31208
1778076000,28468.25,28499.5,28385,28474,,,,28504.9625,28402.37,0,0,28468.750725440415,28467.442096558443,28406.92012759365,28130.38353668943,28305.67553163357,28463.336979904263,28148.014083362876,30905
1778076900,28475,28488,28404.5,28418.25,,,,28502.5625,28404.895,0,0,28458.650580352332,28462.970087780403,28407.364436315467,28133.247879607945,28311.61944307568,28468.06786354945,28155.17102260191,26011
1778077800,28420.25,28526.5,28418.25,28521.25,,,,28503.775,28409.59,0,0,28471.170464281866,28468.26826161855,28411.830536852114,28137.108597223785,28488.666666666668,28488.666666666668,28488.666666666668,22368
1778078700,28521,28550.75,28518.5,28537.25,,,,28505.325,28414.875,0,0,28484.38637142549,28474.539328744137,28416.74894717164,28141.09010371907,28508.695639936544,28531.865961713647,28485.52531815944,16714
1778079600,28537.5,28558.25,28518,28535.75,,,,28506.475,28420.16,0,0,28494.659097140393,28480.10393522194,28421.415655125693,28145.01706786117,28516.321067617882,28539.861231219118,28492.780904016647,14183
1778080500,28536.5,28582.5,28532.25,28577.75,,,,28507.675,28425.955,0,0,28511.277277712314,28488.980850201766,28427.546413748216,28149.32286818096,28525.33658631968,28553.617259365074,28497.05591327429,12367
1778081400,28577.75,28586.75,28530.25,28557,,,,28506.3375,28430.995,0,0,28520.42182216985,28495.164409274334,28432.623024973775,28153.379357054782,28531.68127818564,28560.166792045657,28503.19576432562,15822
1778082300,28557,28576,28547.5,28560.25,,,,28505.1,28435.755,0,0,28528.38745773588,28501.081281158484,28437.628004386566,28157.42782116369,28534.689670636668,28563.128589840508,28506.250751432828,9226
1778083200,28560.5,28601.25,28554,28596.25,,,,28503.8875,28441.175,0,0,28541.959966188704,28509.73298287135,28443.84847480278,28161.794211002856,28538.885103149627,28569.353182995805,28508.41702330345,8464
1778084100,28596.25,28597.5,28566,28574,,,,28502.775,28446.41,0,0,28548.367972950964,28515.575438973952,28448.952456183062,28165.895761142132,28541.9961436558,28573.177031797895,28510.815255513706,8298
1778085000,28574,28585,28553,28567.75,,,,28503.7625,28451.28,0,0,28552.24437836077,28520.31858088541,28453.61118339157,28169.894310782507,28543.626092458144,28574.502011661018,28512.75017325527,7017
1778085900,28567.5,28570.75,28512.25,28539.25,,,,28503.8125,28455.51,0,0,28549.645502688618,28522.039618986735,28456.969568356606,28173.569491769747,28543.34740150439,28572.701619551204,28513.993183457576,12281
1778086800,28539.5,28584.25,28528.5,28578.5,,,,28510.1375,28460.555,0,0,28555.416402150895,28527.17238089703,28461.73546763674,28177.59865105562,28544.687520579922,28573.507971465515,28515.86706969433,8910
1778087700,28579,28591.75,28567,28583.25,,,,28514.525,28465.51,0,0,28560.983121720717,28532.270346270026,28466.50074341569,28181.634982885913,28546.271013777794,28575.400500201813,28517.141527353775,6245
1778088600,28583.5,28610.25,28581.75,28606,,,,28522.4125,28470.78,0,0,28569.986497376573,28538.97304206366,28471.97130249743,28185.857520369635,28548.79651891229,28579.38691377026,28518.206124054323,7091
1778089500,28606.25,28609.5,28587.5,28600,,,,28529.5125,28475.86,0,0,28575.989197901257,28544.5209473306,28476.992035732826,28189.978341062473,28550.49720619069,28581.9067625412,28519.087649840178,5224
1778090400,28599.5,28624.25,28591.75,28620.25,,,,28539.3375,28481.37,0,0,28584.841358321006,28551.40540666418,28482.609995115854,28194.259651101653,28553.43875235419,28586.784588202594,28520.092916505782,7735
1778091300,28620.75,28640,28620.25,28634.5,,,,28551.6,28486.96,0,0,28594.773086656805,28558.9594606038,28488.566465895623,28198.640152085714,28557.39889012642,28594.132734060255,28520.665046192586,8645
1778092200,28634.5,28665.75,28625.25,28649.75,,,,28560,28493.26,0,0,28605.768469325445,28567.213146003454,28494.88738880168,28203.128807288842,28562.401715480086,28603.59367000244,28521.209760957732,10098
1778093100,28649.5,28657.25,28633.75,28640.25,,,,28568.5625,28499.47,0,0,28612.664775460355,28573.85286000314,28500.587883358476,28207.478271892935,28565.780061833502,28609.250976463987,28522.309147203017,7829
1778094000,28640,28679.75,28637.75,28677.25,,,,28578.725,28506.505,0,0,28625.581820368283,28583.252600002852,28507.51580950128,28212.152617446238,28570.51618512438,28617.913798835012,28523.118571413746,9458
1778094900,28676.75,28699.75,28672.75,28694.25,,,,28592.525,28513.665,0,0,28639.315456294626,28593.343272729864,28514.838718932602,28216.94960632737,28576.55066105164,28629.561088701892,28523.540233401385,10632
1778095800,28694,28694,28667.5,28669.75,,,,28599.95,28520.685,0,0,28645.4023650357,28600.28933884533,28520.913671131322,28221.455082881326,28580.84215391134,28636.5482332438,28525.13607457888,9302
1778096700,28669.25,28725.75,28666.75,28710.25,,,,28608.6,28528.325,0,0,28658.37189202856,28610.285762586664,28528.338625204604,28226.31871389743,28597.469455141127,28663.75297172768,28531.185938554572,35025
1778097600,28710.25,28800,28701.75,28793,,,,28621.4625,28537.41,0,0,28685.29751362285,28626.89614780606,28538.71750264756,28231.957333659648,28607.944641597453,28683.85884526585,28532.030437929054,16879
1778098500,28793.75,28798.5,28769.5,28777.75,,,,28631.4625,28546.01,0,0,28703.78801089828,28640.610134369144,28548.091326073147,28237.388106459053,28610.962490045255,28689.56854200747,28532.35643808304,4763
1778099400,28777.25,28779.75,28723.25,28725,,,,28639.8625,28553.535,0,0,28708.030408718623,28648.281940335586,28555.028921129102,28242.239966096276,28613.0490162344,28692.74514219677,28533.352890272028,4420
1778100300,28725,28726.75,28694.5,28712.25,,,,28647.4625,28560.985,0,0,28708.8743269749,28654.097218486895,28561.19445363384,28246.916682851537,28614.147195030608,28694.06545676463,28534.228933296585,3158
1778104800,28662.75,28702,28650,28683.75,,,,28651.8375,28567.42,0,0,28703.84946157992,28656.792925897178,28566.000553491336,28251.26328302217,28614.795352213812,28694.57020834269,28535.020496084933,2867
1778105700,28683.5,28693.25,28653,28656.25,,,,28655.95,28570.89,0,0,28694.329569263937,28656.743568997434,28569.539747472067,28255.293001599064,28615.139801821333,28694.76687769698,28535.512725945686,1875
1778106600,28656.25,28673,28652.25,28671.5,,,,28661.1375,28575.35,0,0,28689.76365541115,28658.08506272494,28573.538188747672,28259.434364767232,28615.330725857042,28694.86730583352,28535.794145880565,1090
1778107500,28672,28681.5,28667.75,28676.5,,,,28668,28579.555,0,0,28687.110924328917,28659.759147931763,28577.575906836,28263.584271585467,28615.547778858006,28695.02173939489,28536.07381832112,1047
1778108400,28677.25,28694.5,28669.5,28683,,,,28673.225,28583.275,0,0,28686.288739463133,28661.87195266524,28581.710184999294,28267.757562415463,28615.807636768423,28695.23573059671,28536.379542940136,1129
1778109300,28683.5,28692,28672,28676.25,,,,28677.875,28586.675,0,0,28684.280991570507,28663.17904787749,28585.417628724812,28271.822163784465,28616.008586649805,28695.39356106672,28536.62361223289,910
1778110200,28676,28683.25,28663,28673.25,,,,28681.2375,28589.885,0,0,28682.074793256405,28664.094588979537,28588.862035441485,28275.81647061248,28616.169939521835,28695.50077059953,28536.83910844414,824
1778111100,28673,28686.25,28654.25,28670.25,,,,28684.75,28592.215,0,0,28679.709834605124,28664.65417179958,28592.053720326134,28279.74118234768,28616.462192457,28695.67766112038,28537.246723793618,1586
1778112000,28669.5,28695,28659.75,28677,,,,28687.5875,28594.08,0,0,28679.1678676841,28665.7765198178,28595.38494698001,28283.694006403923,28616.905703972294,28696.001028907358,28537.81037903723,2157
1778112900,28677.5,28681.5,28642.25,28647.75,,,,28688.25,28595.335,0,0,28672.88429414728,28664.137745288906,28597.43847847099,28287.316454101398,28617.217445163435,28696.084950542896,28538.349939783973,2307
1778113800,28647.75,28656.5,28637,28652.25,,,,28688.375,28595.97,0,0,28668.757435317824,28663.057041171734,28599.5879499035,28290.947633662578,28617.373730955984,28696.075499770574,28538.671962141394,1492
1778114700,28653.25,28665.75,28649.25,28662,,,,28689.4625,28597.285,0,0,28667.405948254258,28662.960946519757,28602.035481279832,28294.639697009217,28617.54443311792,28696.12970254892,28538.959163686923,1233
1778115600,28661.5,28664.5,28638.25,28657.75,,,,28688.4875,28599.48,0,0,28665.474758603406,28662.48722410887,28604.220364366898,28298.25273484992,28617.732270471457,28696.154847450896,28539.309693492018,1579
1778116500,28658.75,28673.25,28656.5,28670.5,,,,28687.3,28602.125,0,0,28666.479806882726,28663.21565828079,28606.819565764275,28301.956687736987,28617.934477367522,28696.25817206605,28539.610782668995,1252
1778117400,28669,28690.25,28665.5,28686.5,,,,28688.1375,28606.815,0,0,28670.48384550618,28665.3324166189,28609.94428867548,28305.782989351545,28618.20423639566,28696.467437257754,28539.941035533568,1309
1778118300,28686.25,28716,28686.25,28697,,,,28687.475,28610.845,0,0,28675.787076404944,28668.211287835366,28613.358238139186,28309.67569592516,28618.678202046354,28696.95944489056,28540.39695920215,1782
1778119200,28698.5,28706.75,28652.5,28655,,,,28680.575,28614.98,0,0,28671.629661123956,28667.010261668514,28614.991248408238,28313.111758652274,28619.01728471877,28697.160236717344,28540.8743327202,1984
1778120100,28654.25,28686,28654.25,28685,,,,28675.9375,28619.52,0,0,28674.303728899165,28668.645692425922,28617.736689647132,28316.812139163198,28619.319436968366,28697.359566574225,28541.279307362507,1672
1778121000,28685.75,28691.75,28667.5,28673.75,,,,28673.375,28624.52,0,0,28674.192983119334,28669.1097203872,28619.933290053126,28320.363759669035,28619.518294733007,28697.49950006942,28541.537089396592,1061
1778121900,28675.25,28691,28673.75,28687,,,,28672.1125,28630.475,0,0,28676.754386495468,28670.73610944291,28622.563357109866,28324.01188146337,28619.65618302145,28697.610711513087,28541.70165452981,668
1778122800,28686.5,28688.5,28673.75,28680.5,,,,28671.95,28634.45,0,0,28677.503509196373,28671.623735857193,28624.835382321246,28327.559026921448,28619.78531251899,28697.708306584944,28541.862318453037,659
1778123700,28679.5,28694.75,28673.75,28688.75,,,,28673.575,28638.845,0,0,28679.752807357097,28673.180668961086,28627.34183791649,28331.15296695208,28619.99773072913,28697.8848738872,28542.11058757106,1010
1778124600,28688,28697,28687.25,28696,,,,28674.8,28643.285,0,0,28683.002245885677,28675.25515360099,28630.034314860943,28334.783285688874,28620.124383996048,28698.003936901612,28542.244831090484,542
1778125500,28695.5,28702.5,28688,28691.75,,,,28675.5625,28648.755,0,0,28684.75179670854,28676.754685091808,28632.45453780757,28338.33519329396,28620.2665250926,28698.138602613803,28542.394447571398,605
1778126400,28691.5,28705.5,28686,28703.25,,,,28676.575,28652.395,0,0,28688.45143736683,28679.16335008346,28635.230830442568,28341.96618639551,28620.42252912737,28698.29467339141,28542.550384863327,631
1778127300,28703,28713.25,28701,28707.75,,,,28678.15,28655.805,0,0,28692.311149893467,28681.76213643951,28638.07471944482,28345.605826331874,28620.594947192236,28698.485870317334,28542.704024067138,627
1778128200,28707.75,28713.5,28697.5,28703.75,,,,28679.675,28659.165,0,0,28694.598919914773,28683.761033126826,28640.650220643063,28349.169449950463,28620.7494059876,28698.652441106187,28542.846370869014,580
1778129100,28703.75,28713.5,28700.25,28705,,,,28681.4125,28661.71,0,0,28696.67913593182,28685.691848297116,28643.17374140216,28352.710052438517,28620.89739664944,28698.814081665496,28542.980711633387,549
1778130000,28704.75,28714.5,28694.25,28712.75,,,,28683.2,28664.825,0,0,28699.893308745457,28688.151680270104,28645.902222131484,28356.29253947893,28621.176636990338,28699.121301756102,28543.231972224574,1030
1778130900,28711.75,28714.5,28698.5,28704,,,,28686.0125,28667.7,0,0,28700.714646996366,28689.592436609186,28648.18056636162,28359.752315205507,28621.36261874973,28699.32207301144,28543.403164488016,702
1778131800,28704.5,28727.75,28704,28724.5,,,,28689.625,28670.265,0,0,28705.471717597095,28692.765851462897,28651.173485327832,28363.381645402467,28621.69707099525,28699.730806271426,28543.663335719077,1099
1778132700,28724,28727.75,28715.75,28720.25,,,,28692.5375,28673.19,0,0,28708.427374077677,28695.264410420816,28653.882368256152,28366.932574303934,28621.897940907107,28699.98080876312,28543.815073051093,647
1778133600,28720,28731.5,28697,28697,,,,28694.5,28675.775,0,0,28706.14189926214,28695.42219129165,28655.57325577552,28370.216827295935,28622.28725185523,28700.40952561519,28544.16497809527,1448
1778134500,28696.5,28724,28695,28711.75,,,,28696.5625,28679.225,0,0,28707.263519409713,28696.906537537863,28657.77626535295,28373.61516732284,28622.532343984287,28700.683373536292,28544.38131443228,900
1778135400,28711,28748.75,28710,28743.5,,,,28699.4125,28682.525,0,0,28714.51081552777,28701.142306852602,28661.137980437146,28377.29561341913,28623.142676106785,28701.512807347786,28544.772544865784,1777
1778136300,28742.25,28743.25,28713.5,28737.5,,,,28701.4375,28685.61,0,0,28719.108652422216,28704.447551684185,28664.13256943961,28380.879736668692,28623.649023168153,28702.183872743597,28545.11417359271,1526
1778137200,28737.25,28800,28728.5,28798.25,,,,28708.6,28689.455,0,0,28734.936921937773,28712.975046985623,28669.39207652041,28385.03267461229,28625.844332475568,28705.89012044626,28545.798544504876,4784
1778138100,28799.5,28805.25,28752.25,28771,,,,28712.9,28692.875,0,0,28742.14953755022,28718.250042714204,28673.376700970588,28388.87314551167,28627.22625107481,28708.184566924276,28546.267935225347,3072
1778139000,28771.25,28798.75,28767.75,28791.25,,,,28718.775,28696.295,0,0,28751.969630040177,28724.88640246746,28677.99918328547,28392.876895307574,28628.162862065543,28709.79201643387,28546.533707697217,1984
1778139900,28792.75,28792.75,28766,28777.5,,,,28723.3,28699.155,0,0,28757.07570403214,28729.669456788597,28681.901176097803,28396.703990876653,28628.834504890576,28710.8972189397,28546.771790841452,1506
1778140800,28779.5,28814.5,28762.25,28769,,,,28727.725,28701.54,0,0,28759.46056322571,28733.244960716907,28685.31681625083,28400.408428778377,28630.146095757944,28713.065642882277,28547.22654863361,2918
1778141700,28769,28771.25,28733.75,28746.5,,,,28730.6125,28703.665,0,0,28756.86845058057,28734.4499642881,28687.716156790015,28403.85212600446,28631.16087115808,28714.460216888907,28547.861525427255,2896
1778142600,28747.25,28764,28741.25,28742,,,,28732.9125,28704.96,0,0,28753.894760464456,28735.136331170997,28689.844934955112,28407.216781467105,28631.663751192234,28715.13972707006,28548.187775314407,1471
1778143500,28741.5,28753.5,28728.75,28736.75,,,,28735.1625,28705.81,0,0,28750.465808371566,28735.28302833727,28691.6843492706,28410.495718964943,28632.109643513268,28715.700485590267,28548.51880143627,1430
1778144400,28736.25,28743,28711,28732.75,,,,28736.6375,28707.07,0,0,28746.922646697254,28735.052753033884,28693.294766946263,28413.702229224,28632.668452302358,28716.339707809613,28548.997196795102,2011
1778145300,28733.5,28762.5,28731,28747.5,,,,28738.625,28707.815,0,0,28747.038117357803,28736.184320939894,28695.420462360136,28417.023600077493,28633.195690093602,28717.032415391182,28549.35896479602,1614
1778146200,28748.5,28754.5,28738.75,28743,,,,28740.5875,28706.815,0,0,28746.230493886243,28736.803928127178,28697.286326581307,28420.267146345377,28633.511266927457,28717.440678519604,28549.58185533531,987
1778147100,28742.5,28762.5,28721.75,28730.25,,,,28741.85,28705.865,0,0,28743.034395108996,28736.20811647925,28698.57901965655,28423.351552849403,28634.01041025714,28718.04932201316,28549.971498501116,1682
1778148000,28729.75,28736,28690.25,28715.5,,,,28741.9875,28705.675,0,0,28737.527516087197,28734.325560435682,28699.242587513156,28426.258502572295,28634.497735528945,28718.510646141764,28550.484824916126,2164
1778148900,28717.25,28731.25,28704.5,28723,,,,28742.9375,28705.89,0,0,28734.622012869757,28733.295964032437,28700.174250747936,28429.211154287994,28634.787375611235,28718.80346173642,28550.77128948605,1212
1778149800,28722.5,28742.75,28717,28741.25,,,,28743.775,28707.04,0,0,28735.947610295807,28734.019058211306,28701.785064444095,28432.316018424433,28635.15591832623,28719.231473408847,28551.08036324361,1332
1778150700,28741.25,28743,28724.5,28727,,,,28744.1125,28708.455,0,0,28734.158088236647,28733.38096201028,28702.773885446288,28435.248197345583,28635.428776912173,28719.5411622894,28551.316391534947,1015
1778151600,28728,28751,28720,28720.5,,,,28745.2875,28709.435,0,0,28731.42647058932,28732.20996546389,28703.469027193492,28438.086523740156,28636.041826765802,28720.227215954346,28551.85643757726,2326
1778152500,28720.5,28734.5,28710.5,28712.75,,,,28745.3375,28710.16,0,0,28727.691176471453,28730.440877694447,28703.832986911395,28440.81949365319,28636.503601193184,28720.68233194468,28552.324870441687,2013
1778153400,28713.75,28740.25,28705.25,28732,,,,28744.7625,28711.14,0,0,28728.552941177164,28730.58261608586,28704.93757565997,28443.716812124305,28636.94421530302,28721.14797356941,28552.740457036634,1798
1778154300,28731,28739,28712.5,28732,,,,28744.4875,28712.255,0,0,28729.242352941732,28730.711469168964,28705.998847202714,28446.585301555904,28637.380196815568,28721.61616195191,28553.144231679224,1757
1778155200,28732.25,28746.25,28717,28741.75,,,,28741.6625,28713.625,0,0,28731.743882353385,28731.714971971785,28707.400853194766,28449.522263729476,28638.172461066024,28722.521873926868,28553.82304820518,2997
1778156100,28740.25,28742.25,28718.5,28740.5,,,,28740.1375,28715.03,0,0,28733.495105882706,28732.51361088344,28708.698858951833,28452.41756458789,28638.755119178346,28723.175494244835,28554.334744111857,2265
1778157000,28740,28759.5,28729.25,28753.25,,,,28738.2375,28716.555,0,0,28737.446084706164,28734.398737166764,28710.44596252235,28455.41092215418,28639.612435391806,28724.246226088904,28554.978644694707,2957
1778157900,28753.75,28760.75,28738.75,28755.25,,,,28737.125,28718.705,0,0,28741.006867764932,28736.29430651524,28712.202983599906,28458.39439556558,28640.238580713227,28725.04743312429,28555.429728302162,2106
1778158800,28755.25,28755.25,28727.25,28743.25,,,,28735.8375,28720.525,0,0,28741.455494211947,28736.92664228658,28713.42051365481,28461.228779689307,28641.285224453648,28726.27833506049,28556.292113846805,3917
1778159700,28743,28764,28740.25,28750.25,,,,28736.025,28722.29,0,0,28743.214395369556,28738.137856624166,28714.864807236976,28464.104612727224,28642.818944451068,28728.200384151638,28557.4375047505,5370
1778160600,28750,28782.5,28720.75,28742,,,,28736.025,28723.975,0,0,28742.971516295645,28738.48896056742,28715.92893244337,28466.869740958795,28650.83030492799,28737.540867086263,28564.119742769715,31680
1778161500,28741.5,28803,28708,28781.5,,,,28738.2625,28726.195,0,0,28750.677213036517,28742.39905506129,28718.500346857356,28470.000390302488,28658.92129462843,28747.428387322536,28570.414201934327,32102
1778162400,28781.5,28848.75,28779,28837,,,,28743.475,28729.205,0,0,28767.941770429214,28750.99914096481,28723.147392078637,28473.652127712412,28667.420745094158,28760.87921070014,28573.962279488176,24792
1778163300,28836.75,28902.5,28822.5,28874,,,,28749.8,28732.745,0,0,28789.15341634337,28762.181037240738,28729.063180624573,28477.635688630697,28677.044981501243,28777.710909918915,28576.379053083572,24124
1778164200,28874.25,28915,28860.25,28899.25,,,,28757.6125,28737.63,0,0,28811.172733074698,28774.641852037035,28735.737173541256,28481.830855908003,28891.5,28891.5,28891.5,15846
1778165100,28899.25,28944.75,28870.25,28928,,,,28767.5,28742.49,1,0,28834.53818645976,28788.583501851852,28743.276892225913,28486.27034987907,28903.568174154516,28914.966236087592,28892.17011222144,17764
1778166000,28928.5,28930.5,28847,28862.5,,,,28774.85,28746.265,0,0,28840.130549167807,28795.303183501685,28747.952308217053,28490.01392848724,28894.588499269463,28909.128676889184,28880.04832164974,20688
1778166900,28862.75,28883,28823.75,28853.75,,,,28781.3875,28749.6,0,0,28842.854439334245,28800.616530456078,28752.10123730658,28493.6331928804,28884.052337391415,28905.94088165698,28862.16379312585,18725
1778167800,28854.5,28896.5,28850.5,28880,,,,28788.325,28753.59,0,0,28850.283551467397,28807.833209505527,28757.116875059262,28497.477638722386,28882.71372208284,28903.0130074525,28862.41443671318,13871
1778168700,28879.5,28887,28772.75,28784.25,,,,28791.1875,28755.5,0,0,28837.07684117392,28805.68928136866,28758.180919174585,28500.33109505351,28871.001814994426,28902.639311804985,28839.364318183867,18065
1778169600,28785.5,28788.25,28692,28700,,,,28790.1625,28755.58,0,0,28809.661472939137,28796.0811648806,28755.89931450107,28502.31785032661,28842.73736172397,28906.636734381835,28778.8379890661,25577
1778170500,28700.5,28748.25,28637,28740.5,,,,28791.55,28756.555,0,0,28795.82917835131,28791.028331709636,28755.295419814756,28504.68782196515,28816.284106098065,28894.559460441124,28738.008751755006,32062
1778171400,28740.5,28776.25,28706.25,28725.75,,,,28791.2375,28757.005,0,0,28781.813342681045,28785.093937917853,28754.136775900453,28506.88744562719,28808.11548836241,28886.162802258325,28730.068174466498,18439
1778172300,28725.75,28735.25,28661,28696.75,,,,28789.475,28756.785,0,0,28764.800674144837,28777.06267083441,28751.886314100437,28508.77662527269,28799.712257691357,28880.244535269063,28719.17998011365,14908
1778173200,28697.5,28713.5,28653.25,28669,,,,28785.8375,28756.09,0,0,28745.64053931587,28767.238791667645,28748.635870410224,28510.370887707788,28791.209471397342,28874.802713575456,28707.616229219228,14793
1778174100,28668,28698.75,28552,28608.25,,,,28779.225,28754.155,0,0,28718.162431452696,28752.785265152404,28743.130542158844,28511.344809223134,28768.52701850395,28865.688604759373,28671.36543224853,32111
1778175000,28608.5,28688.75,28590.5,28645.5,,,,28773.8375,28752.81,0,0,28703.629945162156,28743.03205922946,28739.301893446733,28512.6796867433,28759.477956051684,28858.64580055911,28660.31011154426,18640
1778175900,28645.5,28705.75,28605,28696.5,,,,28770.9,28752.66,0,0,28702.203956129724,28738.801872026783,28737.62338782137,28514.508744586652,28753.610580865872,28852.057966604913,28655.163195126832,18151
1778176800,28696.75,28721.5,28654,28677.25,,,,28767.6,28751.715,0,0,28697.21316490378,28733.206247297076,28735.25580398524,28516.128060560914,28749.640698555148,28846.577594644386,28652.70380246591,16977
1778177700,28679.25,28707.5,28642.5,28654,,,,28762.7875,28750.39,0,0,28688.570531923026,28726.005679360977,28732.069301868174,28517.499920654835,28746.351244324367,28842.662623718345,28650.03986493039,12453
1778178600,28654.25,28691,28594.25,28610,,,,28756.1875,28748.65,0,0,28672.85642553842,28715.459708509978,28727.28227042236,28518.42031945429,28741.21228624554,28838.28161237065,28644.14296012043,14510
1778179500,28608.5,28648.75,28582.75,28644.75,,,,28749.35,28747.31,0,0,28667.235140430734,28709.03155319089,28724.045710797956,28519.677331201012,28734.57946068991,28832.593691317838,28636.565230061984,19661
1778180400,28645,28663.25,28616,28652.75,,,,28740.1375,28745.495,0,0,28664.338112344587,28703.915048355353,28721.249800570586,28521.001437358216,28731.697441524382,28829.44134327777,28633.953539770995,11280
1778181300,28653.25,28657.25,28586.75,28611.5,,,,28727.0125,28742.975,0,0,28653.77048987567,28695.51368032305,28716.94588682272,28521.901920568584,28727.01342845966,28825.333404479446,28628.693452439875,15303
1778182200,28611.75,28685.25,28608.75,28679,,,,28716,28740.59,0,0,28658.81639190054,28694.012436657318,28715.45781282967,28523.46508553805,28725.21630103539,28822.877432276924,28627.555169793857,9839
1778183100,28679.5,28708.75,28648,28684.25,,,,28703.8125,28738.855,0,0,28663.90311352043,28693.124942415743,28714.23397703243,28525.064935433194,28722.21419729419,28817.216701470024,28627.211693118355,27215
1778184000,28684.25,28766.25,28652.25,28711.5,,,,28696.2625,28737.26,0,0,28673.422490816345,28694.79540219613,28714.126762246844,28526.920010702517,28721.80563467384,28815.23153397028,28628.379735377403,14081
1778184900,28711.5,28725.25,28703,28710.5,,,,28689.1,28735.92,0,0,28680.837992653076,28696.223092905573,28713.98453627638,28528.74667726269,28721.755034812024,28814.917044495403,28628.593025128645,2410
1778185800,28711,28720.5,28636.5,28673.5,,,,28678.775,28734.01,0,0,28679.37039412246,28694.157357186883,28712.396907402795,28530.187008832218,28721.198698090404,28813.915224756096,28628.482171424712,5309
1778186700,28672.75,28688.5,28633,28644,,,,28671.7625,28731.96,0,0,28672.29631529797,28689.597597442622,28709.714675739942,28531.319476406028,28720.742078890242,28813.299372046495,28628.18478573399,2985
1778191200,28582,28643.25,28541,28627.25,,,,28668.125,28729.665,0,0,28663.287052238375,28683.92963403875,28706.480766887395,28532.274008979104,28719.59986916619,28812.41895774039,28626.780780591995,4259
1778192100,28626.75,28670.75,28616.5,28659,,,,28664.05,28728.11,0,0,28662.4296417907,28681.66330367159,28704.618776029067,28533.53496411364,28719.09814549921,28811.778610854617,28626.417680143804,3109
1778193000,28662,28663.25,28606.75,28621.5,,,,28658.8375,28725.885,0,0,28654.24371343256,28676.19391242872,28701.35921618479,28534.410238102562,28718.66678132156,28811.326802422373,28626.00676022075,2148
1778193900,28622.75,28626.5,28602.25,28614.5,,,,28654.725,28723.225,0,0,28646.294970746047,28670.5853749352,28697.952972412837,28535.207151156268,28718.414553226798,28811.1040217781,28625.725084675494,1070
1778194800,28615.25,28641.75,28607.75,28628,,,,28652.675,28720.925,0,0,28642.635976596837,28666.713977213818,28695.209718592727,28536.13046308506,28718.22152466418,28810.910566657836,28625.532482670522,924
1778195700,28629.25,28649,28625.5,28644.5,,,,28654.4875,28719.21,0,0,28643.00878127747,28664.694524739836,28693.221102177326,28537.20876693496,28718.11938122065,28810.791388213842,28625.44737422746,577
1778196600,28646,28654.75,28636.25,28654,,,,28654.9125,28717.98,0,0,28645.207025021977,28663.722295218035,28691.683019738997,28538.3708687565,28718.029855547047,28810.67608150307,28625.383629591026,570
1778197500,28654.5,28679.75,28646,28679.5,,,,28654.0625,28717.11,0,0,28652.06562001758,28665.156632016395,28691.205254259035,28539.775138719124,28717.902332394235,28810.463510140788,28625.341154647682,1145
1778198400,28679.75,28731.75,28679.75,28719.5,,,,28656.175,28716.675,0,0,28665.552496014065,28670.096938196722,28692.31485213123,28541.563445796546,28717.859738548374,28810.161845692313,28625.557631404434,2521
1778199300,28717,28725.25,28693,28710.75,,,,28659.0125,28716.35,0,0,28674.59199681125,28673.79267108793,28693.037799106474,28543.24689409708,28717.827676436624,28809.95042288118,28625.70492999207,1760
1778200200,28710.25,28741.25,28708.5,28734.75,,,,28665.25,28716.635,0,0,28686.623597449,28679.334246443574,28694.673571690535,28545.1523976384,28717.855417897383,28809.85604459144,28625.854791203325,1210
1778201100,28735.25,28737.75,28713.5,28727,,,,28669.3625,28716.92,0,0,28694.6988779592,28683.667496766884,28695.941274761495,28546.96182651762,28717.871515359417,28809.78282003737,28625.960210681464,884