time,open,high,low,close,Entry,Stop,Target,MA fast,MA slow,Exh Top,Exh Bot,EMA 9,EMA 21,EMA 50,EMA 200,VWAP,VWAP +1σ,VWAP -1σ,Volume
1767009600,25770.25,25776.75,25734.25,25746.5,,,,25830.4875,25845.305,0,0,25780.821230604513,25814.615161938167,25816.829361987613,25641.159361996637,25855.578508035043,25896.395129085995,25814.76188698409,4009
1767013200,25745.5,25762.75,25660.75,25693,,,,25821.45,25843.305,0,0,25763.25698448361,25803.559238125606,25811.973308576333,25641.67518924045,25845.948253576196,25899.90791556156,25791.988591590834,11509
1767016800,25694.75,25819,25656.75,25724.5,,,,25814.0875,25842.04,0,0,25755.50558758689,25796.372034659642,25808.54298274981,25642.499316710695,25815.77742661661,25883.717816808592,25747.837036424626,65703
1767020400,25723,25772.75,25661.75,25702.75,,,,25804.6375,25840.305,0,0,25744.95447006951,25787.860940599676,25804.39423832825,25643.098825997156,25794.48771560336,25868.056779677692,25720.91865152903,63570
1767024000,25702.5,25718.25,25680,25695.5,,,,25794.85,25838.24,0,0,25735.06357605561,25779.46449145425,25800.123876040867,25643.6202307136,25697.916666666668,25697.916666666668,25697.916666666668,33192
1767027600,25695.5,25707.75,25648,25700,,,,25786.5125,25836.385,0,0,25728.050860844487,25772.240446776592,25796.19744952946,25644.181223442818,25692.000565983206,25698.32014096347,25685.68099100294,29089
1767031200,25699.25,25729,25680.5,25694.5,,,,25778.4375,25834.435,0,0,25721.34068867559,25765.173133433265,25792.209314253796,25644.68190778667,25694.555729488537,25701.361667349818,25687.749791627255,23480
1767034800,25694,25774.25,25683.5,25765.5,,,,25773.1875,25833.43,0,0,25730.17255094047,25765.202848575696,25791.16189016541,25645.884077858445,25706.12832664646,25727.088284751597,25685.168368541323,28393
1767038400,25765.75,25766.25,25729.25,25741,,,,25765.675,25831.8,0,0,25732.338040752376,25763.00258961427,25789.19475721775,25646.83050494443,25714.547663647947,25739.164177238734,25689.93115005716,31051
1767042000,25741.25,25748.5,25727.75,25744.5,,,,25760.8,25830.495,0,0,25734.7704326019,25761.320536012972,25787.44202164058,25647.802340716127,25715.778125122946,25740.417004736744,25691.139245509148,7301
1767049200,25740,25747.75,25705.25,25707.25,,,,25753.8625,25828.065,0,0,25729.26634608152,25756.405032739065,25784.297236478207,25648.393859713975,25715.87856683894,25740.237004939594,25691.520128738284,3643
1767052800,25707.5,25727,25700.25,25704.5,,,,25746.45,25824.63,0,0,25724.313076865215,25751.68639339915,25781.167933086905,25648.95212976657,25715.793941876465,25739.966078434565,25691.621805318366,2536
1767056400,25705,25725.25,25696.75,25724,,,,25739.8625,25821.555,0,0,25724.25046149217,25749.169448544682,25778.926053358005,25649.69887474402,25715.78741473355,25739.78773397142,25691.787095495678,2281
1767060000,25724.5,25728.5,25700.75,25710.25,,,,25734.375,25818.465,0,0,25721.450369193735,25745.631316858802,25776.232874794947,25650.301373502785,25715.755378686536,25739.61029514793,25691.90046222514,1992
1767063600,25711.5,25742,25709.5,25734.5,,,,25730.2875,25815.4,0,0,25724.06029535499,25744.619378962547,25774.596291469654,25651.139170781364,25715.91052706035,25739.663380884766,25692.157673235935,1982
1767067200,25736.25,25752.5,25729,25749.25,,,,25727.75,25812.32,0,0,25729.098236283993,25745.040344511406,25773.60231925516,25652.115397937767,25716.20302195935,25739.998887743885,25692.407156174817,1762
1767070800,25749.5,25755,25721,25744.5,,,,25728.0375,25809.41,0,0,25732.178589027193,25744.991222283097,25772.461051833387,25653.03464770953,25716.520475711306,25740.316454418404,25692.72449700421,2238
1767074400,25744.5,25744.5,25715.25,25726.5,,,,25726.2375,25806.01,0,0,25731.042871221754,25743.310202075543,25770.658657643842,25653.765646239783,25716.633862789145,25740.348254913897,25692.919470664394,1581
1767078000,25725.75,25726.5,25684.75,25703.75,,,,25724.125,25802.435,0,0,25725.584296977402,25739.713820068675,25768.03478871663,25654.263002993615,25716.468282528735,25740.053601832453,25692.882963225016,2462
1767081600,25704.25,25741.25,25703,25738.75,,,,25722.55,25799.635,0,0,25728.217437581923,25739.62620006243,25766.886365629704,25655.103669630495,25716.641578259412,25740.084479411154,25693.19867710767,2719
1767085200,25739.5,25752.25,25729.25,25739,,,,25722.175,25796.89,0,0,25730.37395006554,25739.56927278403,25765.792782663833,25655.938458987406,25716.949594082755,25740.391549680866,25693.507638484643,2331
1767088800,25738.75,25745.75,25718.75,25727.25,,,,25723.8875,25794,0,0,25729.74916005243,25738.44933889457,25764.28130099074,25656.64802655967,25717.116835142002,25740.462853413188,25693.770816870816,2211
1767092400,25728.5,25736,25702.5,25732.5,,,,25724.2875,25791.445,0,0,25730.299328041943,25737.908489904155,25763.03497546169,25657.40277256405,25717.228352948026,25740.390277137536,25694.066428758517,3122
1767096000,25732.5,25743.5,25712.25,25726.5,,,,25725.475,25788.825,0,0,25729.539462433553,25736.871354458322,25761.60223132594,25658.090307165403,25717.39391748706,25740.402963444456,25694.384871529666,3029
1767099600,25726.25,25744.75,25691.25,25713.75,,,,25726.3875,25785.58,0,0,25726.381569946843,25734.76941314393,25759.725673234723,25658.6441349548,25717.365042942885,25739.96105937934,25694.76902650643,6885
1767103200,25714.25,25774.75,25674.25,25756.75,,,,25729.225,25783.07,0,0,25732.455255957473,25736.767648312663,25759.608980166693,25659.620312716444,25721.34653540014,25742.613241913587,25700.07982888669,55349
1767106800,25756,25761.5,25681.5,25744,,,,25731.7,25780.42,0,0,25734.76420476598,25737.425134829693,25758.996863297412,25660.459911594888,25722.68621675338,25742.219888044947,25703.152545461813,52755
1767110400,25744.5,25793.75,25717,25720,,,,25729.425,25777.02,0,0,25731.811363812783,25735.841031663356,25757.46757454065,25661.052350285485,25743.583333333332,25743.583333333332,25743.583333333332,38619
1767114000,25719.75,25739,25699.5,25728.75,,,,25728.8125,25773.665,0,0,25731.199091050228,25735.196392421232,25756.341395146897,25661.725958740357,25735.171558378064,25745.52970873032,25724.81340802581,25469
1767117600,25728.75,25744.25,25707.5,25732.5,,,,25728.2125,25770.695,0,0,25731.459272840184,25734.951265837484,25755.40643847447,25662.430178056373,25733.512640930643,25743.061869346246,25723.96341251504,19582
1767121200,25732.5,25743,25705.5,25712,,,,25728.45,25766.945,0,0,25727.56741827215,25732.864787124985,25753.704225200963,25662.923410115513,25730.76435919824,25740.84083110407,25720.687887292414,21698
1767124800,25711.5,25717.75,25668.25,25678,,,,25727.125,25763.03,0,0,25717.65393461772,25727.877079204532,25750.735432055826,25663.073425935258,25720.420495589486,25740.726383088215,25700.114608090757,33618
1767128400,25678.25,25691.75,25669.75,25676,,,,25724.725,25759.115,0,0,25709.323147694176,25723.16098109503,25747.804630798735,25663.20204856277,25718.02606799955,25739.96787643462,25696.084259564483,8564
1767135600,25683.25,25689.5,25643.75,25657,,,,25722.0625,25754.42,0,0,25698.858518155343,25717.146346450027,25744.24366488506,25663.14033663677,25716.72647213199,25739.94859022945,25693.504354034532,3597
1767139200,25656.75,25657,25604.75,25614.25,,,,25716.05,25748.88,0,0,25681.936814524273,25707.792133136387,25739.145874105252,25662.65386562546,25713.907740060833,25741.69806775676,25686.117412364907,4810
1767142800,25614,25624.5,25588,25618,,,,25709.4875,25743.905,0,0,25669.149451619418,25699.62921194217,25734.39505551289,25662.209548554558,25710.869047322663,25743.3603431215,25678.377751523825,4706
1767146400,25617.5,25635.75,25605,25626.25,,,,25703.575,25739.31,0,0,25660.569561295535,25692.958374492882,25730.15407294376,25661.85174210128,25708.99939123089,25743.574332658274,25674.424449803504,3466
1767150000,25626.25,25633.5,25606.75,25615.75,,,,25698.0375,25734.215,0,0,25651.605649036428,25685.939431357165,25725.66763871067,25661.393018299277,25708.19751981192,25743.646175165963,25672.74886445788,1470
1767153600,25616.75,25633.75,25614,25616.25,,,,25693.6625,25728.715,0,0,25644.534519229142,25679.604028506514,25721.376750918094,25660.943834037593,25707.388410127867,25743.644862022047,25671.131958233687,1557
1767157200,25616.75,25626.25,25593.75,25599,,,,25686.675,25723.855,0,0,25635.427615383313,25672.276389551374,25716.577662646796,25660.327477480005,25706.145799972826,25743.86044359431,25668.431156351344,2081
1767160800,25599,25606,25579.25,25596,,,,25679.525,25718.855,0,0,25627.54209230665,25665.34217231943,25711.849126856727,25659.68740307722,25704.49738582641,25744.298024590902,25664.696747061917,2519
1767164400,25595.5,25609.75,25576.5,25598.25,,,,25673.075,25713.765,0,0,25621.68367384532,25659.242883926756,25707.394259136854,25659.076085633664,25702.428252760503,25744.58072060128,25660.275784919726,3303
1767168000,25597.25,25603.5,25552.5,25559,,,,25664.4,25707.83,0,0,25609.146939076258,25650.12989447887,25701.574876425606,25658.08030368706,25699.229330710496,25745.504870477635,25652.953790943357,4390
1767171600,25558.5,25584.75,25555.75,25569.5,,,,25656.55,25702.82,0,0,25601.217551261005,25642.7999040717,25696.395469506955,25657.19890763047,25696.788228615384,25745.884844833563,25647.691612397204,3455
1767175200,25569.25,25591.5,25561,25584.5,,,,25650.0875,25698.185,0,0,25597.874041008803,25637.499912792457,25692.007411879233,25656.475535415244,25695.54569642349,25745.843426971398,25645.247965875584,1950
1767178800,25585,25611.75,25581.5,25609.5,,,,25642.725,25694.375,0,0,25600.19923280704,25634.95446617496,25688.771827099656,25656.008117152407,25694.352313739113,25745.435203909245,25643.26942356898,2361
1767182400,25609.25,25632,25598.25,25629,,,,25636.975,25692.18,0,0,25605.95938624563,25634.413151068147,25686.42783388006,25655.739379668303,25692.85288747569,25744.492278301917,25641.21349664946,3840
1767186000,25629.25,25714.75,25621.75,25703,,,,25636.125,25690.99,0,0,25625.367508996504,25640.64831915286,25687.07772274751,25656.209634596977,25692.20120416133,25742.611627340702,25641.79078098196,10067
1767189600,25702.75,25716.75,25581.5,25605.5,,,,25629.9625,25688.18,0,0,25621.394007197203,25637.45301741169,25683.87859636525,25655.7050611184,25680.594631125197,25731.22408373838,25629.965178512015,50734
1767193200,25606.25,25618,25542.5,25555,,,,25621.0875,25683.875,0,0,25608.115205757764,25629.957288556085,25678.824533762694,25654.70302070926,25664.910638135207,25725.35496756538,25604.466308705032,42439
1767196800,25554.25,25607.5,25552.75,25605,,,,25615.7375,25681.045,0,0,25607.49216460621,25627.688444141895,25675.929454007295,25654.20846328927,25588.416666666668,25588.416666666668,25588.416666666668,27306
1767200400,25605,25606.5,25568,25581.5,,,,25610.9125,25678.815,0,0,25602.293731684967,25623.48949467445,25672.226338163873,25653.484995992858,25587.03489962274,25588.56825163519,25585.50154761029,22174
1767204000,25581.5,25629.5,25572.5,25614.25,,,,25607.825,25676.61,0,0,25604.684985347973,25622.649540613136,25669.952756275095,25653.09459802278,25592.36596022499,25600.80654029223,25583.92538015775,20212
1767207600,25614.5,25634.5,25532,25535.75,,,,25601.7625,25673.27,0,0,25590.89798827838,25614.749582375578,25664.689903087838,25651.926990082255,25585.042810053357,25598.43724287513,25571.648377231584,28955
1767211200,25535.75,25539.5,25444.5,25455.25,,,,25593.8125,25668.465,0,0,25563.768390622703,25600.249620341434,25656.47657355498,25649.970005106312,25546.2524607255,25598.146282599482,25494.358638851518,57540
1767214800,25455,25471.5,25429,25434.75,,,,25584.65,25663.16,0,0,25537.964712498164,25585.204200310396,25647.781413807726,25647.82851251819,25536.666504863748,25594.248771064045,25479.08423866345,16348
1767308400,25478.5,25504,25448.5,25497,,,,25578.1875,25659.21,0,0,25529.77176999853,25577.185636645816,25641.868417187816,25646.327731299105,25535.260410082476,25592.7218901476,25477.79893001735,4657
1767312000,25497,25514,25473.75,25510.75,,,,25572.9375,25654.115,0,0,25525.967415998824,25571.146033314377,25636.726518474567,25644.978699146875,25534.666989950903,25591.832529959935,25477.501449941872,2990
1767315600,25511,25556.25,25510.25,25555.5,,,,25569.9,25650.405,0,0,25531.87393279906,25569.723666649432,25633.541164808896,25644.088363831983,25534.82434629485,25591.243399521984,25478.405293067714,4853
1767319200,25555.25,25607.5,25555,25603.75,,,,25570.1375,25647.59,0,0,25546.249146239246,25572.816969681302,25632.372883835997,25643.686987077435,25536.30058880835,25592.63351306976,25479.96766454694,5208
1767322800,25603.25,25625.75,25596,25625.25,,,,25571.6,25645.95,0,0,25562.049316991397,25577.583608801182,25632.093555058116,25643.5035344697,25537.867667568382,25594.724126673835,25481.01120846293,3832
1767326400,25625.5,25638.25,25617.25,25625.75,,,,25572.975,25644.375,0,0,25574.78945359312,25581.962371637437,25631.84478819309,25643.326882385423,25539.373523988517,25596.907616847835,25481.8394311292,3332
1767330000,25625.75,25644,25612.5,25639,,,,25576.975,25642.675,0,0,25587.631562874496,25587.14761057949,25632.12538473454,25643.28382882935,25540.76442082207,25598.962732926248,25482.566108717892,3015
1767333600,25638.25,25650,25634,25636.5,,,,25580.325,25641.2,0,0,25597.4052502996,25591.6341914359,25632.29693827436,25643.21632804498,25541.869892916122,25600.674993792636,25483.064792039608,2254
1767337200,25636.25,25647.5,25624.75,25637.5,,,,25582.975,25639.26,0,0,25605.42420023968,25595.80381039627,25632.50097991066,25643.15944915896,25543.20507903075,25602.652272884203,25483.7578851773,2898
1767340800,25637.75,25718.5,25637,25710.25,,,,25588.0125,25638.48,0,0,25626.389360191744,25606.208009451155,25635.549961090634,25643.827016829022,25549.13964670148,25614.079963275726,25484.19933012723,8749
1767344400,25709,25740.5,25705.25,25733,,,,25593.2125,25638.25,0,0,25647.711488153396,25617.734554046503,25639.37153124394,25644.714310193907,25554.14953731831,25624.57791740554,25483.72115723108,6239
1767348000,25734,25737.25,25707.5,25730.75,,,,25594.6,25638.335,0,0,25664.319190522718,25628.00868549682,25642.955000606926,25645.57038670939,25556.971823632673,25630.135978317536,25483.80766894781,3701
1767351600,25730.25,25742.75,25714,25727.25,,,,25600.6875,25638.805,0,0,25676.905352418173,25637.03062317893,25646.260686857633,25646.383119179944,25559.685710764632,25635.348368904182,25484.02305262508,3616
1767355200,25726.25,25727.25,25680,25703,,,,25608.0875,25638.09,0,0,25682.12428193454,25643.027839253573,25648.485757961254,25646.946471227904,25563.6401736612,25641.871060165817,25485.40928715658,6447
1767358800,25703.25,25709,25679.25,25692.75,,,,25612.475,25637.165,0,0,25684.24942554763,25647.548035685068,25650.221610590226,25647.4022277331,25567.41596017691,25647.534928249188,25487.29699210463,7008
1767362400,25692,25803.75,25638.25,25733,,,,25620.05,25637.28,0,0,25693.999540438104,25655.316396077335,25653.46782193963,25648.25394686013,25605.924705393663,25703.063106266545,25508.78630452078,78047
1767366000,25733.75,25780,25360.5,25375,,,,25608.0875,25630.13,0,0,25630.199632350483,25629.83308734303,25642.5475151969,25645.535002115255,25577.846107112287,25671.905018643665,25483.78719558091,123388
1767369600,25375.75,25427.25,25293.75,25341.5,,,,25598.375,25622.43,0,0,25572.459705880385,25603.620988493665,25630.741730287216,25642.50977821361,25354.166666666668,25354.166666666668,25354.166666666668,85880
1767373200,25341.25,25405.5,25310.75,25323.75,,,,25591.8,25614.63,0,0,25522.717764704306,25578.17817135788,25618.702838903402,25639.33803912691,25351.769176331414,25355.266778006535,25348.271574656294,40352
1767376800,25323.5,25363.75,25265.25,25295,,,,25584.8125,25605.395,0,0,25477.174211763446,25552.434701234433,25606.008609926797,25635.91178998137,25341.86289940345,25360.43491417541,25323.290884631493,36928
1767380400,25294.5,25457,25288.5,25399.5,,,,25579.9375,25598.505,0,0,25461.639369410757,25538.531546576756,25597.910233066923,25633.559433862152,25350.14222056104,25373.254473801728,25327.02996732035,42851
1767384000,25399.5,25450.5,25362,25385.5,,,,25573.675,25591.815,0,0,25446.411495528606,25524.61958779705,25589.580420005474,25631.0911807889,25359.69758209609,25388.143083987165,25331.252080205017,49665
1767387600,25385,25415,25379.25,25394.5,,,,25565.625,25585.13,0,0,25436.029196422885,25512.790534360953,25581.93020745624,25628.737039686523,25361.41743943347,25390.24419442838,25332.59068443856,12624
1767567600,25431.75,25463.25,25406.5,25457,,,,25558.2875,25579.62,0,0,25440.223357138308,25507.718667600868,25577.030983634428,25627.028213420985,25364.24374867366,25396.21868145767,25332.26881588965,9721
1767571200,25459.25,25479.5,25434.75,25466.75,,,,25550.3625,25574.715,0,0,25445.528685710648,25503.994243273515,25572.706239178176,25625.433405327243,25366.476231171724,25401.23507145207,25331.71739089138,6613
1767574800,25467,25487.5,25450,25458.25,,,,25541.9875,25570.32,0,0,25448.07294856852,25499.835675703194,25568.217759210405,25623.769888856325,25368.778261319625,25406.22288642763,25331.33363621162,6792
1767578400,25459.25,25483.25,25452.25,25474,,,,25533.7375,25566.28,0,0,25453.258358854815,25497.486977911994,25564.52294512372,25622.279641206012,25369.909758838152,25408.63267371553,25331.186843960775,3300
1767582000,25474.25,25482.75,25457.5,25464,,,,25525.1125,25562.42,0,0,25455.40668708385,25494.442707192724,25560.580868844358,25620.70471940297,25370.64699624411,25410.144307266342,25331.14968522188,2230
1767585600,25463.75,25491.75,25457.75,25487.5,,,,25517.6125,25559.885,0,0,25461.82534966708,25493.811551993385,25557.71495241909,25619.379299309407,25371.516044110096,25412.024487202234,25331.00760101796,2401
1767589200,25488,25497,25465.5,25495.25,,,,25506.8625,25557.43,0,0,25468.510279733666,25493.94231999399,25555.26534644187,25618.144181903343,25372.528127265923,25414.255522637228,25330.80073189462,2672
1767592800,25494.5,25507.25,25468.75,25506.25,,,,25495.525,25555.03,0,0,25476.05822378693,25495.061199994536,25553.34317599317,25617.030806959032,25373.828112682633,25417.17421246283,25330.482012902437,3265
1767596400,25506.25,25509,25455,25478,,,,25482.8875,25552.275,0,0,25476.446579029543,25493.510181813213,25550.388541640496,25615.64741584501,25375.10162622676,25419.72142686281,25330.48182559071,3683
1767600000,25478,25556.75,25467.75,25512,,,,25472.125,25550.19,0,0,25483.557263223636,25495.19107437565,25548.883108634986,25614.616098274415,25378.419157658034,25427.270459101004,25329.567856215064,7664
1767603600,25511.25,25532.25,25495.75,25512,,,,25462.575,25548.45,0,0,25489.24581057891,25496.719158523316,25547.43671221793,25613.595042570192,25380.190244442154,25431.091418134856,25329.28907074945,4212
1767607200,25512.25,25559,25511.25,25553.75,,,,25455.625,25547.605,0,0,25502.146648463127,25501.903780475743,25547.68429213095,25612.999569509793,25382.12886387896,25435.686275933942,25328.571451823977,3907
1767610800,25554.25,25577,25544,25567.5,,,,25447.35,25546.99,0,0,25515.2173187705,25507.867073159767,25548.46137871405,25612.54683747487,25384.234586874984,25440.90072196577,25327.5684517842,3829
1767614400,25567.5,25588.25,25544.5,25557.25,,,,25456.4625,25546.955,0,0,25523.6238550164,25512.356430145242,25548.806030529187,25611.996620186565,25386.971877007225,25447.343448353953,25326.600305660497,5100
1767618000,25558.25,25592.75,25520.25,25576,,,,25468.1875,25547.085,0,0,25534.09908401312,25518.142209222948,25549.872460704515,25611.638444861324,25392.33146505969,25459.02829735405,25325.634632765334,10479
1767621600,25576,25672.5,25538.5,25599.75,,,,25481.9875,25547.39,0,0,25547.229267210496,25525.561099293587,25551.82844263767,25611.52015187763,25439.913722212834,25545.905545247366,25333.921899178302,100057
1767625200,25593.25,25690.5,25566,25665,,,,25500.4875,25548.5,0,0,25570.783413768397,25538.23736299417,25556.26654292639,25612.052289669893,25467.88896858128,25588.28950324946,25347.4884339131,71996
1767628800,25665.25,25708,25651.25,25658.25,,,,25513.425,25549.085,0,0,25588.276731014717,25549.147602721972,25560.26589418418,25612.511968379644,25672.5,25672.5,25672.5,44841
1767632400,25659,25673.5,25607.5,25626.75,,,,25525.4875,25547.56,0,0,25595.971384811775,25556.202366110883,25562.873114020094,25612.653640336066,25654.89371801843,25673.172539561052,25636.614896475807,41602
1767636000,25627,25632.25,25557,25612.75,,,,25536.4,25547.705,0,0,25599.32710784942,25561.343060100804,25564.82907033303,25612.654599138692,25638.753597399962,25667.898013790586,25609.60918100934,36632
1767639600,25612.75,25618.75,25549.5,25577.5,,,,25542.425,25548.155,0,0,25594.961686279537,25562.81187281891,25565.325969535657,25612.304802132337,25627.3846596338,25661.973923858583,25592.79539540902,30774
1767643200,25577,25613,25565,25586.75,,,,25548.425,25547.79,0,0,25593.31934902363,25564.98806619901,25566.166127593082,25612.050525494204,25618.85608097804,25653.449570561083,25584.262591394996,42871
1767646800,25587,25590.75,25573.25,25578.25,,,,25554.425,25547.725,0,0,25590.305479218903,25566.193696544553,25566.640004942372,25611.714201857445,25617.132392981945,25651.849673040844,25582.415112923045,9320
1767654000,25583,25598.75,25560.75,25565.5,,,,25559,25546.75,0,0,25585.344383375123,25566.13063322232,25566.5952988662,25611.254359052895,25616.357590519296,25651.216858632375,25581.498322406216,3860
1767657600,25566,25582.25,25552.25,25563.25,,,,25563.9625,25547.3,0,0,25580.9255067001,25565.868757474836,25566.46411067537,25610.776703738935,25615.394204632372,25650.602522919842,25580.1858863449,4087
1767661200,25563.5,25602.75,25555.25,25597.5,,,,25569.4625,25550.145,0,0,25584.24040536008,25568.744324977124,25567.681204374374,25610.64459723407,25614.853428796538,25649.97468225517,25579.732175337904,3898
1767664800,25598,25625.5,25592.25,25623.5,,,,25575.875,25553.92,0,0,25592.092324288064,25573.722113615568,25569.87017675185,25610.77251168945,25614.83930041246,25649.735202430962,25579.943398393956,2826
1767668400,25623.75,25629.25,25616,25620.25,,,,25581.575,25556.385,0,0,25597.72385943045,25577.9519214687,25571.845856094915,25610.866815055724,25614.898745749164,25649.65196487008,25580.145526628246,1892
1767672000,25620.75,25648,25620.5,25646.25,,,,25589.9875,25559.095,0,0,25607.429087544362,25584.16083769882,25574.76366565982,25611.218886547707,25615.235990525318,25649.84963576294,25580.622345287695,3262
1767675600,25647,25653.25,25638.5,25642.75,,,,25596.525,25560.84,0,0,25614.49327003549,25589.487125180745,25577.42979641826,25611.53262897012,25615.46070836977,25650.038278855205,25580.883137884335,1728
1767679200,25643,25674.25,25641.75,25668.25,,,,25604.3375,25562.13,0,0,25625.244616028394,25596.64738652795,25580.99137302931,25612.096980920665,25615.977208778644,25650.69954165548,25581.25487590181,2587
1767682800,25669.5,25670,25642.25,25646.75,,,,25608.9875,25562.56,0,0,25629.545692822714,25601.202169570864,25583.570142714434,25612.441787080657,25616.282364899707,25651.02294144324,25581.541788356175,1913
1767686400,25647.5,25647.75,25527.5,25572.25,,,,25609.225,25561.49,0,0,25618.08655425817,25598.57015415533,25583.12621554916,25612.041868801247,25614.76074068741,25649.42534635581,25580.09613501901,10947
1767690000,25572.5,25608,25557,25586.75,,,,25610.7,25560.445,0,0,25611.819243406535,25597.495594686665,25583.268324743312,25611.790208415165,25614.047997834852,25648.62173752693,25579.474258142774,5749
1767693600,25585.5,25597,25571.75,25592,,,,25611.5,25559.555,0,0,25607.85539472523,25596.995995169695,25583.61074338083,25611.593290918496,25613.77497665641,25648.28073971616,25579.269213596657,2529
1767697200,25593.5,25610.25,25590.25,25596.75,,,,25611.35,25558.74,0,0,25605.634315780182,25596.97363197245,25584.126008346288,25611.445596481495,25613.59545043045,25647.92770543305,25579.26319542785,3109
1767700800,25596,25649,25591.5,25641.25,,,,25610.1625,25557.36,0,0,25612.757452624144,25600.99875633859,25586.36616488173,25611.742157710534,25613.852937395804,25647.91062693461,25579.795247857,4890
1767704400,25640.25,25650.5,25590.5,25616.5,,,,25608.075,25555.03,0,0,25613.505962099316,25602.40796030781,25587.547883905976,25611.789499424856,25614.023428625467,25647.543375100093,25580.50348215084,8596
1767708000,25616.75,25761.25,25592.5,25753,,,,25614.3875,25555.475,0,0,25641.40476967945,25616.098145734373,25594.036202184172,25613.19457903257,25635.28839323993,25683.003260118578,25587.573526361284,85081
1767711600,25753,25779,25673,25687.5,,,,25618.125,25554.68,0,0,25650.623815743562,25622.589223394883,25597.701449157343,25613.93393645513,25649.41082346712,25701.98684565624,25596.834801277997,78191
1767715200,25687,25707.75,25639.25,25695.5,,,,25624.025,25554.53,0,0,25659.59905259485,25629.21747581353,25601.53668644529,25614.745539077467,25680.833333333332,25680.833333333332,25680.833333333332,61539
1767718800,25696,25785.5,25674.5,25760.25,,,,25632.7,25555.88,0,0,25679.729242075882,25641.129523466847,25607.76073795724,25616.193344658786,25705.36701244747,25734.551238955497,25676.182785939443,43489
1767722400,25759.75,25805.75,25745,25804.75,,,,25644.025,25557.315,0,0,25704.733393660706,25656.004112242586,25615.485807056957,25618.069530284072,25724.022618726274,25766.369791186433,25681.675446266116,32045
1767726000,25805,25821,25794,25807.75,,,,25656.1375,25565.97,0,0,25725.336714928566,25669.799192947805,25623.025579329234,25619.956898141943,25736.709953221005,25785.905445462766,25687.514460979244,24538
1767729600,25807.75,25837.75,25801.25,25813.5,,,,25668.65,25575.41,1,0,25742.969371942854,25682.862902679823,25630.49516445358,25621.88270015048,25753.371196567765,25808.047951932927,25698.694441202602,41988
1767733200,25813.5,25833,25809.75,25831.25,,,,25680.3375,25585.56,0,0,25760.625497554283,25696.35263879984,25638.36790310246,25623.9659568654,25756.83699023062,25812.3284694373,25701.345511023937,10403
1767740400,25831.25,25844.75,25815.5,25824.75,,,,25690.4,25596.155,0,0,25773.450398043427,25708.02512618167,25645.67700494158,25625.963808040866,25758.110505408866,25813.91269688108,25702.30831393665,3881
1767744000,25825.25,25842.25,25819,25829.5,,,,25700.8625,25604.755,0,0,25784.66031843474,25719.068296528792,25652.88574984583,25627.989043781752,25759.532113982084,25815.684178247695,25703.380049716474,4380
1767747600,25828.75,25835,25811.5,25817.5,,,,25709.425,25613.395,0,0,25791.22825474779,25728.016633207993,25659.34121063619,25629.874724938152,25760.541917269664,25816.781780769285,25704.302053770043,3692
1767751200,25815.75,25832.75,25801.75,25806.25,,,,25717.6,25621.63,0,0,25794.232603798235,25735.12875746181,25665.10233963085,25631.629702799462,25761.22342679645,25817.419216711234,25705.027636881663,2941
1767754800,25807.25,25822,25796.75,25799.5,,,,25724.1625,25628.48,0,0,25795.286083038587,25740.980688601645,25670.372836115912,25633.300054015388,25761.748519762645,25817.822418816984,25705.674620708305,2711
1767758400,25800,25804,25780.5,25785.75,,,,25731.1125,25634.86,0,0,25793.37886643087,25745.050626001495,25674.897430778034,25634.816968900806,25762.122526504907,25817.91891152193,25706.326141487883,3098
1767762000,25785.75,25794.25,25775.5,25783.5,,,,25741.675,25641.365,0,0,25791.403093144698,25748.546023637722,25679.156355061248,25636.29640204607,25762.33841279888,25817.90689135331,25706.76993424445,2295
1767765600,25782.75,25799.75,25768.25,25769.25,,,,25750.8,25647.27,0,0,25786.97247451576,25750.42820330702,25682.689439176494,25637.61932341875,25762.536417246232,25817.805025501642,25707.267808990822,2836
1767769200,25768.75,25779.5,25764.75,25766.5,,,,25759.525,25653.32,0,0,25782.877979612607,25751.889275733654,25685.97612783624,25638.901718210604,25762.606119735177,25817.62929036821,25707.582949102143,2187
1767772800,25766,25788,25753.5,25753.75,,,,25767.375,25658.645,0,0,25777.052383690087,25752.05843248514,25688.63392674462,25640.044487183633,25762.65213729975,25817.16287381772,25708.141400781777,4581
1767776400,25753.75,25758.75,25727,25753,,,,25772.9625,25663.8,0,0,25772.24190695207,25752.144029531944,25691.158086480125,25641.168422634542,25762.23122737216,25816.10046510872,25708.361989635603,6495
1767780000,25752.5,25762,25727.75,25739.5,,,,25779.1125,25668.465,0,0,25765.693525561655,25750.994572301766,25693.053847794632,25642.14684628992,25761.986994982493,25815.554688990713,25708.419300974274,3270
1767783600,25740.25,25768.5,25732,25768,,,,25779.8625,25674.265,0,0,25766.154820449323,25752.54052027433,25695.992912587,25643.399116476092,25761.89766641702,25815.057516250276,25708.73781658376,3996
1767787200,25768,25782.25,25753,25766.25,,,,25783.8,25679.35,0,0,25766.17385635946,25753.786836613028,25698.748092485548,25644.621513327074,25762.005366544017,25814.62439107613,25709.386342011905,5433
1767790800,25765,25793.75,25755.25,25788.75,,,,25788.4625,25684.885,0,0,25770.689085087568,25756.965306011843,25702.277579054742,25646.05562762233,25762.62200818656,25814.39080749423,25710.853208878892,9857
1767794400,25788.25,25880,25761.5,25855,,,,25793.2,25690.91,0,0,25787.551268070056,25765.877550919857,25708.266693601614,25648.1346761037,25776.291470412216,25830.300905402804,25722.282035421627,67437
1767798000,25857.25,25911.25,25810.75,25905,,,,25798.2125,25697.66,0,0,25811.041014456045,25778.52504629078,25715.98172522508,25650.690549973315,25795.33957317313,25857.693141979467,25732.98600436679,81358
1767801600,25905.5,25971,25879.25,25970.25,,,,25806.3375,25705.92,0,0,25842.882811564836,25795.95458753707,25725.953030118213,25653.87024599348,25940.166666666668,25940.166666666668,25940.166666666668,57058
1767805200,25969.75,25996.25,25960,25971,,,,25814.2125,25713.82,0,0,25868.50624925187,25811.867806851882,25735.562715211618,25657.025765933842,25955.257511068947,25972.842986942152,25937.67203519574,42018
1767808800,25971,25979,25926,25955.5,,,,25820.425,25720.935,0,0,25885.904999401497,25824.925278956256,25744.187706771947,25659.995658810123,25954.74488587348,25969.566706805374,25939.923064941584,40798
1767812400,25956,25956.25,25890,25902.75,,,,25824.325,25725.69,0,0,25889.273999521196,25832.000253596598,25750.405835918144,25662.411124891616,25946.07091172081,25966.759567694487,25925.382255747132,40799
1767816000,25902.75,25913.5,25814.5,25835,,,,25824.6,25729.225,0,0,25878.419199616957,25832.27295781509,25753.72325411743,25664.1284271315,25921.341635334546,25965.723025531996,25876.960245137096,66677
1767819600,25835,25839.25,25820,25835.75,,,,25825.5125,25733.405,0,0,25869.885359693566,25832.58905255917,25756.93998925008,25665.836104473477,25916.886172817685,25964.336526038245,25869.435819597125,12932
1767826800,25838.75,25849.75,25818.75,25822.75,,,,25826.3375,25737.605,0,0,25860.458287754853,25831.69459323561,25759.520773985372,25667.397436767274,25915.691650753237,25963.881850076905,25867.50145142957,3646
1767830400,25822.75,25843.5,25805.75,25842.5,,,,25828.4875,25742.905,0,0,25856.866630203884,25832.676902941465,25762.774861280064,25669.13975082929,25914.543563133324,25963.4042005732,25865.682925693447,3609
1767834000,25842,25844.5,25817,25837.75,,,,25831.0875,25747.925,0,0,25853.043304163108,25833.13809358315,25765.715062798492,25670.817464751388,25913.443309365783,25962.875414586742,25864.011204144823,3663
1767837600,25837,25840.5,25774,25786.25,,,,25831.225,25752.085,0,0,25839.684643330485,25828.875539621047,25766.520354453452,25671.966047191672,25911.58848896336,25962.676701335047,25860.500276591672,4518
1767841200,25786.5,25795.25,25769.75,25776.75,,,,25831.6,25756.31,0,0,25827.09771466439,25824.13685420095,25766.921517023904,25673.008673587774,25910.119846580885,25962.760027144697,25857.479666017072,3126
1767844800,25776.25,25794,25772.75,25778.5,,,,25832.2,25760.615,0,0,25817.37817173151,25819.988049273594,25767.37557517983,25674.0583385272,25909.250165630143,25962.758110476414,25855.74222078387,1902
1767848400,25779.25,25784.75,25737.25,25738.25,,,,25831.425,25763.43,0,0,25801.552537385207,25812.55731752145,25766.233395761014,25674.69706152693,25907.426162532138,25963.198036145706,25851.65428891857,3325
1767852000,25738.5,25742.5,25670,25705.75,,,,25829.0625,25765.075,0,0,25782.392029908166,25802.847561383136,25763.861497888032,25675.00604598935,25901.817439281887,25966.01769133094,25837.617187232834,8140
1767855600,25705.75,25805.25,25680.5,25749.75,,,,25829.575,25767.665,0,0,25775.863623926532,25798.020510348306,25763.30810581399,25675.74976692478,25896.681577881784,25965.70839286708,25827.654762896487,9905
1767859200,25749,25803.5,25747.5,25780.5,,,,25830.2,25770.35,0,0,25776.790899141226,25796.427736680278,25763.982297742852,25676.79205780115,25894.186374198693,25964.593851800917,25823.77889659647,6442
1767862800,25780.75,25795.5,25751,25770,,,,25830.3875,25772.895,0,0,25775.43271931298,25794.02521516389,25764.21828606666,25677.719500012085,25892.494689129933,25963.85324198485,25821.136136275018,4338
1767866400,25769,25774.25,25744,25772.25,,,,25829.5625,25774.975,0,0,25774.796175450385,25792.04565014899,25764.53325524052,25678.660102002013,25891.129456620383,25963.326372285148,25818.93254095562,3347
1767870000,25772.75,25786,25738.75,25771.75,,,,25825.4,25777.475,0,0,25774.18694036031,25790.200591044537,25764.81626483893,25679.586369643785,25888.970001460653,25962.382713432544,25815.557289488763,5531
1767873600,25770.25,25778,25746.5,25767,,,,25818.5,25781.37,0,0,25772.749552288245,25788.091446404123,25764.901901511912,25680.456157010514,25886.954673624,25961.458092041565,25812.451255206437,5267
1767877200,25766.5,25818,25758,25799.5,,,,25809.9625,25785.625,0,0,25778.099641830595,25789.128587640113,25766.258689687915,25681.640672861155,25884.55719748115,25959.611571495527,25809.502823466773,8456
1767880800,25799.5,25811,25597.25,25603.25,,,,25791.575,25785.85,0,0,25743.129713464477,25772.230534218284,25759.866192053094,25680.86066616602,25834.79628144708,25946.596001120477,25722.996561773685,101613
1767884400,25603.75,25713.5,25569,25684.25,,,,25778.0125,25787.6,0,0,25731.35377077158,25764.232303834804,25756.900851188268,25680.894390880785,25801.292044800004,25923.947207944202,25678.636881655806,100509
1767888000,25684.25,25686.5,25583.75,25671.25,,,,25766.4375,25788.2,0,0,25719.333016617264,25755.779367122548,25753.541994278923,25680.79842679242,25647.166666666668,25647.166666666668,25647.166666666668,60365
1767891600,25670.75,25703.75,25627,25680.5,,,,25758.7125,25789.48,0,0,25711.56641329381,25748.935788293227,25750.677602346415,25680.795457371598,25655.797170515587,25667.02987356163,25644.564467469543,35636
1767895200,25681,25684.75,25619.25,25631.75,,,,25748.5125,25787.055,0,0,25695.60313063505,25738.282534812024,25746.013774803418,25680.307442870388,25652.9628192921,25663.64587594154,25642.27976264266,35279
1767898800,25631.25,25657.75,25595,25634.25,,,,25739.0875,25785.99,0,0,25683.33250450804,25728.825031647295,25741.63088167387,25679.849159856753,25647.95574707103,25661.56432213485,25634.347172007212,34677
1767902400,25633.5,25700,25625.5,25682.5,,,,25731.0875,25785.73,0,0,25683.16600360643,25724.613665133904,25739.312023569015,25679.87553637559,25652.49864011591,25667.408924999705,25637.588355232117,44784
1767906000,25682.75,25741.75,25680.75,25712,,,,25724.8,25784.765,0,0,25688.932802885145,25723.46696830355,25738.240963821212,25680.195182779815,25656.002195615467,25676.09087071829,25635.913520512644,13304
1767913200,25725,25727.25,25671.75,25675.75,,,,25719.275,25782.185,0,0,25686.296242308115,25719.129062094136,25735.790337789007,25680.15095210539,25656.553338167014,25676.964375094434,25636.142301239594,3525
1767916800,25675.25,25695,25664.25,25666,,,,25713.7375,25779.35,0,0,25682.23699384649,25714.299147358306,25733.05346179728,25680.010146611803,25656.858933412856,25677.2380651799,25636.47980164581,3816
1767920400,25666.5,25679.25,25627.5,25651.75,,,,25707.4,25776.115,0,0,25676.13959507719,25708.612861234822,25729.865090746407,25679.72895112313,25656.770253763767,25676.932330161544,25636.60817736599,5212
1767924000,25651.5,25694,25649.5,25684,,,,25704.6875,25773.17,0,0,25677.711676061754,25706.375328395294,25728.066459736743,25679.771449121905,25657.1040743586,25677.24465535488,25636.963493362324,4217
1767927600,25682.75,25690.5,25666,25674.5,,,,25703.125,25770.165,0,0,25677.069340849404,25703.47757126845,25725.96581425687,25679.718996891836,25657.292300625904,25677.42970130939,25637.15489994242,2300
1767931200,25675.25,25680.75,25657,25677.25,,,,25699.5,25767.12,0,0,25677.105472679523,25701.09324660768,25724.055390168363,25679.694429758583,25657.405223636957,25677.503474380752,25637.306972893162,1925
1767934800,25678.25,25695.25,25666.75,25693.5,,,,25695.15,25764.64,0,0,25680.38437814362,25700.40295146153,25722.857139573527,25679.831798616706,25657.684708778394,25677.872672158406,25637.49674539838,2492
1767938400,25693.25,25702.5,25672.5,25689.75,,,,25691.1375,25762.31,0,0,25682.257502514894,25699.434501328662,25721.558820374565,25679.930487187685,25657.9070722343,25678.188493698046,25637.62565077055,1814
1767942000,25691.5,25691.75,25652.25,25672.75,,,,25686.1625,25759.775,0,0,25680.356002011915,25697.00863757151,25719.644748987328,25679.859039553976,25658.06105618417,25678.28739722129,25637.83471514705,2706
1767945600,25673.75,25701.75,25665.25,25674.5,,,,25681.3,25757.55,0,0,25679.184801609532,25694.962397792282,25717.8743666741,25679.80571577732,25658.50060420297,25678.767840355875,25638.233368050067,5036
1767949200,25674.25,25725.25,25662.75,25721.75,,,,25679.0375,25756.315,0,0,25687.697841287627,25697.39763435662,25718.026352294724,25680.223071839235,25659.295111786094,25680.232887669445,25638.357335902743,4647
1767952800,25722.5,25738,25717,25727.75,,,,25675.45,25755.485,0,0,25695.7082730301,25700.1569403242,25718.40767181258,25680.695976597053,25660.08808139169,25682.15211340683,25638.024049376545,3075
1767956400,25729,25767.25,25721.25,25740.5,,,,25682.3125,25754.965,0,0,25704.666618424082,25703.824491203817,25719.27403762385,25681.291041506534,25661.3956128842,25685.599839328963,25637.191386439437,4243
1767960000,25740,25753.75,25712,25748.75,,,,25685.5375,25754.865,0,0,25713.483294739264,25707.908628367106,25720.42995771703,25681.96227492438,25662.727731029005,25688.731051552204,25636.724410505805,4751
1767963600,25749,25807.5,25726.5,25804.75,,,,25692.2125,25755.9,0,0,25731.73663579141,25716.712389424643,25723.736626041853,25683.18404333309,25669.885622450027,25707.567960414137,25632.203284485917,17866
1767967200,25805.25,25824.75,25648.5,25734.75,,,,25694.925,25755.805,0,0,25732.339308633127,25718.35217220422,25724.16852305982,25683.69713742928,25686.041372726308,25729.40144351051,25642.681301942106,94321
1767970800,25734,25879,25615.5,25812.25,,,,25703.95,25756.69,0,0,25748.321446906502,25726.888338367473,25727.622698626103,25684.976270390183,25705.313815527425,25756.972952924476,25653.654678130373,116960
1767974400,25811.75,25920.5,25810.75,25910.25,,,,25717.75,25759.57,0,0,25780.7071575252,25743.557580334065,25734.784553581943,25687.21780003804,25880.5,25880.5,25880.5,61919
1767978000,25909.75,25936,25885.5,25923.5,,,,25729.8,25762.265,0,0,25809.26572602016,25759.91598212188,25742.185159323828,25689.56886670433,25893.91437751083,25910.732537345546,25877.096217676117,39392
1767981600,25923.5,25967.75,25882,25961.25,,,,25742.2625,25764.39,0,0,25839.662580816126,25778.219074656252,25750.77593738956,25692.272161562993,25906.35712079411,25930.491065337323,25882.223176250896,41138
1767985200,25961.25,25972.75,25948,25954.5,,,,25756.2,25765.38,0,0,25862.6300646529,25794.244613323866,25758.76511631546,25694.881393786247,25913.66588972567,25942.436519670377,25884.895259780966,23265
1767988800,25954.25,25985.5,25930.25,25933.25,,,,25769.5625,25764.64,0,0,25876.75405172232,25806.881466658062,25765.607660773676,25697.25322071375,25921.15734209759,25950.637469454723,25891.67721474046,43545
1767992400,25933,25943,25923.25,25931.75,,,,25783.5625,25763.855,0,0,25887.753241377857,25818.233151507327,25772.12304662569,25699.58652200018,25921.88210558446,25950.55555531477,25893.20865585415,14063
1768172400,25949,25960,25870,25894.25,,,,25794.075,25762.63,0,0,25889.052593102286,25825.14377409757,25776.912338914877,25701.52347203003,25921.497149564777,25949.858986041116,25893.135313088438,6409
1768176000,25893.25,25902.75,25772.5,25789.5,,,,25799.825,25760.365,0,0,25869.142074481828,25821.90343099779,25777.405972682922,25702.398860368037,25916.57692236063,25951.67922526408,25881.474619457178,11899
1768179600,25789.75,25797,25723.25,25778.5,,,,25804.8875,25759.235,0,0,25851.013659585464,25817.957664543446,25777.448875714963,25703.156085638006,25908.65486705714,25956.564958652874,25860.744775461404,13442
1768183200,25777.5,25778.25,25731.5,25748,,,,25807.6125,25757.48,0,0,25830.41092766837,25811.59787685768,25776.29401784379,25703.60229374111,25903.46825696129,25958.255824702934,25848.680689219644,8768
1768186800,25748.25,25753.25,25710.25,25737.75,,,,25810.0125,25755.78,0,0,25811.878742134697,25804.88443350698,25774.782487732267,25703.94207191284,25899.8299084514,25959.341129802862,25840.318687099938,5780
1768190400,25738.25,25739.5,25715,25727,,,,25812.725,25753.47,0,0,25794.902993707758,25797.80403046089,25772.908664683942,25704.17150403311,25897.90731880709,25959.79766087552,25836.01697673866,3036
1768194000,25727,25742.5,25676.25,25698.75,,,,25813.9375,25750.69,0,0,25775.672394966205,25788.79911860081,25770.00048175516,25704.11755871935,25893.52978185163,25961.09281930099,25825.96674440227,6359
1768197600,25699.75,25726,25696.75,25716.75,,,,25813.6875,25749.3,0,0,25763.887915972962,25782.249198728012,25767.912227568682,25704.24325465249,25891.485931134757,25961.32499391442,25821.646868355096,3198
1768201200,25718,25746.25,25715.75,25731.5,,,,25813.875,25748.395,0,0,25757.41033277837,25777.635635207283,25766.484297075793,25704.514466048982,25889.203407803536,25961.09759799537,25817.309217611702,4076
1768204800,25731.75,25750,25632.75,25660.5,,,,25809.875,25746.035,0,0,25738.028266222696,25766.98694109753,25762.328050131644,25704.076511162923,25879.681696748492,25962.284928970756,25797.07846452623,13726
1768208400,25660,25706.5,25660,25698,,,,25807.3375,25745.23,0,0,25730.02261297816,25760.715400997753,25759.80538149903,25704.01604836528,25874.825693857878,25961.754982175138,25787.896405540618,7805
1768212000,25698.5,25723,25686.25,25707.25,,,,25802.4625,25745.26,0,0,25725.46809038253,25755.854909997957,25757.74438614613,25704.04822698851,25872.269059488037,25960.97627837814,25783.561840597933,4719
1768215600,25707.5,25733,25705.25,25718.75,,,,25801.6625,25744.64,0,0,25724.124472306023,25752.48173636178,25756.215194532557,25704.194513287133,25869.938378785726,25959.944493115217,25779.932264456234,4826
1768219200,25718.5,25761.5,25713.5,25752.75,,,,25798.6875,25744.085,0,0,25729.84957784482,25752.506123965253,25756.079304550887,25704.677652458406,25866.687614248836,25957.77961225604,25775.595616241633,8313
1768222800,25752.5,25763,25728.25,25743.5,,,,25790.35,25743.555,0,0,25732.579662275857,25751.687385422956,25755.585998490067,25705.063944473746,25863.150876513024,25955.210172940948,25771.0915800851,9742
1768226400,25743.75,25924,25719.75,25901,,,,25789.225,25746.13,0,0,25766.263729820686,25765.261259475414,25761.288508353202,25707.013556966544,25860.17257799808,25942.734722299174,25777.610433696987,83789
1768230000,25901.25,25933.5,25863.75,25915.5,,,,25786.9375,25749.005,0,0,25796.11098385655,25778.91932679583,25767.336017829548,25709.088048937025,25866.494197474858,25944.4528817265,25788.535513223214,70190
1768233600,25915.5,25969.5,25901,25961,,,,25787.2625,25752.885,0,0,25829.08878708524,25795.472115268934,25774.930683797018,25711.594635514764,25943.833333333332,25943.833333333332,25943.833333333332,46831
1768237200,25961,25974,25938.25,25968,,,,25789,25756.255,0,0,25856.87102966819,25811.156468426303,25782.502029530468,25714.145932673822,25949.765617726676,25957.58914782781,25941.942087625543,26926
1768240800,25968.5,25997.5,25965,25978.5,,,,25791.3375,25763.76,0,0,25881.19682373455,25826.369516751183,25790.18822445084,25716.776321403435,25957.717393921157,25972.7214660187,25942.713321823616,25933
1768244400,25978.5,26016.5,25962,26014.75,,,,25797.3625,25770.37,0,0,25907.90745898764,25843.49501522835,25798.994568590024,25719.741233628276,25966.17381792575,25987.259104568144,25945.08853128336,26698
1768248000,26015,26020.5,25950.5,25952.25,,,,25805.5,25775.99,0,0,25916.77596719011,25853.38183202577,25805.00458550806,25722.054753691675,25968.319043758867,25986.811323323866,25949.82676419387,44465
1768251600,25952.25,25974,25932.75,25942.25,,,,25813.6875,25781.225,0,0,25921.87077375209,25861.460756387063,25810.38675862539,25724.24575116738,25967.058999750774,25985.519184495406,25948.598815006142,12378
1768258800,25953.5,25954,25893.5,25895.5,,,,25821.0625,25786.5,0,0,25916.59661900167,25864.555233079147,25813.724532796943,25725.949773543824,25965.433659598333,25985.76415088651,25945.103168310157,5828
1768262400,25895.25,25898.25,25871.5,25875.25,,,,25827.9375,25791.32,0,0,25908.327295201336,25865.527484617407,25816.13729621667,25727.43534793642,25963.272849732482,25987.33531644799,25939.210383016976,5006
1768266000,25875,25891.25,25845.75,25878.75,,,,25835.525,25795.245,0,0,25902.411836161067,25866.72953147037,25818.592696365038,25728.940966364917,25960.460472342504,25988.924422519016,25931.99652216599,6164
1768269600,25879.75,25897.75,25874.25,25878.25,,,,25844.5,25798.57,0,0,25897.579468928852,25867.776846791246,25820.93219846837,25730.426628391135,25959.015912784955,25989.08604769734,25928.94577787257,3826
1768273200,25877.75,25892.25,25861.5,25882.25,,,,25852.775,25802.7,0,0,25894.513575143083,25869.092587992043,25823.33681813628,25731.937308705652,25957.82268588478,25989.211156460093,25926.43421530947,3076
1768276800,25883.5,25891.75,25869,25885,,,,25860.45,25807.08,0,0,25892.610860114466,25870.538716356405,25825.754982130933,25733.460320559327,25956.990150950845,25989.191569299648,25924.788732602043,2297
1768280400,25884.5,25907.25,25877.5,25901.5,,,,25872.5,25812.075,0,0,25894.388688091574,25873.35337850582,25828.725374988542,25735.132357170678,25956.208153012576,25988.93888605051,25923.477419974643,2694
1768284000,25902,25932.75,25900.75,25917,,,,25883.45,25816.735,0,0,25898.91095047326,25877.32125318711,25832.187124988992,25736.941985457535,25955.64245123459,25988.473287203127,25922.811615266055,3092
1768287600,25916.25,25925.25,25906.5,25917.25,,,,25893.95,25821.59,0,0,25902.57876037861,25880.95113926101,25835.52292400903,25738.736095054974,25955.195350421858,25988.104003341625,25922.28669750209,2476
1768291200,25917.25,25924.25,25895.5,25906.25,,,,25903.325,25826.17,0,0,25903.31300830289,25883.25103569183,25838.296534832207,25740.4029000793,25954.278463009498,25987.496820662156,25921.06010535684,4376
1768294800,25907,25936.75,25893.5,25909.75,,,,25911.175,25830.495,0,0,25904.600406642312,25885.66003244712,25841.098631505454,25742.087945849657,25953.509552277937,25986.880636938393,25920.138467617482,4250
1768298400,25908.75,25914.25,25871.75,25878,,,,25917.9,25834.26,0,0,25899.280325313848,25884.963665861018,25842.545743995437,25743.44030459742,25952.357288483356,25986.536199562008,25918.178377404703,4052
1768302000,25878.5,25900.75,25870.5,25900.5,,,,25917.875,25838.815,0,0,25899.524260251077,25886.37605987365,25844.818459917184,25745.003087636254,25951.179136132607,25986.069094404964,25916.28917786025,4479
1768305600,25901.25,25918.75,25888.25,25895.25,,,,25916.8625,25843.23,0,0,25898.66940820086,25887.18278170332,25846.796167371413,25746.498081789126,25950.13238854721,25985.398982350387,25914.86579474403,4978
1768309200,25895.25,26045.5,25887,25971.25,,,,25917.375,25848.22,0,0,25913.18552656069,25894.825256093925,25851.676709827436,25748.734419283763,25951.987438718625,25985.803860082877,25918.171017354372,27929
1768312800,25970.25,26042.75,25930.75,25948.75,,,,25916.4125,25852.64,0,0,25920.298421248553,25899.727505539933,25855.48350552048,25750.72462406701,25957.362740263008,25988.269622466436,25926.45585805958,86077
1768316400,25947.25,25969.75,25809.25,25894.5,,,,25912.2125,25855.72,0,0,25915.138736998844,25899.252277763575,25857.01356412752,25752.155224822563,25942.260594475898,25981.105586595735,25903.41560235606,104584
1768320000,25894.5,26025.75,25847.25,26008.5,,,,25911.9,25860.915,0,0,25933.810989599075,25909.183888875978,25862.954208671537,25754.705919102937,25960.5,25960.5,25960.5,66405
1768323600,26008.75,26018.25,25857.75,25877.25,,,,25908.15,25862.365,0,0,25922.49879167926,25906.28080806907,25863.51482793932,25755.925263191464,25940.525191543984,25961.854281741158,25919.19610134681,58240
1768327200,25876.5,25910.75,25833.75,25839.75,,,,25903.025,25864.465,0,0,25905.949033343408,25900.232552790065,25862.582873902484,25756.759340174634,25918.69742791362,25958.443067842898,25878.95178798434,47498
1768330800,25840.25,25885.25,25821.25,25866.25,,,,25901.5625,25865.545,0,0,25898.009226674727,25897.14322980915,25862.726682769055,25757.84879947638,25906.60509219997,25949.732033815057,25863.478150584884,42463
1768334400,25866,25912,25803.25,25903.75,,,,25902.9875,25865.415,0,0,25899.15738133978,25897.743845281046,25864.335440307525,25759.30055271542,25900.107546877858,25941.051990978765,25859.16310277695,51440
1768338000,25904.25,25926.5,25896,25898.25,,,,25903.9625,25864.91,0,0,25898.975905071824,25897.789859346405,25865.665423040562,25760.68313428044,25900.43874054764,25940.40186124925,25860.47561984603,13602
1768345200,25900.75,25913.75,25886.5,25891,,,,25904.6,25863.505,0,0,25897.38072405746,25897.17259940582,25866.658935862502,25761.97981951148,25900.40551257767,25940.171655313407,25860.63936984193,2797
1768348800,25891,25924.75,25882.5,25907.25,,,,25905.85,25862.56,0,0,25899.35457924597,25898.088726732563,25868.250742299268,25763.425293944205,25900.45850095266,25939.988916135797,25860.928085769523,3421
1768352400,25906.75,25924.5,25879,25886.5,,,,25905.925,25861.625,0,0,25896.783663396775,25897.035206120512,25868.966399464003,25764.649917885057,25900.408628375608,25939.680594793947,25861.13666195727,3810
1768356000,25885.5,25898.75,25876,25894,,,,25905.55,25860.87,0,0,25896.22693071742,25896.759278291374,25869.948109288944,25765.93698337874,25900.337681663907,25939.490491324093,25861.18487200372,1911
1768359600,25893,25925.75,25890,25915,,,,25905.45,25861.285,0,0,25899.981544573937,25898.417525719433,25871.714850101143,25767.420197474472,25900.424450926133,25939.416452310346,25861.43244954192,2575
1768363200,25914.75,25919.25,25873.25,25882,,,,25903.6875,25863.135,0,0,25896.38523565915,25896.925023381304,25872.118189312863,25768.56029501204,25900.351063662405,25939.19077810458,25861.51134922023,2439
1768366800,25881.5,25883.25,25852.75,25856.25,,,,25901.1875,25864.69,0,0,25888.35818852732,25893.227293983004,25871.495907379027,25769.43282939003,25899.99833257655,25938.812250496965,25861.184414656134,2913
1768370400,25856.5,25863.75,25835.5,25859.5,,,,25898.675,25866.92,0,0,25882.586550821856,25890.161176348185,25871.025479638673,25770.329020142366,25899.435473557696,25938.35453544835,25860.516411667042,3624
1768374000,25861.25,25871.75,25848.75,25862.75,,,,25897.9125,25869.42,0,0,25878.619240657485,25887.669251225623,25870.700951025392,25771.248631882245,25899.163631147734,25938.077754232523,25860.249508062945,2164
1768377600,25862.25,25876,25840.25,25858,,,,25895.7875,25872.04,0,0,25874.495392525987,25884.97204656875,25870.20287451459,25772.11182957496,25898.67068352696,25937.608393954706,25859.732973099217,3708
1768381200,25858.5,25879,25835.75,25852,,,,25893.625,25875.105,0,0,25869.99631402079,25881.974587789773,25869.48903629833,25772.906736743367,25898.14372306895,25937.131290355188,25859.156155782715,3826
1768384800,25852.75,25852.75,25712.25,25737.5,,,,25881.9375,25875.52,0,0,25843.497051216633,25868.840534354338,25864.31299565918,25772.554430905126,25893.057773541663,25938.8773789702,25847.238168113126,12672
1768388400,25737.75,25769.25,25714.25,25743,,,,25871.65,25875.75,0,0,25823.397640973308,25857.40048577667,25859.55562328039,25772.26035696577,25889.719667269495,25940.173000293522,25839.26633424547,7364
1768392000,25743,25784.5,25701.25,25779.75,,,,25865.9125,25878.135,0,0,25814.668112778647,25850.341350706065,25856.425990994885,25772.334880777056,25886.64860079985,25940.418747255433,25832.878454344267,7775
1768395600,25779,25805.5,25732.5,25754.75,,,,25853.225,25879.27,0,0,25802.684490222917,25841.651227914605,25852.43869723038,25772.159906838977,25881.47865624502,25939.574894295714,25823.382418194327,15023
1768399200,25754.25,25790.25,25582,25585,,,,25838.6125,25876.825,0,0,25759.147592178335,25818.319298104187,25841.95090518213,25770.297619208737,25830.17560765404,25938.521398901656,25721.829816406425,102650
1768402800,25586.25,25693.5,25469.5,25492,,,,25821.225,25872.29,0,0,25705.718073742668,25788.653907367443,25828.227340273028,25767.528488669348,25769.597479621912,25919.221532926662,25619.973426317163,127399
1768406400,25491.75,25592.25,25440,25460.25,,,,25800.925,25866.44,0,0,25656.624458994134,25758.799006697674,25813.796856340752,25764.470991269653,25497.5,25497.5,25497.5,72987
1768410000,25459.5,25509,25433.25,25449.75,,,,25778.225,25860.565,0,0,25615.249567195307,25730.70364245243,25799.52050903327,25761.339439117717,25482.971489203217,25499.573521785744,25466.36945662069,55894
1768413600,25449.75,25526,25420.75,25515,,,,25759.0625,25852.845,0,0,25595.199653756245,25711.0942204113,25788.362842012357,25758.88830042003,25484.1638967864,25498.39382510615,25469.933968466645,49797
1768417200,25515.25,25534,25486,25500.5,,,,25739.5375,25844.545,0,0,25576.259723004994,25691.949291283003,25777.074103109913,25756.317272555152,25487.91729283806,25503.40805409503,25472.42653158109,35454
1768420800,25500,25644.25,25460.5,25636.5,,,,25726,25838.055,0,0,25588.307778403996,25686.908446620913,25771.561393184034,25755.125060887938,25516.07225494241,25560.553014881465,25471.591495003355,93697
1768424400,25637,25659,25553.25,25612,,,,25712.275,25830.935,0,0,25593.0462227232,25680.098587837194,25765.304083647407,25753.700930928855,25521.878098232395,25570.398068772847,25473.358127691943,20732
1768431600,25593,25615.25,25563.5,25605.25,,,,25697.8375,25823.47,0,0,25595.48697817856,25673.294170761084,25759.027452916136,25752.22380723802,25523.042403160212,25572.03141335417,25474.053392966256,5341
1768435200,25605,25610.75,25586,25603.25,,,,25682.25,25815.24,0,0,25597.03958254285,25666.92651887371,25752.918533193933,25750.741480797842,25523.902962289518,25573.28486766899,25474.521056910045,3776
1768438800,25602.5,25643,25562.5,25629.75,,,,25669.6375,25808.79,0,0,25603.58166603428,25663.546835339737,25748.088394637307,25749.53758546652,25525.992563008447,25576.586688363604,25475.39843765329,8228
1768442400,25630.25,25634.25,25595.75,25609,,,,25657.275,25802.125,0,0,25604.665332827422,25658.588032127034,25742.633947788785,25748.139201531532,25526.776018553268,25577.808056080114,25475.743981026422,3143
1768446000,25609.75,25627.25,25579.5,25581.5,,,,25643.375,25795.845,0,0,25600.032266261936,25651.580029206394,25736.314969444127,25746.481100023757,25527.487040182383,25578.734724885642,25476.239355479123,3618
1768449600,25581.5,25599.75,25569.5,25578.25,,,,25629.15,25789.905,0,0,25595.675813009548,25644.913662914903,25730.116343191417,25744.80715872999,25528.030550049694,25579.313906470175,25476.747193629213,3519
1768453200,25578,25647.5,25576.5,25622.75,,,,25617.3875,25784.785,0,0,25601.090650407637,25642.898784468092,25725.905898360383,25743.592659638147,25529.541059553012,25581.642656351527,25477.439462754497,6253
1768456800,25622,25723,25611.25,25700.75,,,,25609.825,25781.235,0,0,25621.02252032611,25648.157985880083,25724.919392542328,25743.16636451737,25533.80312534338,25590.83659117959,25476.76965950717,10688
1768460400,25700.5,25708,25677.75,25689,,,,25607.4,25777.37,0,0,25634.618016260887,25651.870896254622,25723.510788913216,25742.6273957162,25536.026456340605,25595.632111993727,25476.420800687483,5333
1768464000,25689,25747.25,25673.75,25738.25,,,,25607.1625,25774.435,0,0,25655.34441300871,25659.723542049658,25724.08879719113,25742.583839539922,25540.36578542282,25605.53731030565,25475.194260539985,9155
1768467600,25737.5,25832.75,25733.25,25812.75,,,,25608.8125,25772.66,0,0,25686.825530406968,25673.635038226963,25727.5657071052,25743.282010290768,25547.68327671741,25624.616737579086,25470.749815855732,11566
1768471200,25812.25,25830.25,25800,25817,,,,25611.925,25770.66,0,0,25712.860424325576,25686.668216569968,25731.072934277545,25744.015522626185,25551.05053093025,25633.121968027255,25468.979093833244,5078
1768474800,25817.75,25855.75,25816.25,25842.5,,,,25624.8,25769.165,0,0,25738.78833946046,25700.834742336334,25735.442623129406,25744.995467674682,25555.221990977177,25643.64230023737,25466.801681716985,5960
1768478400,25841.25,25854.25,25811.25,25852.75,,,,25642.8375,25768.095,0,0,25761.58067156837,25714.64522030576,25740.04291241845,25746.06765207593,25560.92130897039,25657.09093695172,25464.751680989062,8395
1768482000,25852,25916.75,25834,25893.75,,,,25664.5125,25767.775,0,0,25788.014537254694,25730.927473005235,25746.070641343216,25747.537128174677,25572.850301944447,25685.039114314295,25460.6614895746,16179
1768485600,25893.75,25952.75,25843,25864,,,,25685.225,25767.495,0,0,25803.211629803754,25743.024975459306,25750.695322074855,25748.6959627202,25632.240440546266,25791.32902590708,25473.15185518545,101526
1768489200,25863.5,25925.75,25803.25,25884.25,,,,25703.6875,25767.17,0,0,25819.419303843002,25755.863614053913,25755.93276042486,25750.044759111046,25667.7650923426,25837.375202867002,25498.1549818182,93708
1768492800,25884.5,25937.25,25877.25,25924.75,,,,25724.9,25767.76,0,0,25840.4854430744,25771.216921867195,25762.55304432977,25751.783119716907,25913.083333333332,25913.083333333332,25913.083333333332,52781
1768496400,25924.5,25938,25849.25,25853.5,,,,25735.75,25765.405,0,0,25843.08835445952,25778.69720169745,25766.119591610954,25752.79522797843,25899.03300257597,25915.278229530984,25882.787775620953,39482
1768500000,25853.25,25911,25848.75,25886,,,,25749.45,25764.15,0,0,25851.670683567616,25788.452001543137,25770.8207840968,25754.12064859556,25894.752075290227,25910.653319870922,25878.850830709533,30772
1768503600,25885,25885,25746.25,25757.5,,,,25757.0625,25761.41,0,0,25832.836546854094,25785.638183221035,25770.29840040673,25754.15427398267,25859.90194399801,25908.70429797963,25811.09959001639,67363
1768507200,25756,25771.75,25676.5,25719.25,,,,25762.8625,25755.625,0,0,25810.119237483275,25779.602893837306,25768.296502351564,25753.806967773886,25819.985654734843,25894.692030134076,25745.27927933561,77960
1768510800,25718.5,25727.25,25693.75,25707,,,,25766.725,25752.22,0,0,25789.49538998662,25773.002630761188,25765.892717945622,25753.34122680101,25814.685800414863,25891.315318757108,25738.05628207262,13500
1768518000,25720.5,25750.75,25704.25,25741.5,,,,25773.35,25750.255,0,0,25779.896311989294,25770.138755237444,25764.936140771286,25753.22340364876,25813.609747813236,25890.311429261168,25736.908066365304,3724
1768521600,25741,25762.25,25731,25760.75,,,,25782.3125,25748.145,0,0,25776.067049591435,25769.28523203404,25764.771978388097,25753.298295154742,25812.913264222632,25889.465479846876,25736.361048598388,3230
1768525200,25760,25783.25,25748.5,25769.5,,,,25791.875,25745.46,0,0,25774.75363967315,25769.30475639458,25764.957391000327,25753.45950614823,25812.14039916124,25888.273434208277,25736.0073641142,4954
1768528800,25769.75,25797,25762.5,25787.25,,,,25800.1,25743.24,0,0,25777.25291173852,25770.93614217689,25765.8316109611,25753.79572996765,25811.82458496546,25887.615993073574,25736.033176857345,3137
1768532400,25787.75,25800,25784,25786.5,,,,25804.3875,25741.15,0,0,25779.102329390815,25772.35103834263,25766.642136021448,25754.121145589863,25811.691623122235,25887.268961146172,25736.114285098298,1834
1768536000,25787.25,25811,25784.75,25809.5,,,,25810.4125,25739.195,0,0,25785.18186351265,25775.728216675117,25768.322836569627,25754.672178967077,25811.6265589753,25886.960443743028,25736.29267420757,1968
1768539600,25810,25820.25,25803,25807.75,,,,25813.8875,25737.62,0,0,25789.69549081012,25778.63928788647,25769.868999841405,25755.200316489794,25811.616323385155,25886.65157803597,25736.58106873434,2399
1768543200,25808,25827,25803.25,25823,,,,25814.4,25736.2,0,0,25796.356392648097,25782.67207989679,25771.952568475073,25755.874940206315,25811.664887204348,25886.40448006707,25736.925294341625,2419
1768546800,25823.75,25838,25807.5,25824.5,,,,25814.775,25734.39,0,0,25801.985114118477,25786.474618087992,25774.013252064287,25756.557776622172,25811.77943426068,25886.16016680207,25737.39870171929,3029
1768550400,25823.5,25845.25,25795.5,25817.25,,,,25813.5125,25733.095,0,0,25805.03809129478,25789.272380079994,25775.708810806864,25757.16167934235,25811.913663171348,25885.63733466916,25738.189991673535,5582
1768554000,25816.25,25842.5,25810,25815.5,,,,25811.65,25732.28,0,0,25807.130473035824,25791.65670916363,25777.26924959875,25757.742160144913,25812.038340481013,25885.3424047927,25738.734276169325,3685
1768557600,25815.5,25864.25,25810.25,25855,,,,25809.7125,25732.19,0,0,25816.704378428658,25797.415190148757,25780.317514320366,25758.709899844966,25812.48150124015,25885.355256941366,25739.60774553893,4590
1768561200,25855.5,25873.25,25825.75,25833.25,,,,25808.175,25731.6,0,0,25820.013502742928,25800.672900135232,25782.393298072508,25759.451592383823,25812.913172710792,25885.380396777986,25740.4459486436,4465
1768564800,25832.75,25853,25805.75,25831,,,,25805.5125,25731.06,0,0,25822.210802194342,25803.429909213846,25784.299443246135,25760.163516837714,25813.27141277015,25885.012752050603,25741.5300734897,7035
1768568400,25830.25,25838.5,25802,25826.5,,,,25800.6,25730.55,0,0,25823.068641755475,25805.527190194407,25785.954367040405,25760.82358134679,25813.540407430657,25884.225670870477,25742.855143990837,10215
1768572000,25826,25891,25726.25,25728.5,,,,25794.35,25730.37,0,0,25804.15491340438,25798.524718358552,25783.701254607447,25760.501953671697,25807.420864444623,25872.117237502844,25742.7244913864,82570
1768575600,25729,25765.5,25591.5,25680.5,,,,25784.075,25729.12,0,0,25779.423930723504,25787.795198507774,25779.654146583627,25759.70591433168,25781.521031861073,25858.924723617667,25704.11734010448,107971
1768579200,25680.25,25752.75,25661,25716.5,,,,25782.025,25727.855,0,0,25766.839144578804,25781.313816825248,25777.177513384268,25759.27600473634,25710.083333333332,25710.083333333332,25710.083333333332,57035
1768582800,25716.5,25721.5,25657.75,25660,,,,25779.0625,25725.96,0,0,25745.471315663042,25770.28528802295,25772.58231678096,25758.28818379369,25698.483342717715,25713.22466558425,25683.74201985118,35317
1768586400,25660.75,25732.25,25654,25716.5,,,,25779.5375,25728.59,0,0,25739.677052530435,25765.3957163845,25770.38301024053,25757.872380969875,25699.057044401965,25711.98528358198,25686.12880522195,28491
1768590000,25716.25,25748,25672.75,25716.25,,,,25778.275,25733.075,0,0,25734.991642024346,25760.92792398591,25768.260147093843,25757.4582279254,25702.271390597918,25714.881526311638,25689.6612548842,38604
1768593600,25715.75,25729.5,25681.5,25684.5,,,,25774.4625,25737.56,0,0,25724.893313619476,25753.979930896283,25764.975435443102,25756.73227540873,25701.295797572442,25712.277989458747,25690.313605686137,55639
1768597200,25684.25,25702.25,25671,25681.25,,,,25770.05,25742.19,0,0,25716.164650895582,25747.36811899662,25761.69208503357,25755.98120799173,25700.264207685992,25711.620666702394,25688.90774866959,14379
1768777200,25471,25472,25396,25466.75,,,,25754.025,25741.225,0,0,25666.281720716466,25721.857380906018,25750.125728757743,25753.10328552415,25687.964835923787,25743.751006880975,25632.1786649666,11612
1768780800,25466.25,25470,25373.25,25427.5,,,,25736.075,25739.765,0,0,25618.525376573172,25695.09761900547,25737.473739394693,25749.863451837344,25677.34498698072,25752.724019600937,25601.9659543605,10089
1768784400,25428.75,25452,25386.5,25397.75,,,,25715.4875,25734.99,0,0,25574.37030125854,25668.066017277702,25724.151239810588,25746.359835401152,25670.402741590282,25755.99836020122,25584.807122979342,6750
1768788000,25399.25,25424.75,25392,25417.5,,,,25695.975,25731.1,0,0,25542.996241006833,25645.287288434276,25712.125700994486,25743.08759823298,25666.91670491709,25757.02038896909,25576.81302086509,3519
1768791600,25415.75,25418.25,25363,25387,,,,25674.175,25726.735,0,0,25511.796992805466,25621.80662584934,25699.375673504506,25739.54443805156,25661.88290331061,25758.541806425743,25565.224000195474,4830
1768795200,25388.25,25395,25371.75,25379.75,,,,25651.9375,25722.265,0,0,25485.387594244374,25599.801478044858,25686.841333367076,25735.96439389184,25659.93938622598,25759.024618122676,25560.85415432928,1863
1768798800,25380,25419,25371,25393.25,,,,25630.7375,25717.535,0,0,25466.9600753955,25581.024070949872,25675.327947744838,25732.55430042028,25656.892981922527,25759.386148937545,25554.39981490751,3112
1768802400,25393.25,25414.25,25381,25384.75,,,,25609.2,25713.05,0,0,25450.518060316397,25563.180973590792,25663.932734107784,25729.093561112615,25654.003164118472,25759.563367149975,25548.44296108697,3007
1768806000,25384.75,25392.5,25325.75,25351.75,,,,25584.0375,25708.455,0,0,25430.764448253118,25543.959975991627,25651.690273946693,25725.33889881299,25645.570349959136,25760.736317728486,25530.404382189787,8005
1768809600,25352.75,25410.75,25348,25391,,,,25561.925,25704.71,0,0,25422.811558602494,25530.05452362875,25641.467125948784,25722.012143600918,25639.087664360777,25759.893060312344,25518.28226840921,7152
1768813200,25391.75,25396,25262,25280.75,,,,25534.4125,25697.87,0,0,25394.399246881996,25507.390476026136,25627.321356303735,25717.621475505384,25627.592478787188,25760.6220575459,25494.562900028475,10572
1768816800,25280.25,25312.5,25257.75,25270,,,,25506.5875,25689.255,0,0,25369.519397505595,25485.809523660122,25613.308754095746,25713.16753047548,25620.770245405787,25761.03318737355,25480.507303438026,6007
1768820400,25269,25317.75,25264.5,25291.25,,,,25484.725,25681.3,0,0,25353.865518004477,25468.122294236473,25600.678999033167,25708.96934609264,25615.37703475818,25760.636501217217,25470.117568299145,5090
1768824000,25290.25,25348.5,25271,25329,,,,25467.15,25673.115,0,0,25348.89241440358,25455.474812942248,25590.02492063971,25705.18855657928,25609.732642283852,25759.26281205056,25460.202472517143,5981
1768827600,25329,25344,25283.75,25321.5,,,,25447.4,25663.29,0,0,25343.413931522864,25443.295284492953,25579.494531595014,25701.3707599964,25603.03929065292,25757.206434249612,25448.872147056227,7404
1768831200,25318.5,25347.75,25236.5,25316,,,,25430.2,25653.27,0,0,25337.931145218292,25431.722985902685,25569.161412708934,25697.536225071064,25583.967996370688,25750.357222195533,25417.578770545842,21797
1768834800,25316,25344,25287,25327.5,,,,25410.75,25642.97,0,0,25335.844916174632,25422.24816900244,25559.684494563488,25693.854272582794,25568.880767813258,25741.70570439186,25396.055831234655,20948
1768838400,25327.75,25383.5,25321,25378.25,,,,25393.85,25633.48,0,0,25344.325932939704,25418.248335456763,25552.56941634531,25690.71393156207,25360.916666666668,25360.916666666668,25360.916666666668,20204
1768842000,25378.5,25417.25,25372,25398.25,,,,25379.5375,25623.57,0,0,25355.110746351762,25416.430304960693,25546.517674527848,25687.803842690806,25372.712714123405,25389.227311346298,25356.198116900512,10308
1768863600,25394.75,25405,25367.25,25378,,,,25364.375,25613.85,0,0,25359.68859708141,25412.93664087336,25539.909138271854,25684.7212173904,25374.167190597564,25389.95090553042,25358.38347566471,4798
1768867200,25379,25404.25,25323.75,25361.25,,,,25359.1,25603.39,0,0,25360.00087766513,25408.237855339416,25532.902897555312,25681.50259831189,25372.20216182421,25387.13124637029,25357.273077278132,7609
1768870800,25362.25,25432.5,25362.25,25420.25,,,,25358.7375,25593.3,0,0,25372.050702132103,25409.32986849038,25528.485136866868,25678.903069970478,25376.88859654378,25394.85448578072,25358.92270730684,7155
1768874400,25420,25439.75,25391.5,25424.5,,,,25360.075,25584.72,0,0,25382.540561705682,25410.70897135489,25524.407288362283,25676.371696139926,25380.704883978302,25401.628197383106,25359.781570573497,5045
1768878000,25424.75,25431.5,25402.5,25410,,,,25359.7,25575.2,0,0,25388.032449364546,25410.644519413534,25519.92072803435,25673.721231501717,25382.745729811457,25404.577431317328,25360.914028305586,3524
1768881600,25409,25412,25370,25380.75,,,,25359.3875,25567.665,0,0,25386.575959491638,25407.926835830487,25514.46305242516,25670.80609486986,25383.003378160214,25404.273509687268,25361.73324663316,3299
1768885200,25379.75,25412.5,25367.25,25383.5,,,,25359.575,25560.95,0,0,25385.96076759331,25405.706214391354,25509.3272464477,25667.947327756727,25383.291372852313,25403.937260862902,25362.645484841723,4001
1768888800,25382.5,25390.5,25260,25310.5,,,,25355.4375,25553.02,0,0,25370.86861407465,25397.05110399214,25501.530099528183,25664.3906379283,25374.029005751137,25403.369959361517,25344.68805214076,11375
1768892400,25311,25320.5,25256.75,25284.25,,,,25350.4125,25543.875,0,0,25353.54489125972,25386.796458174675,25493.00931131139,25660.608144018566,25365.58639452605,25403.52429403336,25327.64849501874,8324
1768896000,25284,25288.25,25166.75,25201,,,,25342.875,25532.68,0,0,25323.035913007778,25369.905871067887,25481.557965769767,25656.034928655197,25340.907557092705,25405.825070544513,25275.990043640897,17290
1768899600,25201.75,25220.25,25095.25,25134.25,,,,25330.0375,25519.975,0,0,25285.278730406222,25348.482610061717,25467.938045543502,25650.84303881783,25312.579248649927,25403.11744448435,25222.041052815504,17926
1768903200,25134.5,25207.5,25109.5,25176,,,,25324.8,25507.75,0,0,25263.422984324978,25332.80237278338,25456.489494737874,25646.118232461435,25301.417051137854,25396.86396689884,25205.97013537687,9841
1768906800,25174.75,25228,25172.75,25205.5,,,,25321.575,25496.13,0,0,25251.838387459982,25321.229429803072,25446.646769454037,25641.733971441918,25295.429159806252,25390.92730486735,25199.931014745154,8384
1768910400,25204.75,25283.75,25191.75,25256.75,,,,25319.85,25485.075,0,0,25252.820709967986,25315.36766345734,25439.199837318585,25637.903285158915,25290.71725078797,25382.927418180017,25198.50708339592,14053
1768914000,25258,25277.25,25181,25212.5,,,,25314.025,25473.17,0,0,25244.75656797439,25306.01605768849,25430.30964761982,25633.67041664987,25280.776368127375,25369.16313848224,25192.38959777251,26617
1768917600,25211.75,25368.5,25201.5,25324.75,,,,25314.1875,25463.205,0,0,25260.75525437951,25307.71914335317,25426.170053595513,25630.59658165833,25287.311530545438,25357.752458673243,25216.87060241763,107393
1768921200,25322,25417,25254.75,25362.75,,,,25316.525,25453.97,0,0,25281.154203503607,25312.72194850288,25423.682992670198,25627.93144154233,25301.6472755677,25367.559368263697,25235.7351828717,95319
1768924800,25363,25429.75,25333.75,25398.5,,,,25320.075,25445.595,0,0,25304.623362802886,25320.519953184437,25422.69542433019,25625.648541626484,25387.333333333332,25387.333333333332,25387.333333333332,74873
1768928400,25398.75,25406.75,25257.5,25292.75,,,,25315.8,25435.14,0,0,25302.248690242308,25317.995411985852,25417.59952533685,25622.33611832672,25357.739468968473,25391.598745250936,25323.88019268601,57197
1768932000,25293,25311.25,25170.5,25199.25,,,,25305.85,25422.025,0,0,25281.648952193846,25307.200374532593,25409.036798853052,25618.126306204063,25323.542178262844,25387.947585496124,25259.136771029564,46782
1768935600,25199,25225,25128,25169.25,,,,25295.4125,25408.745,0,0,25259.169161755075,25294.659431393266,25399.633394976463,25613.659875296562,25289.66940702945,25374.06832721104,25205.27048684786,52413
1768939200,25169.25,25169.75,25098,25142.25,,,,25284.4625,25394.97,0,0,25235.78532940406,25280.804028539333,25389.539928506798,25608.969229771224,25250.105128439405,25348.945093507045,25151.265163371765,80659
1768942800,25142.5,25167.25,25122.5,25142.75,,,,25270.5875,25381.295,0,0,25217.17826352325,25268.253662308485,25379.861892094767,25604.330232460066,25243.98285712991,25343.05789097733,25144.907823282494,19132
1768950000,25149.5,25175.25,25103.5,25116.5,,,,25255.1875,25369.055,0,0,25197.0426108186,25254.457874825897,25369.533974757716,25599.476200296285,25242.036676531177,25341.335657249954,25142.7376958124,5842
1768953600,25117.25,25186,25116.25,25179,,,,25243.6375,25359.025,0,0,25193.43408865488,25247.598068023544,25362.062054178983,25595.292357507267,25240.502928741324,25339.48692680275,25141.518930679897,6452
1768957200,25179,25218.75,25179,25202,,,,25234.7,25348.735,0,0,25195.147270923906,25243.452789112314,25355.785110877845,25591.37900071615,25239.783730851246,25338.0328242225,25141.534637479992,6194
1768960800,25202.25,25209,25168,25179,,,,25224.475,25339.115,0,0,25191.917816739126,25237.59344464756,25348.852361431655,25587.275727077184,25238.98753820971,25336.734433816364,25141.240642603054,5187
1768964400,25179.75,25227.5,25178.75,25197.5,,,,25218.825,25328.735,0,0,25193.0342533913,25233.948586043236,25342.916974708845,25583.39736163363,25238.272411636244,25335.225360641136,25141.319462631353,6852
1768968000,25196.75,25213.25,25183,25197,,,,25214.4625,25318.35,0,0,25193.82740271304,25230.58962367567,25337.19474040654,25579.552611766627,25237.877553922095,25334.43906239262,25141.31604545157,3558
1768971600,25197.25,25225.5,25184.75,25220.25,,,,25215.425,25309.065,0,0,25199.111922170432,25229.649657886974,25332.608672155304,25575.97746140079,25237.581735671396,25333.668666303263,25141.49480503953,3940
1768975200,25219.75,25231.5,25191.75,25196.25,,,,25218.525,25299.365,0,0,25198.539537736346,25226.613325351795,25327.26127324725,25572.199078700287,25237.15220073943,25332.641848831947,25141.662552646914,5172
1768978800,25196.25,25246.5,25193.25,25213.5,,,,25220.4,25294.3,0,0,25201.531630189078,25225.421204865266,25322.800046845397,25568.629933638593,25236.83566428359,25331.575067331378,25142.0962612358,6207
1768982400,25212.5,25234,25194.25,25204.75,,,,25220.3625,25289.845,0,0,25202.175304151264,25223.54200442297,25318.17063324362,25565.00923778149,25236.4471283829,25330.524014814582,25142.37024195122,5809
1768986000,25204.5,25225.25,25128.75,25129,,,,25213.975,25284.47,0,0,25187.54024332101,25214.947276748153,25310.752177037986,25560.670837405556,25234.749213824543,25328.4322086281,25141.066219020988,8893
1768989600,25129.5,25188.25,25121.75,25153.25,,,,25211.0125,25279.185,0,0,25180.68219465681,25209.33843340741,25304.575621075714,25556.616898724904,25233.40594710222,25326.871729126244,25139.940165078195,6720
1768993200,25153,25159.25,25040.5,25045.5,,,,25197.05,25272.355,0,0,25153.645755725447,25194.444030370374,25294.415792798234,25551.531158439084,25229.002109401365,25324.556555163217,25133.447663639512,12019
1768996800,25047,25089.75,25025,25085.75,,,,25183.2,25266.475,0,0,25140.06660458036,25184.562754882158,25286.232820531637,25546.896520046655,25223.71206081613,25322.011097017566,25125.413024614696,13957
1769000400,25086.5,25125.5,25041,25085,,,,25167.525,25260.31,0,0,25129.05328366429,25175.511595347416,25278.341337373535,25542.30053477256,25217.183821705396,25317.59437556642,25116.77326784437,20946
1769004000,25083,25339.25,25072.25,25324.75,,,,25169.125,25259.11,0,0,25168.19262693143,25189.078723043105,25280.161284927515,25540.135852834523,25223.03758484208,25313.164350300147,25132.910819384015,117395
1769007600,25323.5,25488,25294.75,25470,,,,25182.6625,25261.475,0,0,25228.554101545145,25214.617020948277,25287.605940420555,25539.43798365209,25251.280105376685,25359.171028407163,25143.389182346207,96155
1769011200,25469.75,25494.25,25220.5,25229.25,,,,25185.6625,25258.24,0,0,25228.693281236116,25215.94729177116,25285.31747216877,25536.35153605356,25314.66666666667,25314.66666666667,25314.66666666667,100927
1769014800,25229.75,25262.75,25142,25246.25,,,,25190.8625,25257.55,0,0,25232.20462498889,25218.70208342833,25283.78541443666,25533.464953605268,25269.004556525717,25317.734811889495,25220.27430116194,88618
1769018400,25244.75,25294.75,25150.75,25283.25,,,,25197.8875,25257.815,0,0,25242.413699991113,25224.570075843934,25283.764417792085,25530.975252574368,25262.415357836682,25306.042641227108,25218.788074446256,64053
1769022000,25282.25,25648.25,25232.75,25638.75,,,,25224,25264.765,0,0,25321.68095999289,25262.22279622176,25297.685421015925,25532.04763812089,25334.75279189954,25452.095175806844,25217.410407992236,106760
1769025600,25639,25653.5,25446,25471.5,,,,25238.625,25267.615,0,0,25351.644767994312,25281.247996565235,25304.501679015302,25531.445174059987,25371.65562235769,25500.842160940596,25242.469083774788,87482
1769029200,25471.5,25530.75,25470.5,25509.5,,,,25254,25271.375,0,0,25383.21581439545,25301.998178695667,25312.54082885784,25531.22681411909,25376.078874571263,25505.28256823255,25246.875180909978,15536
1769036400,25529.5,25569.25,25523.25,25552.5,,,,25272.675,25276.105,0,0,25417.072651516362,25324.771071541516,25321.95099243204,25531.43848761044,25377.99227792705,25507.738542132058,25248.24601372204,5205
1769040000,25553,25583.25,25538.5,25558.5,,,,25290.725,25280.725,0,0,25445.35812121309,25346.019155946833,25331.227424101373,25531.70775639044,25380.233771797622,25510.732819405097,25249.734724190148,5840
1769043600,25559.5,25601,25552.75,25594.5,,,,25310.6,25285.05,0,0,25475.18649697047,25368.60832358803,25341.551838842497,25532.332554834316,25382.36174678127,25513.805563192698,25250.91793036984,5038
1769047200,25595.25,25602.5,25565,25568,,,,25327.9875,25288.445,0,0,25493.749197576377,25386.734839625482,25350.43215888789,25532.687454786213,25383.704911810095,25515.692796696774,25251.717026923416,3306
1769050800,25568.25,25595,25568.25,25589.5,,,,25347.65,25292.675,0,0,25512.899358061102,25405.168036023166,25359.807368343267,25533.252753743564,25384.81945740458,25517.281748908874,25252.35716590029,2698
1769054400,25589.75,25590.25,25566,25574.5,,,,25365.7,25296.94,0,0,25525.21948644888,25420.56185093015,25368.226687231767,25533.663174104324,25385.570710112184,25518.31628641118,25252.82513381319,1906
1769058000,25574.75,25577.25,25527.75,25534.25,,,,25382.175,25299.22,0,0,25527.025589159104,25430.897137209227,25374.73740537954,25533.66901316796,25386.839485062414,25519.823903824526,25253.8550663003,3875
1769061600,25533.5,25548,25483.75,25539.75,,,,25402.7125,25301.525,0,0,25529.570471327283,25440.792852008388,25381.20848752152,25533.729520499623,25388.8064352595,25521.834735351058,25255.77813516794,7156
1769065200,25539.25,25593.5,25499,25588.5,,,,25424.475,25305.095,0,0,25541.356377061828,25454.22077455308,25389.337566442242,25534.27450039515,25391.01196163404,25524.587505626612,25257.43641764147,6492
1769068800,25587.75,25707.25,25583,25683.25,,,,25456.3625,25311.145,0,0,25569.73510164946,25475.04161323007,25400.86354422882,25535.7568436748,25398.106840902492,25536.709572959528,25259.504108845456,13792
1769072400,25682.5,25715.75,25672.25,25698.5,,,,25487,25317.445,0,0,25595.48808131957,25495.356012027336,25412.535562102203,25537.37617856361,25401.471241351665,25542.83112786846,25260.11135483487,5935
1769076000,25699.25,25703.75,25670.5,25688.25,,,,25517.1625,25325,0,0,25614.040465055656,25512.89182911576,25423.347893000155,25538.8774106177,25404.466027249124,25548.066240111562,25260.865814386685,5551
1769079600,25688.75,25714,25667,25675,,,,25534.675,25332.815,0,0,25626.232372044524,25527.628935559784,25433.21660307858,25540.231864243397,25408.325649186972,25554.636264490735,25262.01503388321,7387
1769083200,25674.75,25696.25,25659,25691.5,,,,25545.75,25342.625,0,0,25639.28589763562,25542.526305054347,25443.345363742166,25541.737019823064,25411.567452825857,25559.995730119204,25263.13917553251,6438
1769086800,25691.5,25739.75,25677.75,25736.25,,,,25571.1,25354.665,0,0,25658.678718108495,25560.137550049407,25454.831820066003,25543.672472362137,25419.677014378172,25574.164396306503,25265.18963244984,14792
1769090400,25735.75,25739,25554.25,25578,,,,25587.6875,25362.705,0,0,25642.542974486794,25561.761409135823,25459.661944769297,25544.01403980132,25448.99886112929,25608.877518501533,25289.120203757047,93760
1769094000,25582,25658.75,25536.75,25606,,,,25603.825,25370.715,0,0,25635.234379589434,25565.783099214383,25465.400692033247,25544.63081552469,25467.68789306064,25625.453897204898,25309.921888916382,91825
1769097600,25605.25,25700,25603.75,25669.5,,,,25605.3625,25378.97,0,0,25642.087503671548,25575.21190837671,25473.404586463315,25545.873294972207,25657.75,25657.75,25657.75,50560
1769101200,25668.75,25722,25652.5,25712.25,,,,25617.4,25388.965,0,0,25656.120002937238,25587.6699167061,25482.771073268676,25547.528784574475,25674.495299936792,25693.286932231327,25655.703667642258,40148
1769104800,25711.75,25723.5,25667,25673.5,,,,25625.6,25395.94,0,0,25659.59600234979,25595.472651551,25490.250639022845,25548.782229504082,25678.084550858133,25695.256083628825,25660.91301808744,32835
1769108400,25673.5,25715.25,25634,25639.75,,,,25629.9625,25401.48,0,0,25655.626801879833,25599.497865046364,25496.113359061164,25549.687381449316,25674.633118389647,25690.989965128458,25658.276271650837,36654
1769112000,25639.5,25665.75,25584.75,25662,,,,25635.1375,25406.75,0,0,25656.901441503865,25605.179877314877,25502.618717529353,25550.80491994236,25663.403070192624,25685.255437664844,25641.550702720404,69452
1769115600,25661.75,25676.5,25609.75,25630,,,,25636.9125,25413.495,0,0,25651.52115320309,25607.436252104435,25507.614061939967,25551.5929306892,25661.7962015406,25683.783320454357,25639.809082626845,16012
1769122800,25605,25629.25,25575.5,25617.75,,,,25639.4,25421.865,0,0,25644.766922562474,25608.373865549485,25511.933118334477,25552.251209985825,25660.54891152323,25683.754414414303,25637.343408632158,5776
1769126400,25616.75,25654.75,25597.5,25654.25,,,,25642.6375,25431.565,0,0,25646.66353804998,25612.544423226806,25517.51417251744,25553.2661233193,25660.19078094536,25683.420909760818,25636.9606521299,3647
1769130000,25653.5,25688,25649.25,25686.75,,,,25648.25,25442.455,0,0,25654.680830439982,25619.290384751643,25524.150871634403,25554.59432109722,25660.50071867467,25683.576148070748,25637.42528927859,5581
1769133600,25686.75,25689.5,25665,25668.75,,,,25654.975,25452.975,0,0,25657.494664351987,25623.786713410584,25529.821425687955,25555.730198499237,25660.628620372023,25683.63611841447,25637.621122329576,2418
1769137200,25668.25,25707.75,25667.75,25695.75,,,,25662.775,25464.56,0,0,25665.14573148159,25630.32883037326,25536.32842860215,25557.123430354965,25661.00967289825,25684.113333350364,25637.906012446136,3409
1769140800,25696,25707.5,25684.25,25700,,,,25668.35,25474.98,0,0,25672.11658518527,25636.6625730666,25542.746921598147,25558.545087764367,25661.3233830198,25684.570513457173,25638.07625258243,2327
1769144400,25701.5,25714.5,25694,25713.5,,,,25669.8625,25485.21,0,0,25680.39326814822,25643.647793696906,25549.443120751162,25560.08692768711,25661.654902069407,25685.14273612072,25638.167068018094,1951
1769148000,25713.5,25731.5,25703.25,25704.75,,,,25670.175,25495.725,0,0,25685.264614518575,25649.20253972446,25555.53358660406,25561.52636124246,25662.248759406364,25686.239512937318,25638.25800587541,3158
1769151600,25705.75,25724.75,25682.25,25691.75,,,,25670.35,25505.61,0,0,25686.56169161486,25653.0704906586,25560.875406737232,25562.82211884204,25662.780657545452,25687.007330780903,25638.55398431,3959
1769155200,25692,25692,25581,25600.75,,,,25666.6375,25513.685,0,0,25669.39935329189,25648.31408241691,25562.43911627695,25563.199510694358,25661.471267114044,25686.27273073184,25636.66980349625,9864
1769158800,25602.25,25629.5,25540.25,25558.25,,,,25659.975,25520.445,0,0,25647.16948263351,25640.126438560827,25562.274837207264,25563.150261831728,25658.565488499764,25687.446581961616,25629.68439503791,10127
1769162400,25558.25,25574.75,25550,25574.25,,,,25651.875,25528.005,0,0,25632.58558610681,25634.137671418932,25562.74445143443,25563.260706987632,25657.054873948004,25687.998392384612,25626.111355511395,4960
1769166000,25574.75,25658,25571,25606.75,,,,25653.3125,25535.87,0,0,25627.418468885448,25631.64788310812,25564.470159221317,25563.693436271336,25655.18984535756,25686.79118766813,25623.58850304699,13052
1769169600,25606.5,25632.75,25584,25628.75,,,,25654.45,25544.35,0,0,25627.68477510836,25631.384439189198,25566.99093729107,25564.34076526366,25654.14808668278,25685.979839034077,25622.316334331485,8442
1769173200,25628.75,25635.5,25560.25,25570.75,,,,25649.5125,25553.185,0,0,25616.297820086686,25625.872217444725,25567.13835151495,25564.404538743624,25651.975418936963,25685.393102106493,25618.557735767434,11160
1769176800,25570.75,25668,25556.75,25663.75,,,,25647.0875,25563.395,0,0,25625.788256069347,25629.315652222478,25570.927043612402,25565.393050795927,25648.082477154883,25679.636439111713,25616.528515198053,70284
1769180400,25668,25827.5,25661.5,25826.5,,,,25654.7375,25579.015,0,0,25665.93060485548,25647.241502020435,25580.949512490348,25567.991129892485,25669.595305695304,25724.56800441141,25614.6226069792,85383
1769184000,25826.5,25845.75,25761,25789,,,,25662.2,25593.08,0,0,25690.544483884383,25660.128638200396,25589.108355137785,25570.190223127385,25798.583333333332,25798.583333333332,25798.583333333332,61029
1769187600,25789,25808,25683,25693.75,,,,25663.7875,25605.255,0,0,25691.185587107506,25663.185125636723,25593.21194905395,25571.41967364353,25766.15844299214,25801.218065167737,25731.09882081654,52201
1769191200,25693.75,25764.25,25688.5,25725.5,,,,25668.5625,25613.27,0,0,25698.048469686004,25668.8501142152,25598.399715757718,25572.952811219217,25755.453019790337,25790.313270328454,25720.59276925222,41273
1769194800,25726.25,25774.75,25719.5,25748,,,,25675.075,25618.83,0,0,25708.038775748802,25676.045558377456,25604.26639357114,25574.69457429166,25754.083229529642,25785.977314078034,25722.18914498125,31746
1769198400,25748,25755.75,25691.25,25735.5,,,,25679.1375,25628.955,0,0,25713.531020599043,25681.45050761587,25609.412809509526,25576.29462827881,25748.125973440758,25778.32774076679,25717.924206114727,53793
1769202000,25735,25738.25,25672.25,25680.5,,,,25678.825,25637.64,0,0,25706.924816479233,25681.36409783261,25612.20054246994,25577.33149764917,25745.30029681668,25776.89482824643,25713.70576538693,14043
1769382000,25585.5,25585.5,25365.25,25559,,,,25673.3375,25643.155,0,0,25677.33985318339,25670.24008893874,25610.114246686804,25577.149094687487,25733.595584453196,25793.97830583571,25673.212863070683,12911
1769385600,25559.75,25618.25,25544.75,25582,,,,25667.65,25642.02,0,0,25658.27188254671,25662.21826267158,25609.01172720889,25577.19736240204,25728.65728628406,25793.875723676454,25663.438848891663,8970
1769389200,25582,25668.75,25571.25,25649.5,,,,25665.125,25645.58,0,0,25656.517506037366,25661.062056974162,25610.599502612462,25577.91679163187,25724.99982203425,25791.663853293332,25658.335790775167,10606
1769392800,25649.25,25665.75,25595.25,25609.25,,,,25659.9125,25647.575,0,0,25647.064004829892,25656.35186997651,25610.546580941384,25578.22856484946,25722.957404975856,25790.47069579367,25655.444114158043,5880
1769396400,25611,25657.5,25610.5,25634.75,,,,25656.4125,25649.22,0,0,25644.601203863913,25654.38806361501,25611.495734629956,25578.790967189267,25720.831155676588,25788.896452901758,25652.765858451417,7182
1769400000,25634.5,25659,25622.75,25636,,,,25653.625,25650.77,0,0,25642.88096309113,25652.71642146819,25612.456686213096,25579.360211296836,25719.717203455108,25787.97598640597,25651.458420504245,4148
1769403600,25635.75,25676,25627.25,25674,,,,25657.2875,25652.36,0,0,25649.104770472906,25654.65129224381,25614.870149498856,25580.301900736667,25719.04218234256,25787.2174314624,25650.866933222722,3420
1769407200,25675.5,25702,25665.75,25668,,,,25662.775,25654.36,0,0,25652.883816378326,25655.864811130734,25616.95367304792,25581.174518639786,25718.335270177344,25786.11990331081,25650.550637043878,5463
1769410800,25669.5,25711,25666.75,25700,,,,25669.0625,25656.57,0,0,25662.30705310266,25659.87710102794,25620.210391751923,25582.3568617379,25718.03972478224,25785.490059831514,25650.589389732966,3630
1769414400,25700.75,25742,25699.75,25727.5,,,,25675.1,25659.63,0,0,25675.345642482127,25666.024637298127,25624.417827369496,25583.801072068865,25718.116435747343,25785.054707213774,25651.17816428091,4885
1769418000,25727.75,25735,25582,25618.25,,,,25674.575,25661.31,0,0,25663.9265139857,25661.681488452843,25624.17595178638,25584.143847471165,25715.887038311503,25782.982519769947,25648.79155685306,10113
1769421600,25618.25,25674.5,25614.25,25651.25,,,,25678.6,25663.54,0,0,25661.391211188562,25660.733171320768,25625.237679167305,25584.8115703819,25714.648039808573,25781.770712342037,25647.52536727511,6038
1769425200,25651.5,25673,25641.75,25670.5,,,,25678.9375,25665.18,0,0,25663.21296895085,25661.62106483706,25627.012672141136,25585.664191572127,25714.173890413316,25781.18079662905,25647.16698419758,3051
1769428800,25669.5,25714.5,25668.75,25688,,,,25672.0125,25665.275,0,0,25668.17037516068,25664.019149851872,25629.40433205717,25586.68245832265,25713.758528677965,25780.25003751516,25647.26701984077,6057
1769432400,25688.5,25721.75,25658,25716.25,,,,25668.375,25665.63,0,0,25677.786300128544,25668.767408956246,25632.810044525515,25587.97168759307,25713.32619737226,25778.906744928405,25647.745649816112,10217
1769436000,25716.25,25853.5,25704.25,25837.25,,,,25675.55,25668.61,1,0,25709.679040102834,25684.084008142043,25640.82729768138,25590.45206881105,25726.738741286317,25794.432805553035,25659.0446770196,66816
1769439600,25837,25898.5,25803,25881.25,,,,25683.3375,25672.735,0,0,25743.993232082266,25702.00818922004,25650.255638948776,25593.345580564175,25746.239715611402,25824.679471223903,25667.7999599989,72012
1769443200,25881,25928.5,25850.75,25906.25,,,,25691.25,25677.03,0,0,25776.444585665813,25720.575626563674,25660.294633499805,25596.459057374483,25895.166666666668,25895.166666666668,25895.166666666668,50512
1769446800,25906.5,25936.5,25881.75,25891.25,,,,25699.0375,25680.13,0,0,25799.40566853265,25736.09147869425,25669.351706695892,25599.39230058469,25898.207946792325,25902.091354600427,25894.324538984223,30980
1769450400,25890.5,25932.25,25873.5,25898.75,,,,25709.95,25686.545,0,0,25819.27453482612,25750.87861699477,25678.347718198012,25602.37098416096,25899.102623677438,25902.725775528095,25895.47947182678,30412
1769454000,25898.25,25913.75,25877.75,25878.5,,,,25725.925,25691.995,0,0,25831.119627860895,25762.480560904336,25686.196827288288,25605.11853655737,25897.411217741173,25902.230280725682,25892.592154756665,25539
1769457600,25879,25895,25840.5,25845,,,,25739.075,25695.505,0,0,25833.895702288715,25769.98232809485,25692.424402688746,25607.50541679063,25887.897660644474,25904.664046796173,25871.131274492775,47152
1769461200,25845,25871,25834,25861.25,,,,25749.6625,25698.485,0,0,25839.36656183097,25778.279389177136,25699.045014348012,25610.030238514108,25885.26061897936,25903.617872911127,25866.90336504759,16311
1769468400,25861.25,25897,25838.5,25890.5,,,,25763.725,25702.825,0,0,25849.59324946478,25788.481262888305,25706.553053001033,25612.82098240949,25885.03019860949,25903.234630599003,25866.825766619975,4774
1769472000,25890.5,25902.75,25875,25898.75,,,,25776.925,25708.005,0,0,25859.424599571823,25798.505693534822,25714.090188177463,25615.666047261137,25885.1309049614,25903.22602352288,25867.03578639992,2944
1769475600,25898.5,25927,25895.25,25922,,,,25791.225,25713.205,0,0,25871.93967965746,25809.73244866802,25722.24351413129,25618.714146293365,25885.58248801848,25903.902223483157,25867.262752553805,3230
1769479200,25922,25975,25921.25,25971.25,,,,25806.0875,25720.03,0,0,25891.801743725966,25824.41586242547,25732.008474361435,25622.22196573323,25887.298653290905,25908.394407070333,25866.202899511478,5305
1769482800,25970.5,25979.5,25962.5,25975.5,,,,25821.4625,25727.185,0,0,25908.541394980773,25838.150784023153,25741.55716164138,25625.737170054294,25888.418404142674,25911.51239664052,25865.32441164483,2892
1769486400,25975.75,26002.75,25971.5,25989.5,,,,25835.9375,25733.89,0,0,25924.733115984618,25851.90980365741,25751.280410204465,25629.35670070052,25889.941125470417,25915.90956430907,25863.972686631765,3420
1769490000,25989,26009.75,25972,26008.25,,,,25849.975,25740.32,0,0,25941.436492787696,25866.122548779465,25761.357649019978,25633.12678328061,25891.360004695,25919.904914388026,25862.815095001977,3011
1769493600,26007.75,26028.25,25999,26001.25,,,,25869.125,25746.97,0,0,25953.399194230158,25878.406862526786,25770.765192195664,25636.78970085991,25893.60491483626,25926.154918986576,25861.054910685947,4387
1769497200,26002.5,26020.5,25992,26006.25,,,,25886.875,25753.18,0,0,25963.969355384128,25890.02896593344,25779.999890540934,25640.4659227419,25895.54314435396,25930.98108607902,25860.1052026289,4042
1769500800,26006,26011.75,25967,25984.5,,,,25902.575,25758.87,0,0,25968.0754843073,25898.617241757674,25788.019502676583,25643.889147391234,25897.96482270591,25935.916048356896,25860.013597054927,6336
1769504400,25983.75,25994.75,25967.25,25973.75,,,,25916.8625,25764.075,0,0,25969.21038744584,25905.447492506977,25795.30305159123,25647.17134492963,25899.599521469565,25938.844972739855,25860.354070199275,4993
1769508000,25974,26007.75,25970,26005.75,,,,25931.3375,25770.095,0,0,25976.51830995667,25914.56590227907,25803.555873097455,25650.73929174625,25901.057847461307,25941.71256901738,25860.40312590523,3843
1769511600,26005.5,26043,25991.75,26032,,,,25941.075,25776.9,0,0,25987.614647965336,25925.24172934461,25812.51446630932,25654.532930634345,25904.17769873765,25948.659449901574,25859.695947573728,6608
1769515200,26031.5,26033.5,25991,26004,,,,25947.2125,25784.965,0,0,25990.89171837227,25932.40157213146,25820.023702924642,25658.01021490664,25906.81862665041,25953.724775299055,25859.912478001763,6602
1769518800,26003.75,26018,25982.5,25989.75,,,,25951.3875,25793.595,0,0,25990.663374697815,25937.615065574057,25826.679636143283,25661.311108290654,25909.66060160239,25958.427016844566,25860.894186360216,8592
1769522400,25990.5,26058,25917.25,26053.25,,,,25959.4875,25803.175,0,0,26003.180699758253,25948.127332340053,25835.56474845139,25665.210997760398,25932.817076190906,25992.836113239813,25872.798039142,82103
1769526000,26052.5,26098.5,26021.5,26078.5,,,,25968.475,25812.61,0,0,26018.244559806604,25959.97939303641,25845.09162106114,25669.32332614089,25955.902605537787,26030.22729980762,25881.577911267956,74113
1769529600,26078.5,26106.75,26073.25,26079.75,,,,25978.5375,25821.63,0,0,26030.545647845283,25970.8676300331,25854.29391043129,25673.407173641976,26086.583333333332,26086.583333333332,26086.583333333332,40315
1769533200,26080,26092,26050.25,26061.75,,,,25989.375,25831.45,0,0,26036.786518276225,25979.129663666452,25862.42944335555,25677.27128136693,26077.887256454585,26087.15981502211,26068.61469788706,35458
1769536800,26062,26097.75,26038,26090.25,,,,26000.825,25839.98,0,0,26047.47921462098,25989.23151242405,25871.363582831804,25681.380522348354,26077.154751708298,26085.070182515687,26069.23932090091,30473
1769540400,26090,26099.75,26072.75,26091.75,,,,26010.8875,25845.285,0,0,26056.333371696783,25998.551374930954,25880.006187426636,25685.46380073295,26079.118485833482,26087.425136583166,26070.811835083798,23273
1769544000,26092,26114.25,26068.25,26076,,,,26019.75,25851.025,0,0,26060.266697357427,26005.59215902814,25887.692219292258,25689.349733063966,26080.99141306484,26088.76043443668,26073.222391692998,46873
1769547600,26076,26118,26058.75,26110,,,,26029.15,25859.35,0,0,26070.213357885943,26015.083780934674,25896.410171476873,25693.53530785935,26082.250459296167,26090.731998504605,26073.76892008773,16657
1769554800,26111.25,26148,26111.25,26137.5,,,,26037.4625,25867.59,0,0,26083.670686308753,26026.212528122433,25905.86467455621,25697.952866985128,26083.4262317609,26094.724484484337,26072.12797903746,4649
1769558400,26138.25,26208.5,26135.5,26206,,,,26048.9875,25876.75,0,0,26108.136549047,26042.556843747665,25917.634687318714,25703.00806233851,26087.033258899184,26108.721938584215,26065.344579214154,7405
1769562000,26206.75,26228.25,26201.75,26205.25,,,,26059.775,25886.145,0,0,26127.559239237602,26057.347130679696,25928.913719188567,25708.005494554047,26090.173109553227,26119.160855459675,26061.18536364678,5297
1769565600,26204,26221.75,26203.75,26214,,,,26070.0625,25896.815,0,0,26144.84739139008,26071.588300617906,25940.093573338036,25713.040265752516,26091.879431867885,26124.059968994123,26059.698894741647,2960
1769569200,26213.75,26218.75,26192.5,26199,,,,26079.95,25909.615,0,0,26155.677913112064,26083.171182379916,25950.246766540466,25717.875685993786,26093.49812357391,26128.117224910842,26058.87902223698,3142
1769572800,26200.5,26227.5,26200.5,26220,,,,26090.6375,25922.375,0,0,26168.54233048965,26095.610165799924,25960.825324715348,25722.871947824693,26095.026344777565,26132.018310342886,26058.034379212244,2735
1769576400,26220.25,26248.75,26220.25,26245.5,,,,26103.6875,25934.295,0,0,26183.93386439172,26109.23651436357,25971.98903747161,25728.072226950815,26096.89822238328,26137.084635663377,26056.71180910318,2905
1769580000,26246,26349,26246,26302.75,,,,26120.1375,25948.165,0,0,26207.69709151338,26126.828649421426,25984.960055609976,25733.790413747323,26108.27219217522,26169.069800662277,26047.474583688163,13230
1769583600,26301.75,26324,26289,26316,,,,26135.65,25961.79,0,0,26229.357673210703,26144.02604492857,25997.942014213506,25739.583543958794,26113.355699743646,26181.186341209075,26045.525058278217,6095
1769587200,26315.5,26331.5,26271,26279,,,,26148,25974.65,0,0,26239.28613856856,26156.29640448052,26008.963896009056,25744.950871879602,26119.169928792337,26193.117912242327,26045.221945342346,8038
1769590800,26279.5,26290.5,26252.5,26284.5,,,,26162.025,25986.86,0,0,26248.32891085485,26167.95127680047,26019.769233420466,25750.319519920602,26123.56932455313,26200.92961072954,26046.209038376717,7209
1769594400,26285.25,26320.75,26272.5,26316.75,,,,26178.375,25999.835,0,0,26262.01312868388,26181.478433454973,26031.415537992212,25755.955644100497,26127.05218097988,26207.56693925053,26046.537422709232,5072
1769598000,26317.25,26326.75,26287.5,26318.75,,,,26191.65,26012.21,0,0,26273.360502947104,26193.95766677725,26042.683556110165,25761.555587940293,26130.768534979637,26214.562685998964,26046.97438396031,5398
1769601600,26319.25,26320.75,26264.75,26281,,,,26201.775,26023.28,0,0,26274.888402357683,26201.870606161134,26052.029299007805,25766.724189055316,26136.543031390294,26223.97499538581,26049.111067394777,10131
1769605200,26281.25,26306,26255.25,26273.5,,,,26211.4625,26036.385,0,0,26274.610721886147,26208.382369237395,26060.71442453691,25771.76673443785,26141.7871911158,26231.65980184802,26051.914580383578,10657
1769608800,26273.5,26301,26213.75,26253.5,,,,26221.05,26048.43,0,0,26270.38857750892,26212.483972033995,26068.27464318252,25776.560100264338,26164.925238506716,26257.39785960664,26072.45261740679,73094
1769612400,26253,26265.5,26159.5,26162.75,,,,26224.675,26058.275,0,0,26248.860862007135,26207.962701849086,26071.979559136147,25780.40278583385,26170.100593726136,26255.28746974657,26084.913717705702,72383
1769616000,26162.5,26198.5,26100.75,26116.75,,,,26225.925,26066.85,0,0,26222.438689605708,26199.670638044623,26073.735262699436,25783.749524283263,26138.666666666668,26138.666666666668,26138.666666666668,45951
1769619600,26117.25,26165.5,26110.5,26140.75,,,,26229.1625,26075.34,0,0,26206.100951684566,26194.314216404204,26076.363291613183,25787.301767822733,26138.782529794575,26138.9071950836,26138.65786450555,39691
1769623200,26140.5,26180,26122,26171.5,,,,26232.2375,26082.025,0,0,26199.180761347652,26192.240196731094,26080.09414292247,25791.124635804597,26143.148981921495,26151.157133821875,26135.140830021115,25466
1769626800,26171,26210.25,26112.75,26160.75,,,,26233.4,26087.615,0,0,26191.494609078123,26189.37745157372,26083.257117709825,25794.802500124948,26149.438498891974,26160.215134022415,26138.661863761532,59164
1769630400,26161,26212.25,26131.25,26149.25,,,,26230.5625,26092.475,0,0,26183.0456872625,26185.729501430655,26085.845073878067,25798.329340919725,26152.815283413816,26164.140976575305,26141.489590252328,50283
1769634000,26149.5,26287.75,25993.25,26268.25,,,,26233.7125,26100.015,0,0,26200.08654981,26193.231364936957,26092.99820823579,25803.00516837326,26157.98862441719,26173.35648019418,26142.6207686402,45468
1769641200,26282.5,26296,26160,26170.25,,,,26231.525,26105.445,0,0,26194.119239847998,26191.142149942687,26096.027690265757,25806.65934580238,26160.318940092224,26178.708847273403,26141.929032911044,12800
1769644800,26173.25,26180.5,26104.25,26163.75,,,,26229.7625,26111.15,0,0,26188.045391878397,26188.65195449335,26098.68346711808,25810.21248664017,26159.910974095972,26178.068160599694,26141.75378759225,10926
1769648400,26164.25,26168.25,26085.5,26128.75,,,,26225.2,26116.825,0,0,26176.186313502716,26183.206322266684,26099.86254683894,25813.382014136285,26159.03675799777,26177.701185775808,26140.37233021973,8032
1769652000,26129.25,26177.25,26122.75,26162.5,,,,26221.05,26122.85,0,0,26173.449050802174,26181.32392933335,26102.31891755114,25816.8558249409,26158.94572855324,26177.446661049238,26140.444796057243,5672
1769655600,26163,26199.75,26162,26198.75,,,,26215.85,26129.015,0,0,26178.50924064174,26182.90811757577,26106.100528627565,25820.65576698129,26159.272333840312,26177.907714467045,26140.63695321358,3596
1769659200,26198,26233.25,26195.25,26228,,,,26211.45,26135.6,0,0,26188.407392513393,26187.007379614337,26110.880900053933,25824.708943429236,26159.82561110968,26179.234348682647,26140.416873536717,2879
1769662800,26227.75,26249.5,26210.25,26234.25,,,,26209.2125,26141.845,0,0,26197.575914010715,26191.30216328576,26115.718903973386,25828.783978818,26160.52132931595,26181.07125111648,26139.971407515422,3045
1769666400,26233.25,26268.5,26231.75,26246.75,,,,26207.325,26147.355,0,0,26207.410731208573,26196.342875714327,26120.85737832737,25832.942844700407,26161.434827566583,26183.749170213672,26139.120484919495,3265
1769670000,26246.5,26276.5,26231.5,26255.25,,,,26204.25,26152.95,0,0,26216.97858496686,26201.698068831207,26126.127677216493,25837.144905947167,26162.477666171606,26186.730972956855,26138.224359386357,3587
1769673600,26255.5,26280.5,26226.5,26248.75,,,,26200.75,26158.135,0,0,26223.332867973488,26205.975517119277,26130.936395757024,25841.24047902232,26164.42059465875,26191.723401080377,26137.117788237123,7102
1769677200,26248.75,26273.25,26210,26211.75,,,,26197.2875,26162.205,0,0,26221.01629437879,26206.500470108433,26134.105556707727,25844.927140922595,26165.499342627347,26193.869447566212,26137.12923768848,5330
1769680800,26211,26237,26187,26191.75,,,,26193.2,26166.015,0,0,26215.163035503032,26205.159518280394,26136.366123111347,25848.378114644758,26166.198205170665,26194.798979127172,26137.59743121416,5946
1769684400,26191.75,26208.75,26175.25,26200,,,,26190.525,26169.89,0,0,26212.130428402426,26204.690471163995,26138.861569263845,25851.876839872173,26166.773062348446,26195.365392355707,26138.180732341185,6970
1769688000,26201,26221.75,26156.5,26176.25,,,,26191.2,26173.725,0,0,26204.95434272194,26202.10497378545,26140.32778223389,25855.104433505287,26167.133446289663,26195.551518868455,26138.71537371087,7028
1769691600,26176,26203.5,26150.5,26194.75,,,,26195.1,26178.145,0,0,26202.913474177552,26201.436339804954,26142.46198685217,25858.483991380857,26167.531527978434,26195.697865569342,26139.365190387525,9113
1769695200,26194.25,26196.75,25858,25864.5,,,,26181.2875,26175.32,0,0,26135.23077934204,26170.805763459048,26131.561516779537,25858.543852163137,26121.896029789288,26207.909358423833,26035.882701154744,110802
1769698800,25864.5,25868.25,25536,25576.75,,,,26151.55,26166.215,0,0,26023.53462347363,26116.80069405368,26109.804202396026,25855.739933236142,26004.950034449364,26219.018557891333,25790.881511007396,160213
1769702400,25576.75,25739.75,25538,25711.25,,,,26129.075,26160.36,0,0,25961.077698778907,26079.93244913971,26094.174625831474,25854.302222457674,25663,25663,25663,90859
1769706000,25711.25,25878.75,25708.75,25760.5,,,,26109.6375,26155.775,0,0,25920.962159023125,26050.893135581555,26081.089346387103,25853.368867010333,25711.493803158646,25770.242784707825,25652.744821609467,61907
1769709600,25760.25,25891.5,25758.25,25836.75,,,,26088.0625,26151.445,0,0,25904.1197272185,26031.425577801412,26071.507411234667,25853.203505149533,25738.22733522038,25809.552765469,25666.90190497176,45074
1769713200,25836.25,25898.5,25820,25849,,,,26072,26146.855,0,0,25893.095781774802,26014.84143436492,26062.781630401936,25853.161679227647,25756.003366685545,25834.06074714965,25677.94598622144,35228
1769716800,25849.25,26020,25841.5,25991.5,,,,26063.3875,26145.09,1,0,25912.776625419843,26012.719485786292,26059.98627234696,25854.53817993185,25796.93031617963,25902.38046787709,25691.48016448217,61912
1769720400,25991.5,26050,25951,25982.5,,,,26056.075,26143.505,0,0,25926.721300335874,26009.97225980572,26056.94759500002,25855.811431872826,25813.16321080155,25927.835465727927,25698.490955875175,26406
1769727600,25998.5,26020,25882.75,25972.25,,,,26046.5625,26141.145,0,0,25935.827040268698,26006.542963459746,26053.626120686295,25856.970024590508,25818.12692578925,25933.868232137946,25702.385619440553,11378
1769731200,25972.5,25993.75,25907.25,25930,,,,26033.125,26137.91,0,0,25934.661632214957,25999.58451223613,26048.778037522126,25857.696691012494,25821.567215175073,25937.537048609825,25705.59738174032,9376
1769734800,25931,25933.75,25796.75,25852.25,,,,26014.3375,26133.435,0,0,25918.179305771966,25986.19046566921,26041.071055658515,25857.642495082022,25822.80888680057,25937.141456340112,25708.476317261026,11148
1769738400,25852.25,25866.25,25736,25843,,,,25994.775,26128.095,0,0,25903.143444617574,25973.17315060837,26033.30356327975,25857.496798613545,25822.552969596123,25934.984398557808,25710.121540634438,12104
1769742000,25843.75,25888,25827.75,25847,,,,25974.7875,26122.285,0,0,25891.91475569406,25961.70286418943,26025.99754119035,25857.392352856197,25823.23083884831,25934.54803346093,25711.91364423569,7985
1769745600,25846.75,25896,25843.25,25857.5,,,,25954.9,26115.315,0,0,25885.03180455525,25952.229876535843,26019.389794477003,25857.393423972055,25823.64051979007,25934.495543565812,25712.78549601433,3647
1769749200,25859.5,25887,25832.25,25833,,,,25934.1125,26107.87,0,0,25874.6254436442,25941.390796850766,26012.080390772022,25857.150703335516,25823.871715356137,25934.281173997362,25713.462256714913,3243
1769752800,25833.75,25838.5,25737,25751.5,,,,25911.1,26098.62,0,0,25850.00035491536,25924.12799713706,26001.861551918217,25856.099452556056,25822.86802535322,25932.338604581648,25713.39744612479,8086
1769756400,25750.75,25804,25700,25707.25,,,,25886.875,26088.785,0,0,25821.45028393229,25904.411815579148,25990.308157725347,25854.618363475896,25821.15945416766,25930.195120848733,25712.123787486587,7892
1769760000,25710.5,25792.5,25682,25768.75,,,,25865.3125,26079.76,0,0,25810.910227145832,25892.07892325377,25981.61960252043,25853.76395189902,25819.057542236107,25927.21599469324,25710.899089778974,11680
1769763600,25768.75,25786.75,25649.75,25696.75,,,,25841.3375,26068.785,0,0,25788.078181716664,25874.32174841252,25970.448245558844,25852.201624019428,25816.157929014124,25924.272561229955,25708.043296798292,11257
1769767200,25696.5,25790,25694,25764.75,,,,25819.8375,26058.025,0,0,25783.412545373332,25864.36068037502,25962.38164769379,25851.3314586063,25814.84165327914,25922.28264980671,25707.40065675157,8455
1769770800,25765.25,25884,25763.75,25871,,,,25820.1625,26049.125,0,0,25800.930036298665,25864.96425488638,25958.798053666582,25851.527165485837,25815.424058369448,25921.659218246543,25709.188898492353,10309
1769774400,25870.25,25905.25,25821.75,25846.5,,,,25833.65,26040.475,0,0,25810.04402903893,25863.285686260348,25954.394208424754,25851.477143938715,25816.402532369368,25921.597863732924,25711.20720100581,10343
1769778000,25847,25888,25752.5,25826.25,,,,25839.4,26031.31,0,0,25813.285223231145,25859.918805691224,25949.368945349273,25851.226127581114,25816.593908028863,25920.058736522376,25713.12907953535,15168
1769781600,25825.75,25940,25805.5,25827,,,,25842.725,26021.515,0,0,25816.028178584915,25856.926186992023,25944.570163178712,25850.98507158528,25822.833994048684,25919.20973012412,25726.45825797325,83425
1769785200,25826.5,25934,25770.75,25841.5,,,,25842.9625,26011.97,0,0,25821.12254286793,25855.523806356385,25940.528195995234,25850.890692763536,25826.739506201597,25916.039625538346,25737.439386864848,97038
1769788800,25842,25869,25744.25,25757.5,,,,25838.3875,26001.5,0,0,25808.398034294347,25846.612551233076,25933.350619681696,25849.96143213902,25790.25,25790.25,25790.25,68420
1769792400,25758.25,25795.75,25678.25,25679.5,,,,25822.7875,25989.62,0,0,25782.61842743548,25831.420501120978,25923.39569341967,25848.265298485898,25753.79019983502,25789.997659941866,25717.582739728176,69377
1769796000,25677.75,25771.75,25568.75,25741.25,,,,25810.725,25979.375,0,0,25774.344741948382,25823.223182837253,25916.252725050268,25847.200469645242,25733.25895809093,25774.114531376414,25692.403384805446,71911
1769799600,25741.25,25781.5,25652,25658.25,,,,25795.025,25969.285,0,0,25751.125793558705,25808.22562076114,25906.13497112673,25845.320365469666,25725.022894086116,25763.96051639351,25686.085271778724,62189
1769803200,25658.25,25731.75,25571.25,25675.5,,,,25782.3,25960.46,0,0,25736.000634846965,25796.1596552374,25897.090462455093,25843.63061058937,25709.182443405178,25753.189232943583,25665.175653866772,86690
1769806800,25675.75,25707,25625.5,25639.25,,,,25771.65,25950.43,0,0,25716.650507877574,25781.895141124907,25886.97907177058,25841.59697267306,25706.47041809283,25750.843283723752,25662.09755246191,19758
1769986800,25530,25571.75,25373.75,25532.75,,,,25756.1375,25937.655,0,0,25679.87040630206,25759.245582840824,25873.087735622714,25838.523868467357,25696.799832902652,25758.873497883174,25634.72616792213,17931
1769990400,25532.5,25645.75,25487,25605.5,,,,25744.0625,25926.55,0,0,25664.996325041648,25745.268711673478,25862.594098931626,25836.20522300997,25693.550998104143,25757.717184159366,25629.38481204892,11280
1769994000,25605.25,25637,25400,25407.25,,,,25721.55,25911.71,0,0,25613.44706003332,25714.53973788498,25844.737467600975,25831.93701183574,25683.026670568746,25760.71092418127,25605.342416956224,21275
1769997600,25408.25,25449.75,25357.25,25367.75,,,,25698.2875,25893.7,0,0,25564.307648026654,25683.013398077255,25826.032076714662,25827.31823559857,25673.24349692528,25765.913858168875,25580.573135681683,14895
1770001200,25366.75,25386.75,25262.75,25278.75,,,,25674.65,25875.87,0,0,25507.19611842132,25646.262180070233,25804.570034490556,25821.859845194605,25661.17026414297,25773.195356970453,25549.145171315486,15230
1770004800,25281.5,25376,25216.25,25341.75,,,,25656.375,25859.43,0,0,25474.10689473706,25618.579254609303,25786.420229216415,25817.08263280461,25650.296551919477,25776.174825211532,25524.41827862742,14723
1770008400,25341.5,25348.5,25235.75,25250.75,,,,25630.475,25841.87,0,0,25429.435515789646,25585.140231463003,25765.41355356087,25811.44748222944,25641.43216302622,25778.130271813083,25504.734054239358,11564
1770012000,25250,25274,25180.25,25232,,,,25607.2375,25823.26,0,0,25389.94841263172,25553.036574057274,25744.495374989856,25805.68183564009,25631.19364983346,25780.670051299836,25481.717248367087,12345
1770015600,25233,25351,25233,25348.5,,,,25586.425,25806.255,0,0,25381.658730105373,25534.442340052068,25728.966144598096,25801.132762648645,25623.433122655362,25779.08621102766,25467.780034283063,12353
1770019200,25348.5,25426,25340.5,25401.75,,,,25562.9625,25789.73,0,0,25385.676984084297,25522.379400047335,25716.134138927584,25797.158804811344,25618.16721409676,25775.924243311445,25460.410184882076,11739
1770022800,25401.5,25463,25355.75,25454,,,,25543.3375,25774.125,0,0,25399.341587267438,25516.163090952123,25705.854368773562,25793.744289340586,25614.337266131894,25772.84206154484,25455.832470718946,10511
1770026400,25453.25,25473.5,25391.25,25406.5,,,,25522.35,25757.32,0,0,25400.77326981395,25506.193719047384,25694.114981762836,25789.89111233222,25611.79637112473,25770.751169895055,25452.841572354402,7191
1770030000,25407.75,25491.25,25401,25452.25,,,,25503.6125,25741.26,0,0,25411.06861585116,25501.289744588532,25684.630080517236,25786.531499274188,25609.359275111387,25768.36603439984,25450.35251582293,8155
1770033600,25451,25527.25,25450,25487.75,,,,25485.925,25726.04,0,0,25426.404892680926,25500.058858716846,25676.90929304597,25783.558549032652,25606.69264175387,25764.938312713075,25448.446970794666,12336
1770037200,25486.75,25540,25456,25529.25,,,,25474.5125,25712.39,0,0,25446.973914144743,25502.712598833496,25671.118732534364,25781.028115708945,25604.520041162323,25761.672471828344,25447.3676104963,12657
1770040800,25529.75,25799.5,25520.25,25749.25,,,,25478,25703.54,0,0,25507.429131315796,25525.125089848632,25674.182703807524,25780.711915552638,25616.265088537923,25765.101662082016,25467.42851499383,91611
1770044400,25746.75,25912.25,25733,25840.5,,,,25482.9625,25696.35,0,0,25574.043305052637,25553.79553622603,25680.704950717034,25781.306821865546,25639.734776702346,25795.091853201524,25484.377700203167,82538
1770048000,25840.25,25905.25,25803,25893.5,,,,25494.725,25690.695,0,0,25637.93464404211,25584.677760205483,25689.049854610483,25782.423171896735,25867.25,25867.25,25867.25,45654
1770051600,25893.5,25941.75,25888.5,25923.5,,,,25507.125,25685.27,0,0,25695.04771523369,25615.479782004983,25698.24397795909,25783.8269214301,25887.538624772915,25912.364592891645,25862.712656654185,30491
1770055200,25923.75,25949.5,25897.5,25941.75,,,,25522.25,25686.815,0,0,25744.38817218695,25645.14071091362,25707.7932337254,25785.39829534622,25897.149671424762,25925.20609439581,25869.093248453715,22564
1770058800,25941.75,25945,25841.5,25847,,,,25537.9625,25692.22,0,0,25764.91053774956,25663.49155537602,25713.252322598913,25786.01124763133,25892.919389103397,25918.969193363024,25866.86958484377,27679
1770062400,25847.25,25900,25821.75,25856.5,,,,25550.5125,25695.125,0,0,25783.228430199648,25681.03777761456,25718.869878575428,25786.712628251913,25882.262274790577,25908.83674388402,25855.687805697133,58958
1770066000,25856.75,25896,25835.75,25873.25,,,,25573.8125,25697.38,0,0,25801.23274415972,25698.51161601324,25724.924000984236,25787.573696627514,25881.132651062948,25906.888980110925,25855.37632201497,16358
1770073200,25876.5,25977,25866.5,25948.25,,,,25602.8375,25699.61,0,0,25830.636195327774,25721.21510546658,25733.68188329858,25789.1724658153,25882.74287625964,25909.553713200126,25855.932039319152,6789
1770076800,25947.75,25984.75,25913.5,25953,,,,25636.55,25701.69,0,0,25855.10895626222,25742.286459515075,25742.28259375746,25790.802590533556,25884.472043450496,25913.011197229487,25855.932889671505,5467
1770080400,25954,25990.75,25948,25960.25,,,,25667.475,25701.065,0,0,25876.137165009775,25762.101326831886,25750.830335178736,25792.488634408845,25886.37934005588,25917.168989754246,25855.589690357512,5104
1770084000,25959,25960,25900.5,25928.75,,,,25701.375,25699.99,0,0,25886.65973200782,25777.251206210804,25757.807576936433,25793.844468892337,25887.427058137,25918.562951536565,25856.291164737435,5423
1770087600,25926.5,25964.75,25913,25956.5,,,,25737.6,25699.675,0,0,25900.62778560626,25793.54655110073,25765.599436664415,25795.462931888433,25888.33280138191,25920.03809198058,25856.627510783237,3604
1770091200,25955.75,25988,25953,25980.5,,,,25769.2,25700.685,0,0,25916.602228485008,25810.542319182485,25774.0269097364,25797.304096745265,25889.25060286426,25921.993007501824,25856.508198226697,2475
1770094800,25980.5,25996.75,25952,25986.25,,,,25798.425,25703.365,0,0,25930.531782788006,25826.51574471135,25782.349383864384,25799.18415548412,25890.2888862693,25924.215055232635,25856.362717305965,2719
1770098400,25987.75,26007.25,25973.5,25992.25,,,,25825.3375,25706.35,0,0,25942.875426230406,25841.582495192135,25790.580780575587,25801.105208663383,25891.956974855337,25927.972715826912,25855.94123388376,3929
1770102000,25991.25,26027.75,25974.25,26012.5,,,,25855.6375,25709.66,0,0,25956.800340984326,25857.12045017467,25799.28349506282,25803.208639422952,25894.033645755746,25932.80688068042,25855.260410831073,4446
1770105600,26012,26024,25970.25,25977.75,,,,25881.9125,25712.065,0,0,25960.99027278746,25868.08677288606,25806.282181530943,25804.945369378944,25896.391119606953,25937.487829854806,25855.2944093591,6043
1770109200,25977,26009.75,25958.25,25969.25,,,,25905.9875,25714.79,0,0,25962.64221822997,25877.28342989642,25812.673076372866,25806.58024132542,25898.00385181227,25940.273935587295,25855.733768037248,4927
1770112800,25970.5,25990,25944.75,25955.75,,,,25927.3125,25718.875,0,0,25961.263774583975,25884.41675445129,25818.28393612295,25808.064517531137,25898.862259832935,25941.509977680274,25856.214541985595,3355
1770116400,25955.75,25965.25,25935,25945.5,,,,25937.125,25723.64,0,0,25958.11101966718,25889.969776773898,25823.27280137303,25809.432034769634,25899.680099718495,25942.445807479366,25856.914391957624,4281
1770120000,25945.25,25996.25,25923.5,25981.75,,,,25944.1875,25727.9,0,0,25962.838815733743,25898.313433430816,25829.48759347605,25811.14664138884,25901.370348102533,25944.894038827577,25857.84665737749,6686
1770123600,25983,26003.5,25961.5,25967.25,,,,25947.875,25733.31,0,0,25963.721052586996,25904.580394028013,25834.890040790713,25812.699908638704,25903.540000558,25948.2675352855,25858.812465830502,7840
1770127200,25967,25976.75,25623.25,25633,,,,25933.35,25730.675,0,0,25897.576842069597,25879.891267298193,25826.972784289115,25810.911849846278,25861.29975964366,25941.36511899259,25781.234400294732,99236
1770130800,25632.75,25646.75,25470.25,25617.5,,,,25917.1375,25725.605,0,0,25841.561473655678,25856.03751572563,25818.758165297386,25808.987353827906,25784.647943890493,25927.833629388937,25641.46225839205,138850
1770134400,25617.5,25619.75,25467.75,25491.25,,,,25899.35,25718.5,0,0,25771.499178924543,25822.875014296027,25805.914707834745,25805.825788118174,25526.25,25526.25,25526.25,75563
1770138000,25491.5,25502.5,25345,25387.25,,,,25875.8875,25709.72,0,0,25694.649343139634,25783.272740269116,25789.49648399809,25801.660854903068,25470.354783351875,25527.670077396637,25413.039489307113,71865
1770141600,25386.5,25423.5,25245.5,25245.5,,,,25844.5,25698.09,0,0,25604.819474511707,25734.38430933556,25768.163288547184,25796.12691604831,25423.755619396645,25512.64817074291,25334.86306805038,57769
1770145200,25245.5,25359.25,25219,25316.25,,,,25812.9,25687.585,0,0,25547.105579609364,25696.372099395965,25750.441198800236,25791.35202136126,25391.00481113893,25485.24797401241,25296.76164826545,72388
1770148800,25316.25,25459,25269.5,25445.5,,,,25787.525,25681.345,0,0,25526.78446368749,25673.56554490542,25738.482720415912,25787.910707715877,25391.07005025483,25475.43838810482,25306.701712404843,68783
1770152400,25445.5,25477,25380.5,25421.25,,,,25760.575,25676.18,0,0,25505.677570949993,25650.627768095837,25726.042221576074,25784.262342464972,25393.70673079063,25475.378872773752,25312.034588807506,28063
1770159600,25387.5,25442,25362,25428,,,,25735.5375,25669.915,0,0,25490.142056759993,25630.388880087125,25714.35429131819,25780.717443534973,25394.029232132263,25474.954288016084,25313.104176248442,7258
1770163200,25427.75,25435.75,25375.75,25376.5,,,,25706.5375,25664.28,0,0,25467.413645407993,25607.308072806478,25701.105103423357,25776.695379420198,25394.058320018306,25474.38429376737,25313.732346269244,5718
1770166800,25377.5,25454.75,25377.5,25440.75,,,,25679.55,25659.585,0,0,25462.080916326395,25592.166429824072,25690.89509936754,25773.352639326466,25394.565682554585,25474.31049484601,25314.82087026316,6603
1770170400,25441.5,25473.75,25399.5,25412.25,,,,25650.85,25655.045,0,0,25452.114733061117,25575.810390749157,25679.967840568814,25769.75957823864,25395.002331435946,25474.324677134136,25315.679985737755,5136
1770174000,25412.75,25451.75,25402.25,25433.25,,,,25622.9,25653.055,0,0,25448.341786448895,25562.850355226507,25670.292631134744,25766.411224226318,25395.353032057512,25474.341116072646,25316.364948042377,4150
1770177600,25433.5,25448,25418,25433.75,,,,25593.9625,25649.62,0,0,25445.423429159116,25551.113959296825,25661.016449521616,25763.10116229372,25395.582513663892,25474.385946391925,25316.77908093586,2457
1770181200,25434.5,25443.25,25408.75,25443,,,,25567.225,25650.335,0,0,25444.938743327293,25541.285417542567,25652.466784834494,25759.91607610174,25395.791265839118,25474.41406416547,25317.168467512765,2361
1770184800,25442.5,25489.75,25435.5,25471.5,,,,25542.3375,25652.41,0,0,25450.250994661834,25534.94128867506,25645.370048174318,25757.046264399236,25396.527988837923,25475.05930028215,25317.996677393694,4354
1770188400,25470.75,25514.25,25469.25,25503,,,,25519.7,25656.895,0,0,25460.80079572947,25532.037535159147,25639.786909030227,25754.518440872875,25397.697676814383,25476.492849323,25318.902504305766,4933
1770192000,25502.25,25509.5,25400.75,25426.5,,,,25493.75,25658.59,0,0,25453.940636583575,25522.443213781044,25631.42271651924,25751.254575789564,25398.74486310331,25476.98777631344,25320.501949893183,9332
1770195600,25427.75,25449.5,25354.5,25403.75,,,,25464.85,25661.65,0,0,25443.90250926686,25511.65292161913,25622.494374694954,25747.796818816532,25398.822281717283,25476.274009609708,25321.370553824858,8784
1770199200,25402.25,25466.25,25395.25,25449.5,,,,25438.9625,25666,0,0,25445.02200741349,25506.00265601739,25615.71028156966,25744.82869126612,25399.492143305622,25476.42485115134,25322.559435459905,7778
1770202800,25450.75,25483.5,25436.75,25474.25,,,,25431.025,25668.515,0,0,25450.86760593079,25503.1160509249,25610.16281954732,25742.13636597989,25400.355111064608,25477.141282093835,25323.56894003538,5933
1770206400,25474.75,25490.5,25396.75,25405.75,,,,25420.4375,25668.595,0,0,25441.844084744633,25494.264591749907,25602.146630545463,25738.78923796019,25400.867110200546,25477.110370770188,25324.623849630905,7633
1770210000,25406.25,25418,25342,25358,,,,25413.775,25666.675,0,0,25425.075267795706,25481.876901590826,25592.572252877013,25735.000290318796,25400.003900312688,25475.22820975195,25324.779590873426,14426
1770213600,25356.25,25390,25186,25194.25,,,,25404.125,25662.43,0,0,25378.910214236566,25455.729001446205,25576.95177237203,25729.619690415126,25375.556511240626,25462.720180581455,25288.392841899797,96979
1770217200,25194.25,25305,25108,25151.5,,,,25399.425,25656.415,0,0,25333.428171389252,25428.07181949655,25560.267389141754,25723.86725568463,25341.639276699734,25448.539868762975,25234.738684636493,125586
1770220800,25152.25,25171.5,24928,25035.5,,,,25385.3875,25647.37,0,0,25273.842537111403,25392.38347226959,25539.688275842076,25717.017830254932,25045,25045,25045,89796
1770224400,25035.75,25057.5,24783.5,24874.25,,,,25356.825,25634.27,0,0,25193.924029689122,25345.28042933599,25513.5926571816,25708.632080700158,24977.051330263053,25046.98079225872,24907.121868267386,84781
1770228000,24873.75,24959.75,24819,24925,,,,25332.0125,25617.785,0,0,25140.1392237513,25307.073117578173,25490.51059219409,25700.834746563836,24955.65039807335,25024.0150254891,24887.2857706576,68678
1770231600,24923.5,25115.5,24863.75,25106.25,,,,25315.925,25603.1,0,0,25133.36137900104,25288.816470525613,25475.44154936295,25694.918480428874,24972.349893008366,25039.72965078701,24904.970135229723,72346
1770235200,25106,25123.75,24979,24994.5,,,,25296.825,25585.12,0,0,25105.58910320083,25262.06042775056,25456.581096446756,25687.949142315156,24981.925706784994,25047.498218471766,24916.35319509822,59855
1770238800,24998,25181.25,24876,25116.25,,,,25280.6,25568.975,0,0,25107.721282560662,25248.80493431869,25443.23477893904,25682.2605936354,24988.890735154546,25055.113166830935,24922.668303478156,37931
1770246000,25061.75,25125,25042,25067,,,,25263.3375,25551.48,0,0,25099.57702604853,25232.27721301699,25428.480473882606,25676.13859767883,24990.24551678026,25056.86101491566,24923.630018644857,6382
1770249600,25067.5,25135.5,25030.75,25107.25,,,,25247.0375,25536.685,0,0,25101.111620838823,25220.911102742717,25415.883200397013,25670.478014617347,24991.67285358309,25058.880546992987,24924.465160173197,6022
1770253200,25109.25,25169,25099.25,25122.75,,,,25231.4875,25522.01,0,0,25105.43929667106,25211.987366129742,25404.3877807736,25665.027984621156,24993.764726020265,25062.57181344233,24924.9576385982,6522
1770256800,25124,25135,24959.25,24961.75,,,,25207.425,25503.78,0,0,25076.701437336847,25189.2385146634,25387.029436429537,25658.030193729403,24994.534390194145,25062.406760661146,24926.662019727144,13788
1770260400,24962,25037,24929.75,24947.5,,,,25181.225,25483.765,0,0,25050.861149869477,25167.262286057638,25369.792987942103,25650.96024155299,24994.05836242352,25061.30848437673,24926.80824047031,9379
1770264000,24949,25027,24915.75,25009.5,,,,25156.55,25464.895,0,0,25042.58891989558,25152.920260052397,25355.663851160058,25644.577552582316,24993.91997392585,25060.7121606947,24927.127787157002,6408
1770267600,25012,25045.5,24963.75,24996.75,,,,25135.0625,25445.625,0,0,25033.421135916466,25138.722963684,25341.58879817339,25638.13150728299,24994.008182079684,25060.44009535163,24927.576268807738,5098
1770271200,24996.75,25077.25,24992.5,25073,,,,25118.525,25428.51,0,0,25041.336908733174,25132.748148803636,25331.055904127374,25632.508308205546,24994.59481770855,25060.89685789873,24928.292777518367,5170
1770274800,25072.5,25089.75,25041.25,25044.75,,,,25098.2875,25410.275,0,0,25042.01952698654,25124.748317094214,25319.828221612574,25626.659966830368,24995.36126590357,25061.6316407807,24929.090891026444,5724
1770278400,25043.75,25123.75,24998,24998.25,,,,25074.4875,25390.63,0,0,25033.26562158923,25113.248470085648,25307.2173109611,25620.407131339518,24996.445036047455,25062.26554879408,24930.62452330083,11891
1770282000,25000,25096.75,24978.75,25030.75,,,,25055.7375,25371.52,0,0,25032.762497271386,25105.74860916877,25296.37545562929,25614.53989620181,24997.246134719855,25062.620922846996,24931.871346592714,10279
1770285600,25031,25092,25022.5,25033.75,,,,25039.525,25352.35,0,0,25032.95999781711,25099.20328106252,25286.076418153632,25608.760892259506,24997.864390889907,25063.09542079342,24932.633360986394,5997
1770289200,25033.75,25065,24991,25028.25,,,,25031.225,25332.665,0,0,25032.017998253687,25092.75298278411,25275.965578226038,25602.98466447583,24998.26210780375,25063.153907768552,24933.370307838944,6749
1770292800,25031.5,25056.5,24707.5,24793.5,,,,25013.325,25308.98,0,0,24984.31439860295,25065.548166167373,25257.045359472075,25594.93009069995,24990.077421500213,25061.49538128756,24918.659461712865,30507
1770296400,24792.5,24869.25,24758.75,24767.75,,,,24999.9375,25284.95,0,0,24941.00151888236,25038.4756056067,25237.857306159443,25586.69944303129,24980.823892080778,25061.696765982604,24899.951018178952,27587
1770300000,24768.25,24960.75,24652,24769.25,,,,24994.6875,25261.22,0,0,24906.65121510589,25014.000550551547,25219.48054905515,25578.565617727498,24949.25304448012,25050.922333563794,24847.583755396445,116091
1770303600,24769,24800.75,24550,24634,,,,24980.1375,25234.99,0,0,24852.12097208471,24979.45504595595,25196.52052752358,25569.166954864537,24903.487224549976,25044.068523126465,24762.905925973486,129970
1770307200,24635,24856.5,24543.25,24829,,,,24966.275,25211.935,0,0,24847.49677766777,24965.77731450541,25182.10795781677,25561.802109542503,24742.916666666668,24742.916666666668,24742.916666666668,93240
1770310800,24829.5,24887.5,24722.25,24782.25,,,,24955.6625,25188.235,0,0,24834.447422134217,24949.093013186735,25166.427253588663,25554.04537213412,24763.185808347633,24789.494381514683,24736.877235180582,55345
1770314400,24783.75,24834.5,24662,24700.25,,,,24934.8625,25169.58,0,0,24807.607937707373,24926.47092107885,25148.145792663618,25545.549895794476,24756.101291690662,24782.608097545683,24729.59448583564,44134
1770318000,24700.25,24839.25,24672.5,24712,,,,24917.1125,25151.47,0,0,24788.4863501659,24906.973564617136,25131.042036088573,25537.255866980602,24753.140893121006,24777.589959589815,24728.691826652197,47980
1770321600,24711.75,24808,24567.75,24638.25,,,,24893.6625,25134.41,0,0,24758.439080132717,24882.54414965194,25111.716858202748,25528.310534970846,24733.536973857263,24774.45089316273,24692.623054551794,75858
1770325200,24638.5,24720,24407.25,24425.25,,,,24858.7875,25115.17,0,0,24691.801264106172,24840.971954229037,25084.79658925362,25517.334808254716,24708.235481993623,24787.631917893774,24628.83904609347,41992
1770332400,24416,24474,24294,24336,,,,24827.5,25096.98,0,0,24620.641011284937,24795.065412935488,25055.432017126026,25505.5802330482,24693.837870022147,24797.415503043576,24590.26023700072,15843
1770336000,24334.75,24409.25,24239.75,24400,,,,24800.125,25078.655,0,0,24576.51280902795,24759.150375395897,25029.72880076814,25494.579434709412,24677.822405839768,24802.25980702882,24553.385004650718,18272
1770339600,24401,24536,24340.75,24531.25,,,,24776.2125,25060.37,0,0,24567.46024722236,24738.432159450815,25010.180612502725,25484.994067199867,24670.354701400363,24798.538951601644,24542.170451199083,14587
1770343200,24531,24579.5,24510.75,24534.25,,,,24753.0875,25042.63,0,0,24560.818197777888,24719.870144955286,24991.516666914384,25475.533927227727,24667.201748166317,24795.363667975387,24539.039828357247,10215
1770346800,24534.25,24565.5,24472.25,24528.25,,,,24725.85,25024.635,0,0,24554.30455822231,24702.450131777532,24973.34934664323,25466.108216509045,24665.017091234255,24793.433557179913,24536.600625288596,6377
1770350400,24527.5,24527.5,24425.25,24454.5,,,,24696.3375,25006.195,0,0,24534.343646577847,24679.909210706846,24953.002313441535,25456.042463110945,24662.63470551904,24792.061862502313,24533.20754853577,5217
1770354000,24456,24597.25,24430.75,24582.75,,,,24675.5625,24989.035,0,0,24544.02491726228,24671.076555188043,24938.4826148752,25447.35298586606,24660.69009020172,24790.04606809801,24531.334112305427,6741
1770357600,24582,24613.75,24540.25,24547.75,,,,24651.4125,24971.745,0,0,24544.769933809825,24659.86505017095,24923.159767233035,25438.401712374853,24659.556489471906,24788.53170386485,24530.581275078963,5352
1770361200,24546.75,24578.25,24506,24557.25,,,,24627.5875,24954.225,0,0,24547.26594704786,24650.536409246317,24908.810364596447,25429.634033644754,24657.87980479374,24786.612372583622,24529.14723700386,6681
1770364800,24556.75,24606,24490.75,24583.75,,,,24605.3625,24937.225,0,0,24554.56275763829,24644.46491749665,24896.062899318156,25421.217277091073,24655.625668344208,24783.707485145893,24527.543851542523,10575
1770368400,24584,24783.75,24562.25,24750.75,,,,24603.225,24923.38,0,0,24593.80020611063,24654.12719772423,24890.364354246856,25414.545960901112,24657.255633358804,24783.173023168612,24531.338243548995,17935
1770372000,24749.5,24798.5,24712,24794.75,,,,24604.575,24909.845,0,0,24633.990164888506,24666.911088840207,24886.61477172737,25408.378836912045,24659.405897016237,24785.035882372693,24533.77591165978,9396
1770375600,24793,24873.25,24789,24855,,,,24608.8625,24896.885,0,0,24678.192131910804,24684.010080763823,24885.37497675767,25402.87257982834,24664.19906669899,24791.478721140582,24536.9194122574,13313
1770379200,24854,24860.5,24761,24782,,,,24616.2625,24883.995,0,0,24698.953705528642,24692.918255239838,24881.321056100507,25396.694743213135,24667.435080967814,24794.911046724512,24539.959115211117,12076
1770382800,24782.75,24851.75,24758.25,24799.75,,,,24614.8,24871.915,0,0,24719.112964422915,24702.630232036216,24878.122191155388,25390.754994524446,24672.232049871374,24799.921745046468,24544.54235469628,18714
1770386400,24797,24984,24700.75,24850.75,,,,24618.225,24859.94,0,0,24745.44037153833,24716.095665487468,24877.04877189439,25385.381810499326,24700.94501746339,24834.13123179322,24567.758803133558,105486
1770390000,24856.75,24962.25,24743.25,24895.75,,,,24628,24848.37,0,0,24775.502297230665,24732.42787771588,24877.78215338873,25380.5098521859,24726.36994450251,24862.75755016439,24589.982338840626,114795
1770393600,24895.25,25051.75,24880.5,25000.75,,,,24642.4375,24840.27,0,0,24820.551837784533,24756.820797923527,24882.60442188329,25376.731147189024,24977.666666666668,24977.666666666668,24977.666666666668,68563
1770397200,25001,25108.75,24986.5,25092.25,,,,24665.1375,24834.955,0,0,24874.891470227627,24787.31436174866,24890.825817103552,25373.90048900804,25011.344532296698,25052.85124220746,24969.837822385936,45138
1770400800,25092.75,25124,25074,25084.5,,,,24698.1,24832.76,0,0,24916.813176182102,24814.331237953327,24898.42088309949,25371.02088215224,25028.787005473212,25078.790646017413,24978.78336492901,30334
1770404400,25084.25,25108.75,25065.25,25070.75,,,,24734.8375,24831.145,0,0,24947.60054094568,24837.642034503024,24905.178887683825,25368.033112180576,25036.374580630847,25086.214839256972,24986.53432200472,24174
1770408000,25070.25,25222,25052.75,25146.75,,,,24772.175,24833.37,0,0,24987.430432756544,24865.742758639113,24914.6522646374,25365.83129016883,25063.70312598199,25126.39953075839,25001.006721205587,59858
1770411600,25146.25,25164,25090,25107.75,,,,24801,24838.04,0,0,25011.494346205236,24887.74341694465,24922.224724847696,25363.263317132325,25068.143561768247,25130.246926860986,25006.04019667551,19312
1770591600,25153.75,25294.5,25153.75,25276.75,,,,24838.125,24845.075,0,0,25064.545476964187,24923.107651767863,24936.127676814453,25362.402488106134,25073.766719209587,25142.14779953181,25005.385638887365,8285
1770595200,25275,25346.5,25258,25262.75,,,,24874.85,24848.205,0,0,25104.18638157135,24953.984228879875,24948.936395370747,25361.410921060302,25082.316754683816,25161.425255752412,25003.20825361522,10572
1770598800,25263.75,25266,25194.5,25217.75,,,,24913.0125,24852.67,0,0,25126.899105257082,24977.962935345342,24959.478105356207,25359.981459159204,25086.584465578886,25168.240588738277,25004.928342419495,8145
1770602400,25216.5,25263.75,25208.75,25227.75,,,,24945.2625,24854.9,0,0,25147.069284205667,25000.67085031395,24969.998571812826,25358.665723247173,25089.28605116794,25172.559236005687,25006.01286633019,5143
1770606000,25228,25242,25188.75,25189.25,,,,24977.3375,24857.345,0,0,25155.505427364533,25017.81440937632,24978.596667035854,25356.97999465765,25091.048507966712,25174.917904848437,25007.179111084988,4261
1770609600,25189.5,25223,25179.5,25187,,,,25008.825,24858.94,0,0,25161.804341891628,25033.194917614834,24986.76934675994,25355.288651427225,25092.35642662175,25176.51724387678,25008.19560936672,3564
1770613200,25187.5,25228,25176.5,25215.25,,,,25040.4,24860.79,0,0,25172.493473513303,25049.74537964985,24995.729372377195,25353.89523201004,25093.913073526503,25178.54111602885,25009.285031024156,3970
1770616800,25216,25222,25156.5,25166.75,,,,25061.2,24864.89,0,0,25171.344778810642,25060.382163318045,25002.43606365652,25352.033090398,25095.88377096581,25180.562212069504,25011.205329862118,6686
1770620400,25167,25181.25,25120.75,25159.75,,,,25079.45,24869.135,0,0,25169.025823048512,25069.415603016405,25008.605237630774,25350.119825816924,25096.892770824128,25181.173879707087,25012.61166194117,5273
1770624000,25158.25,25215.25,25148.25,25161,,,,25094.75,24872.165,0,0,25167.42065843881,25077.74145728764,25014.581502821726,25348.238036505314,25098.78031643635,25182.89234132087,25014.668291551832,7527
1770627600,25160.5,25185.25,25073,25089,,,,25110.1,24874.01,0,0,25151.736526751047,25078.764961170582,25017.499875260088,25345.65855355501,25099.181722870562,25182.33298828734,25016.030457453784,7530
1770631200,25088.25,25093.75,24968.5,25044,,,,25122.3125,24873.43,0,0,25130.189221400837,25075.604510155074,25018.539095838125,25342.6569759077,25096.26393635092,25178.576102337578,25013.95177036426,15265
1770634800,25045.75,25071.75,25018.75,25047.5,,,,25132.15,24873.485,0,0,25113.65137712067,25073.04955468643,25019.674817569965,25339.720090575283,25095.299376899413,25177.109081230064,25013.48967256876,6527
1770638400,25049.25,25104,25015.25,25101,,,,25142.4125,24875.54,0,0,25111.121101696535,25075.59050426039,25022.864040410357,25337.344766290953,25094.75128201453,25175.602294844608,25013.900269184454,8738
1770642000,25101,25155.75,25074.25,25079,,,,25146.325,24876.505,0,0,25104.696881357228,25075.90045841854,25025.065450590344,25334.77417160149,25095.027259302766,25174.52808962487,25015.526428980662,12076
1770645600,25080,25188.5,24955.5,25113.25,,,,25147.375,24878.095,0,0,25106.407505085783,25079.29587128958,25028.523668214253,25332.569950988538,25093.18935564926,25164.47703778069,25021.901673517834,89171
1770649200,25112.25,25329,25102.75,25312.25,,,,25158.7625,24883.775,0,0,25147.576004068625,25100.473519354164,25039.65019102938,25332.367762421487,25113.745987241633,25198.40374565088,25029.088228832385,68920
1770652800,25311.5,25404,25305.75,25391,,,,25174.775,24895.725,0,0,25196.2608032549,25126.885017594694,25053.428614910583,25332.951167770527,25366.91666666667,25366.91666666667,25366.91666666667,49088
1770656400,25390.75,25416.5,25349.5,25355.25,,,,25185.2,24907.475,0,0,25228.05864260392,25147.645470540632,25065.26474765919,25333.173046698183,25369.844192351433,25373.22566424389,25366.462720458974,36793
1770660000,25355,25388.75,25312,25369.5,,,,25198.2875,24919.48,0,0,25256.346914083137,25167.814064127848,25077.19554186863,25333.534508920093,25365.81669622941,25372.482539878976,25359.15085257984,38149
1770663600,25370,25428.75,25363.75,25399,,,,25204.4,24934.78,0,0,25284.87753126651,25188.830967388953,25089.81532454045,25334.185906841285,25370.979582398882,25384.106533966446,25357.85263083132,24453
1770667200,25399.25,25413,25332.25,25337.75,,,,25208.15,24944.955,0,0,25295.45202501321,25202.369061262685,25099.538252989845,25334.221370454805,25368.48511528916,25380.64720456577,25356.323026012553,49483
1770670800,25338.25,25374.75,25334.25,25361.5,,,,25215.3375,24956.54,0,0,25308.661620010567,25216.835510238805,25109.811262676518,25334.492799604508,25367.75960750506,25379.868834365923,25355.650380644198,13145
1770678000,25363,25395.5,25328,25344.25,,,,25221.1625,24969.42,0,0,25315.779296008455,25228.41864567164,25119.00493864999,25334.589886175607,25367.43253249934,25379.530063145747,25355.335001852935,5996
1770681600,25344.75,25362.75,25310,25335.25,,,,25228.4625,24981.885,0,0,25319.673436806763,25238.13058697422,25127.485137134303,25334.59645447237,25366.553804699033,25379.557933205673,25353.549676192393,6244
1770685200,25335.5,25352,25300,25334.75,,,,25235.85,24995.815,0,0,25322.68874944541,25246.914169976564,25135.613170972174,25334.597982288564,25365.315106241414,25379.75908267733,25350.8711298055,7601
1770688800,25334,25336,25287.25,25306.25,,,,25240.4,25013.435,0,0,25319.40099955633,25252.308336342332,25142.304811326205,25334.315912813057,25364.242943472767,25380.458144772947,25348.027742172588,4551
1770692400,25307,25313.75,25278.5,25300.25,,,,25247.075,25032.72,0,0,25315.570799645062,25256.66666940212,25148.498740293806,25333.97694850646,25363.24546761978,25381.261647280797,25345.229287958766,3573
1770696000,25299,25348,25298.75,25344.5,,,,25256.3125,25051.61,0,0,25321.35663971605,25264.65151763829,25156.18506420385,25334.081655486498,25362.82831722093,25381.10340521159,25344.55322923027,3077
1770699600,25345.25,25358.25,25311.75,25351.75,,,,25265.85,25068.02,0,0,25327.43531177284,25272.569561489352,25163.854277372327,25334.257459909517,25362.45697131263,25380.801623456602,25344.112319168657,4111
1770703200,25352.5,25354.25,25291.75,25313.25,,,,25277.0625,25083.6,0,0,25324.59824941827,25276.267783172138,25169.71293316165,25334.048430457682,25361.829699055088,25380.750028154383,25342.909369955792,3671
1770706800,25314.25,25349,25307,25348.5,,,,25292.2875,25100.005,0,0,25329.37859953462,25282.834348338307,25176.724190684723,25334.192227169548,25361.452461170047,25380.505500924857,25342.399421415237,3542
1770710400,25349.75,25367,25322.75,25334.25,,,,25306.625,25117.6,0,0,25330.352879627695,25287.50849848937,25182.90167340297,25334.192802023583,25360.96771517123,25380.040982471535,25341.894447870927,6258
1770714000,25335,25407.5,25334.25,25364,,,,25319.775,25133.225,0,0,25337.082303702155,25294.462271353972,25190.003568563636,25334.489391058174,25361.145517164015,25380.02986471661,25342.26116961142,6209
1770717600,25363.75,25374.25,25341.75,25355.25,,,,25333.5875,25149.375,0,0,25340.715842961723,25299.98842850361,25196.483820776826,25334.695964281476,25361.06184608359,25379.759599849578,25342.364092317603,5593
1770721200,25355,25373.75,25334,25370,,,,25346.425,25165.63,0,0,25346.572674369378,25306.353116821465,25203.288376824792,25335.047248218973,25361.03134753391,25379.572530234906,25342.490164832914,4649
1770724800,25369.75,25421.5,25337,25339.25,,,,25347.775,25180.74,0,0,25345.108139495504,25309.343742564968,25208.620205184605,25335.089066644654,25361.18785814171,25379.449896794726,25342.925819488697,9141
1770728400,25339,25374.75,25292.25,25372.75,,,,25346.8625,25193.18,0,0,25350.636511596404,25315.107947786335,25215.056667726385,25335.46380229993,25360.41215088341,25378.481890338517,25342.342411428304,16005
1770732000,25372.75,25410,25255.75,25392.25,,,,25348.7125,25205.13,0,0,25358.959209277124,25322.120861623942,25222.00542585476,25336.028839092967,25358.86149162155,25375.31605284491,25342.406930398185,75428
1770735600,25392.5,25447.25,25348,25375,,,,25348.9875,25215.53,0,0,25362.167367421698,25326.928056021767,25228.005213076143,25336.41661183831,25363.97330744485,25382.944155867903,25345.002459021794,73762
1770739200,25375,25400.25,25316.25,25327,,,,25345.3875,25226.43,0,0,25355.13389393736,25326.934596383424,25231.88736158296,25336.322914208078,25347.83333333333,25347.83382161458,25347.83284505208,50963
1770742800,25327.25,25397.75,25304,25383.75,,,,25347.6875,25238.11,0,0,25360.857115149887,25332.09963307584,25237.842759167943,25336.79482550949,25353.31638256219,25360.150039015807,25346.48272610857,32809
1770746400,25383.5,25386,25270.75,25312.5,,,,25345.2375,25247.345,0,0,25351.18569211991,25330.31784825076,25240.770494102533,25336.553085952182,25342.228554366233,25357.780120046154,25326.67698868631,48516
1770750000,25312.5,25323.25,25274.5,25294.5,,,,25342.75,25255.32,0,0,25339.848553695927,25327.061680227966,25242.877533549494,25336.13464728599,25334.006108450198,25356.329394426823,25311.682822473573,29728
1770753600,25292.5,25296.75,25198.25,25219.75,,,,25336.975,25259.7,0,0,25315.82884295674,25317.306072934512,25241.970571449514,25334.97659109409,25310.676724493434,25356.136490894478,25265.21695809239,52187
1770757200,25219.75,25258,25208,25257.25,,,,25333.1,25263,0,0,25304.113074365392,25311.846429940466,25242.569764726002,25334.20319217773,25307.130515335724,25353.98670016969,25260.274330501758,11501
1770764400,25259,25287.75,25252.75,25272.75,,,,25331.425,25266.765,0,0,25297.840459492312,25308.292209036787,25243.7533033642,25333.5917176287,25306.55716031835,25353.257483618032,25259.856837018666,3648
1770768000,25273.5,25297,25266.25,25290.5,,,,25330.9375,25271.16,0,0,25296.37236759385,25306.674735487988,25245.58650715384,25333.162944318963,25306.312162445713,25352.80869430793,25259.815630583496,2586
1770771600,25291,25326.25,25290.25,25316.25,,,,25329.525,25274.55,0,0,25300.34789407508,25307.54521407999,25248.357624520355,25332.99465631579,25306.385885459094,25352.512306718192,25260.259464199997,3774
1770775200,25315.75,25330,25306.75,25322.25,,,,25328.05,25278.84,0,0,25304.728315260065,25308.88201279999,25251.255364735243,25332.887744312648,25306.56316563486,25352.406033886542,25260.720297383177,3189
1770778800,25322.25,25345.5,25303.25,25337.75,,,,25329.275,25280.06,0,0,25311.332652208053,25311.50637527272,25254.647311216213,25332.936124966254,25306.840446083235,25352.463912055326,25261.216980111145,3012
1770782400,25338.5,25340,25295.75,25306.75,,,,25327.1875,25280.94,0,0,25310.416121766444,25311.073977520653,25256.690553913617,25332.67556650888,25306.914997272233,25352.31169362725,25261.518300917218,2487
1770786000,25305.5,25325.75,25278.75,25287.5,,,,25324.85,25282.335,0,0,25305.832897413155,25308.93088865514,25257.898767485633,25332.22605838441,25306.79540504831,25351.92044563757,25261.67036445905,3089
1770789600,25287.75,25316,25267.5,25270.75,,,,25320.1875,25283.195,0,0,25298.816317930523,25305.4598987774,25258.402737388158,25331.614356310933,25306.49933727448,25351.392116824336,25261.606557724623,3369
1770793200,25270.25,25290,25253,25271,,,,25315.975,25284.83,0,0,25293.25305434442,25302.32718070673,25258.89674768666,25331.01122838744,25306.007132918538,25350.775649172632,25261.238616664443,3561
1770796800,25271,25278.5,25209.75,25250.25,,,,25309.9875,25286.095,0,0,25284.652443475534,25297.592891551572,25258.557659542086,25330.207634075126,25304.639423064615,25349.787905744233,25259.490940384996,5951
1770800400,25250,25279,25204,25205.25,,,,25303.2875,25285.895,0,0,25268.771954780426,25289.1980832287,25256.467163089455,25328.96427453209,25302.91660505943,25348.941898112254,25256.891312006603,6103
1770804000,25204.25,25207.5,25146.25,25207.5,,,,25295.025,25286.71,0,0,25256.51756382434,25281.770984753366,25254.546882183986,25327.7556747855,25299.17574640055,25348.86717082651,25249.48432197459,8893
1770807600,25207.5,25250,25205.75,25209,,,,25285.8625,25287.695,0,0,25247.014051059472,25275.155440684877,25252.760729941478,25326.574026280174,25297.39448739693,25347.86816002486,25246.920814769,6470
1770811200,25210,25276,25206,25247.5,,,,25279.4875,25289.425,0,0,25247.11124084758,25272.641309713526,25252.554426806517,25325.78722004853,25295.995763595558,25346.550424205798,25245.441102985318,7462
1770814800,25245.75,25452,25236.25,25444.25,,,,25285.35,25296.53,0,0,25286.538992678063,25288.24209973957,25260.071900265084,25326.965954177398,25303.0738829039,25356.558629502935,25249.589136304865,27513
1770818400,25443.5,25465.25,25290,25305.25,,,,25281.425,25301.755,0,0,25290.28119414245,25289.788272490518,25261.843590450768,25326.749875031353,25313.7018151252,25365.477095263304,25261.9265349871,84603
1770822000,25306.5,25343.25,25058.25,25244,,,,25278,25305.685,0,0,25281.024955313962,25285.625702264108,25261.14384180564,25325.926493190247,25290.68467599408,25352.269574046844,25229.09977794132,122347
1770825600,25244.25,25275,25175,25180.75,,,,25272.3125,25307.28,0,0,25260.96996425117,25276.091547512824,25257.991142126986,25324.48195096945,25210.25,25210.25,25210.25,50895
1770829200,25180.75,25325,25141.75,25263.75,,,,25274.5125,25310.975,0,0,25261.525971400937,25274.969588648022,25258.216979690635,25323.877652949854,25226.201516452515,25242.8128693432,25209.59016356183,46932
1770832800,25264.5,25312.5,25200.75,25301.25,,,,25276.7125,25314.735,0,0,25269.47077712075,25277.35871695275,25259.90454911453,25323.652502174235,25239.587865378107,25264.519385099175,25214.65634565704,41036
1770836400,25302,25360.5,25257.75,25309,,,,25278.525,25314.67,0,0,25277.3766216966,25280.235197229773,25261.82986091396,25323.5067061327,25253.58742972211,25289.2705403557,25217.904319088517,35030
1770840000,25308.75,25322.5,25271.75,25278.5,,,,25277.925,25312.42,0,0,25277.60129735728,25280.077452027068,25262.483591858512,25323.05887821098,25260.56054193673,25295.875002981007,25225.246080892455,39945
1770843600,25278.75,25308,25268,25278.75,,,,25276.05,25310.89,0,0,25277.831037885822,25279.956774570062,25263.121490217003,25322.617993850672,25261.919885522366,25296.687240390533,25227.1525306542,12640
1770850800,25289,25296.5,25206,25235.25,,,,25271.7,25308.205,0,0,25269.314830308656,25275.89252233642,25262.02849060065,25321.748660578527,25261.512159762595,25295.9262695752,25227.09804994999,5921
1770854400,25233.25,25273,25214.25,25265.25,,,,25268.075,25305.53,0,0,25268.501864246926,25274.925020305836,25262.154824302583,25321.186484851376,25261.294120725728,25295.388552563705,25227.19968888775,4844
1770858000,25266.25,25314.75,25242.5,25301,,,,25267.7875,25304.795,0,0,25275.00149139754,25277.295473005306,25263.678164526013,25320.98562430559,25261.8136955511,25295.735310611257,25227.892080490943,5079
1770861600,25301.75,25310.5,25268.75,25293.5,,,,25268.0875,25303.435,0,0,25278.70119311803,25278.768611823005,25264.84764827009,25320.712135506532,25262.217321179076,25296.07439092675,25228.3602514314,3408
1770865200,25292.5,25320.75,25282,25310,,,,25270.05,25302.75,0,0,25284.960954494425,25281.607828930006,25266.618328730085,25320.60554709353,25262.6789956626,25296.63341822648,25228.724573098723,2729
1770868800,25311.5,25339.5,25303,25326.5,,,,25272.825,25302.575,0,0,25293.26876359554,25285.688935390914,25268.9666295642,25320.664198366234,25263.391773389547,25297.768612329615,25229.01493444948,2971
1770872400,25328,25344.75,25327.5,25337,,,,25277.1625,25302.62,0,0,25302.015010876432,25290.353577628102,25271.634604875406,25320.826743656122,25263.993499501026,25298.859072629584,25229.12792637247,2089
1770876000,25338.5,25344.5,25292,25319.75,,,,25282.8875,25302.89,0,0,25305.562008701145,25293.02597966191,25273.521483115586,25320.816029788897,25264.825386512843,25300.067396567665,25229.58337645802,3911
1770879600,25319.25,25359.25,25313,25351,,,,25290.0625,25303.905,0,0,25314.649606960917,25298.29634514719,25276.55985632674,25321.116367800947,25265.884877632092,25302.001572248057,25229.768183016127,3627
1770883200,25350.25,25369.25,25324.75,25353.5,,,,25297.2875,25304.085,0,0,25322.419685568733,25303.31485922472,25279.577116862947,25321.438592996958,25267.52792849964,25305.115395256955,25229.940461742324,5254
1770886800,25352.75,25364.25,25330,25355.75,,,,25302.7,25304.165,0,0,25329.085748454985,25308.08169020429,25282.564288750676,25321.780000031813,25268.61163566877,25307.114284583,25230.10898675454,3546
1770890400,25354.75,25374,25334,25349.75,,,,25297.975,25304.895,0,0,25333.21859876399,25311.869718367536,25285.19902252516,25322.05830848921,25269.759204264687,25309.22109633827,25230.2973121911,3739
1770894000,25349.75,25370.5,25338.25,25366.5,,,,25301.0375,25305.255,0,0,25339.874879011193,25316.83610760685,25288.387296151624,25322.50051437489,25270.889460624236,25311.340869791828,25230.438051456644,3533
1770897600,25365.75,25384,25343,25356.75,,,,25306.675,25305.705,0,0,25343.249903208954,25320.464643278956,25291.068186498618,25322.841305276634,25272.511624349594,25314.355253719234,25230.667994979955,5066
1770901200,25356.25,25419.75,25320.25,25395.75,,,,25317.425,25306.34,0,0,25353.749922567164,25327.308766617232,25295.173355655534,25323.56676492562,25277.305365609664,25323.751689991204,25230.859041228123,13357
1770904800,25396.25,25400.25,25186.25,25208.25,,,,25314.65,25303.4,0,0,25324.64993805373,25316.4852423793,25291.764596610217,25322.41933442885,25274.68510769327,25316.237337448623,25233.132877937915,79278
1770908400,25208.25,25260.25,25006.5,25010.25,,,,25300.1,25296.205,0,0,25261.769950442984,25288.645674890275,25280.724808507857,25319.31317189722,25236.045138954596,25319.194083894163,25152.89619401503,100781
1770912000,25011,25031.75,24805.75,24878.5,,,,25278.575,25286.99,0,0,25185.115960354386,25251.359704445706,25264.95128660559,25314.926971181827,24905.333333333332,24905.333333333332,24905.333333333332,116092
1770915600,24878,24940.75,24823.75,24825.25,,,,25255.9125,25276.04,0,0,25113.14276828351,25212.622458587004,25247.708098895564,25310.054563508376,24889.879411401325,24910.165585139923,24869.593237662728,67372
1770919200,24825.5,24929.75,24800.25,24905.5,,,,25237.25,25266.305,0,0,25071.614214626807,25184.702235079094,25234.28817344868,25306.029144966004,24887.038072180098,24905.287271095687,24868.788873264508,61054
1770922800,24906.25,24943.75,24846.5,24898.5,,,,25220.4125,25256.775,0,0,25036.991371701446,25158.683850071902,25221.120009784026,25301.974128598184,24888.774394507112,24905.604163069038,24871.944625945187,56793
1770926400,24899.75,24912.75,24721.5,24763.5,,,,25195.325,25245.505,0,0,24982.29309736116,25122.75804551991,25203.174127047398,25296.61617706984,24869.68090597353,24909.273885267718,24830.087926679345,81684
1770930000,24764.5,24839.75,24743.75,24822,,,,25171.375,25234.27,0,0,24950.234477888927,25095.4164050181,25188.226122065145,25291.893628044272,24866.045891239737,24907.482968194556,24824.60881428492,21681
1770937200,24842.25,24856.75,24744.75,24824,,,,25147.9,25224.5,0,0,24924.987582311143,25070.74218638009,25173.94274472926,25287.237970053782,24864.296611303187,24906.278046752435,24822.31517585394,12687
1770940800,24820,24864.75,24709.75,24731.25,,,,25118.9625,25213.235,0,0,24886.240065848913,25039.879260345533,25156.582244935955,25281.705751446283,24860.942059209316,24905.780582566113,24816.10353585252,15159
1770944400,24731.25,24821.25,24730.25,24786.25,,,,25091.95,25204.565,0,0,24866.242052679132,25016.822054859575,25142.059411801212,25276.775843471692,24858.80297473237,24904.933436360276,24812.672513104466,11630
1770948000,24788.25,24832.25,24788.25,24802.75,,,,25065.2375,25195.475,0,0,24853.543642143304,24997.36095896325,25128.75316035803,25272.059168412274,24858.151497318988,24904.34348440066,24811.959510237317,5741
1770951600,24803.75,24820.75,24745.25,24750.25,,,,25036.7625,25185.025,0,0,24832.884913714643,24974.89632633023,25113.909899167516,25266.867037383297,24857.38380013305,24904.07590612854,24810.691694137564,4049
1770955200,24750.5,24802.5,24744.5,24757.25,,,,25007.075,25174.36,0,0,24817.757930971715,24955.110296663843,25099.923236455066,25261.796221090925,24856.676525353716,24903.852210981284,24809.500839726148,3624
1770958800,24757.75,24771,24690.75,24712.5,,,,24975.025,25162.285,0,0,24796.706344777373,24933.05481514895,25084.73016835879,25256.33058705022,24854.698189791012,24904.188115492976,24805.208264089048,6966
1770962400,24711.75,24731,24642.25,24714.25,,,,24942.95,25150.125,0,0,24780.2150758219,24913.163468317227,25070.201534305503,25250.93675036315,24851.841209005313,24905.235193483517,24798.44722452711,8507
1770966000,24713.5,24762.25,24711.25,24747,,,,24912.8125,25138.31,0,0,24773.57206065752,24898.057698470206,25057.526964332737,25245.922454339638,24850.06646202516,24904.84469437615,24795.28822967417,7639
1770969600,24746.75,24785.5,24675,24775.25,,,,24883.25,25127.68,0,0,24773.907648526016,24886.893362245642,25046.457279456943,25241.23914633626,24847.40876730003,24903.942631984686,24790.87490261537,12505
1770973200,24775.5,24808,24732,24774,,,,24854.1125,25117.41,0,0,24773.92611882081,24876.63032931422,25035.772680262555,25236.59000060157,24845.995555880578,24902.936047488784,24789.055064272372,9335
1770976800,24773.25,24799.5,24727.5,24729.75,,,,24820.8125,25106.59,0,0,24765.090895056648,24863.277572103834,25023.771790840492,25231.54681651598,24844.72505849766,24902.307767292496,24787.142349702826,6904
1770980400,24730.75,24738.5,24624,24721.25,,,,24796.4625,25095.595,0,0,24756.322716045317,24850.365974639848,25011.908191199687,25226.46923625214,24840.510149878395,24902.459753803138,24778.560545953653,14714
1770984000,24721.5,24745.75,24667.25,24695.5,,,,24780.725,25084.5,0,0,24744.158172836254,24836.28724967259,24999.500026838916,25221.18596026953,24837.411545947678,24901.974570556897,24772.84852133846,12068
1770987600,24694,24823.25,24620.5,24781.5,,,,24775.875,25076.025,0,0,24751.626538269004,24831.306590611446,24990.951006178566,25216.81097559023,24830.98336351611,24897.780736124783,24764.185990907434,38627
1770991200,24780.75,24849.5,24578.75,24699,,,,24769.5625,25065.855,0,0,24741.101230615204,24819.278718737678,24979.501947112738,25211.658627574405,24808.406384878697,24885.073989191787,24731.738780565607,130664
1770994800,24697.5,24928.5,24692.25,24810.25,,,,24764.8,25057.88,0,0,24754.930984492163,24818.45792612516,24972.864615853414,25207.66451187715,24808.66128669888,24880.081177517164,24737.241395880596,107552
1770998400,24811,24934.5,24762.75,24894.5,,,,24764.6,25050.82,0,0,24782.84478759373,24825.370841931963,24969.791493663084,25204.54844708235,24863.916666666668,24863.916666666668,24863.916666666668,58528
1771002000,24894.25,24993.5,24883.5,24938.5,,,,24773.35,25040.705,0,0,24813.975830074985,24835.65531084724,24968.56437626453,25201.901198852676,24895.32580500526,24932.150582848783,24858.50102716174,42579
1771005600,24939,24995.5,24900.75,24939.75,,,,24779.2375,25033.395,0,0,24839.130664059987,24845.118464406583,24967.434400724746,25199.29272921235,24909.70483703516,24948.15543432685,24871.254239743466,40805
1771009200,24940.5,24968.5,24848.75,24852.75,,,,24780.675,25025.57,0,0,24841.85453124799,24845.81224036962,24962.936973245345,25195.844542852028,24905.527960870335,24940.598132621406,24870.457789119264,38173
1771012800,24852.25,24890.5,24731.75,24802,,,,24784.2125,25017.995,0,0,24833.883624998394,24841.82930942693,24956.625719392585,25191.92569167937,24876.87112419054,24930.15770235592,24823.584546025162,75023
1771016400,24802.5,24828,24771,24773.5,,,,24783.575,25008.19,0,0,24821.806899998715,24835.61755402448,24949.44431863209,25187.76225196117,24871.989500024032,24927.437923567744,24816.54107648032,15345
1771196400,24789.75,24838.75,24754.5,24836.25,,,,24785.25,24998.89,0,0,24824.69551999897,24835.675049113164,24945.005325744558,25184.264617613295,24870.4296303973,24926.03441189941,24814.824848895187,6962
1771200000,24831.75,24849.25,24810.5,24834.25,,,,24789.45,24989.395,0,0,24826.606415999177,24835.545499193784,24940.661979636927,25180.78188509973,24869.932213186712,24925.355617340843,24814.50880903258,3575
1771203600,24835,24868.75,24822.25,24861,,,,24794.6375,24981.045,0,0,24833.485132799342,24837.85954472162,24937.537980435478,25177.599975795252,24869.74495414946,24924.930724002686,24814.559184296235,2758
1771207200,24860.5,24872.5,24827.5,24832,,,,24800.6125,24972.11,0,0,24833.188106239475,24837.326858837838,24933.399236104677,25174.161170065945,24869.538306169685,24924.550136289337,24814.526476050032,2296
1771210800,24832.75,24836.5,24808.25,24823.5,,,,24806.075,24963.875,0,0,24831.25048499158,24836.069871670763,24929.089462139786,25170.672004194643,24869.22908903375,24924.189740377027,24814.268437690473,1903
1771214400,24824.25,24840,24820,24825.5,,,,24810,24955.08,0,0,24830.10038799326,24835.108974246148,24925.027130291168,25167.237456889223,24869.0245991707,24923.92263259251,24814.126565748895,1453
1771218000,24825.25,24828,24794.25,24811,,,,24811.7875,24945.28,0,0,24826.28031039461,24832.91724931468,24920.555478122886,25163.69280557689,24868.70364566868,24923.61806302827,24813.78922830909,1612
1771221600,24811,24827.25,24793.75,24823.75,,,,24814.275,24935.885,0,0,24825.774248315687,24832.083863013344,24916.759184863164,25160.310290098514,24868.368802966404,24923.275252243267,24813.46235368954,1823
1771225200,24822.25,24874,24821.5,24861.5,,,,24820.8625,24926.915,0,0,24832.91939865255,24834.758057284856,24914.592158005784,25157.337053381118,24868.220744350914,24922.89464086433,24813.546847837497,2729
1771228800,24862.25,24904,24841,24894.75,,,,24829.5375,24918.28,0,0,24845.28551892204,24840.21187025896,24913.81403416242,25154.724246879814,24868.390422286317,24922.684294419596,24814.096550153037,4351
1771232400,24895.75,24922.25,24888,24911.25,,,,24840.325,24909.765,0,0,24858.47841513763,24846.6698820536,24913.71348380311,25152.301617557627,24868.729660917987,24922.905988507777,24814.553333328196,2647
1771236000,24909.75,24911.5,24868.25,24878.25,,,,24845.1625,24900.935,0,0,24862.432732110105,24849.540801866908,24912.322758948085,25149.574735790884,24868.883536096684,24922.84238484851,24814.924687344857,2720
1771239600,24878.5,24879.25,24842.5,24863.25,,,,24853.375,24891.18,0,0,24862.596185688082,24850.78709260628,24910.398337028553,25146.725733444706,24868.829291208545,24922.588583060056,24815.069999357034,2312
1771243200,24863.25,24880.5,24847.75,24869.5,,,,24856.3375,24881.5,0,0,24863.976948550466,24852.48826600571,24908.794480674493,25143.967268435306,24868.808513877593,24922.376276283292,24815.240751471894,2210
1771246800,24869.75,24875.75,24844.25,24844.25,,,,24853.825,24871.27,0,0,24860.031558840372,24851.73933273246,24906.26332456961,25140.98500705784,24868.704464821618,24922.08722892245,24815.321700720786,2310
1771250400,24844.25,24844.25,24692.75,24768,,,,24845.3,24859.635,0,0,24841.625247072297,24844.126666120417,24900.841233410018,25137.273713455274,24861.869247168,24919.271281415553,24804.46721292045,22808
1771254000,24768,24797.5,24678.5,24692.25,,,,24832.925,24846.15,0,0,24811.75019765784,24830.319696473107,24892.661185040997,25132.845616803977,24854.162743292447,24918.390465858276,24789.935020726618,19641
1771257600,24692.25,24753.5,24670.75,24728.75,,,,24826.725,24833.59,0,0,24795.15015812627,24821.086087702824,24886.233295431546,25128.82476489548,24717.666666666668,24717.666666666668,24717.666666666668,15428
1771261200,24728,24770.75,24713.5,24747.25,,,,24823.9875,24820.62,0,0,24785.570126501018,24814.373716093476,24880.782970120505,25125.02800106567,24726.035893253393,24738.240433746352,24713.831352760433,7255
1771282800,24746.25,24842.5,24739,24817.75,,,,24826.2,24812.81,0,0,24792.006101200815,24814.68065099407,24878.31108893931,25121.970508517756,24741.650097872294,24773.65921597399,24709.6409797706,6096
1771286400,24818.75,24834.75,24774.25,24788.25,,,,24823.8,24808.37,0,0,24791.254880960652,24812.27786454006,24874.779281529925,25118.64990644295,24752.864691106017,24789.50952030214,24716.219861909893,6983
1771290000,24790.5,24824.25,24651,24669,,,,24815.5375,24804.18,0,0,24766.803904768523,24799.252604127327,24866.709505783652,25114.175778020635,24743.790151337613,24779.66017355667,24707.920129118556,11175
1771293600,24666.5,24686,24617.5,24662,,,,24805.5875,24800.915,0,0,24745.84312381482,24786.775094661207,24858.68168202743,25109.676516547792,24728.06492645427,24775.019129377597,24681.110723530943,10125
1771297200,24662,24665.5,24573.25,24609.25,,,,24794.45,24794.99,0,0,24718.524499051855,24770.636449692007,24848.900047438117,25104.69714822393,24712.183274672607,24770.662334980992,24653.70421436422,9422
1771300800,24611,24630,24593,24623.5,,,,24784.45,24789.49,0,0,24699.519599241485,24757.260408810915,24840.060829891525,25099.90911689832,24707.731512968785,24768.336209108704,24647.126816828866,3209
1771304400,24623.75,24626,24558.25,24582.75,,,,24772.3125,24785.875,0,0,24676.165679393187,24741.39582619174,24829.970209111467,25094.763255038637,24699.032250486463,24765.070263384456,24632.99423758847,5510
1771308000,24582.75,24641,24582.75,24627.25,,,,24763.125,24781.98,0,0,24666.382543514548,24731.01893290158,24822.02039698945,25090.111381854174,24694.366767831318,24761.2543219625,24627.479213700135,4535
1771311600,24628,24663.75,24584,24660,,,,24754.9375,24778.7,0,0,24665.106034811637,24724.562666274163,24815.66665593104,25085.831666611844,24689.983162805627,24756.13009676438,24623.836228846874,6465
1771315200,24659.75,24726.75,24623.75,24639.5,,,,24743.8375,24776.865,0,0,24659.98482784931,24716.829696612876,24808.758159620018,25081.39055550128,24687.315954170583,24750.573178428996,24624.05872991217,9587
1771318800,24641.25,24695.5,24636.75,24686.75,,,,24733.4375,24774.875,0,0,24665.337862279448,24714.09517873898,24803.97352590943,25077.46378380475,24686.47196952579,24747.928807951066,24625.015131100517,6001
1771322400,24687.5,24697.5,24590,24607.5,,,,24718.25,24770.97,0,0,24653.77028982356,24704.404707944526,24796.26868175612,25072.78752724948,24683.639263610305,24744.70437891289,24622.574148307718,5548
1771326000,24606.75,24638,24572.25,24623.75,,,,24705.525,24768.44,0,0,24647.76623185885,24697.07246176775,24789.50324325588,25068.31949215247,24679.711345315183,24741.314605472857,24618.10808515751,6166
1771329600,24622.75,24666.75,24577.75,24584.5,,,,24691.5875,24764.985,0,0,24635.112985487078,24686.838601607047,24781.4639003831,25063.505367852445,24675.532665457114,24737.53103020327,24613.53430071096,7201
1771333200,24584.25,24705.25,24518,24612,,,,24678.7125,24762.975,0,0,24630.490388389662,24680.035092370043,24774.81825723082,25059.012777127544,24665.028827544524,24726.432624897574,24603.625030191473,23797
1771336800,24613,24815.75,24475,24485.75,,,,24660.7875,24758.405,0,0,24601.54231071173,24662.372811245492,24763.48224714334,25053.308669892445,24636.297224306283,24695.89238059074,24576.702068021827,94080
1771340400,24483.75,24641,24449.25,24600.25,,,,24652.4,24755.47,0,0,24601.283848569386,24656.725282950447,24757.080982549483,25048.800623425854,24612.77450838539,24672.46573275586,24553.083284014923,113895
1771344000,24599.25,24796.75,24593.25,24759.25,,,,24655.75,24755.15,0,0,24632.87707885551,24666.045711773135,24757.166042057346,25045.919522695247,24716.416666666668,24716.416666666668,24716.416666666668,75880
1771347600,24759,24764.5,24608.75,24697.5,,,,24654.1875,24753.62,0,0,24645.801663084407,24668.905192521033,24754.826197270784,25042.452661772906,24705.79264809872,24718.642760236227,24692.94253596121,51867
1771351200,24698,24874.75,24649.25,24845,,,,24659.075,24755.925,0,0,24685.641330467526,24684.913811382758,24758.362424828792,25040.48795867069,24731.2437054021,24771.268013401634,24691.219397402565,55651
1771354800,24845.5,24889.75,24807.75,24815,,,,24658.9375,24757.8,0,0,24711.51306437402,24696.73982852978,24760.583506208055,25038.24429739038,24751.430772894375,24806.52238282712,24696.33916296163,43015
1771358400,24815,24841.75,24735.75,24776.75,,,,24658.3625,24759.425,0,0,24724.560451499216,24704.013480481615,24761.21748635676,25035.642364083014,24758.670432244944,24809.310574847637,24708.03028964225,62852
1771362000,24776.75,24818.5,24755.25,24768.25,,,,24663.325,24759.16,0,0,24733.298361199373,24709.853164074197,24761.493271205516,25032.981743544875,24759.92247726512,24809.363628430958,24710.481326099285,17459
1771369200,24773.75,24783.25,24700.75,24711,,,,24665.775,24759.4,0,0,24728.8386889595,24709.957421885632,24759.513142922948,25029.777945101643,24759.316606049975,24808.3957812889,24710.237430811052,6721
1771372800,24711.25,24754.75,24708.5,24727,,,,24671.6625,24757.735,0,0,24728.470951167597,24711.506747168758,24758.238117710283,25026.765229229986,24758.722524095137,24807.47524974485,24709.969798445425,6502
1771376400,24724.75,24746.25,24709.5,24744.5,,,,24677.7125,24754.735,0,0,24731.67676093408,24714.50613378978,24757.699367996156,25023.956619983917,24758.41831305583,24806.955528743045,24709.881097368616,3893
1771380000,24745.75,24770.75,24736,24758,,,,24686.475,24751.125,0,0,24736.94140874726,24718.46012162707,24757.7111574865,25021.310285456715,24758.387616415264,24806.7127192098,24710.062513620727,2864
1771383600,24758.75,24798.75,24736.5,24794.25,,,,24694.825,24748.215,0,0,24748.403126997808,24725.350110570063,24759.144053271346,25019.050979133764,24758.556558412678,24806.687260335144,24710.425856490212,3076
1771387200,24794,24840,24783.25,24836.25,,,,24703.6375,24747.885,0,0,24765.972501598248,24735.43191870006,24762.167815888155,25017.2320639185,24759.311928963907,24807.62055986825,24711.003298059564,4116
1771390800,24835,24847,24820,24825.5,,,,24712.9375,24748.355,0,0,24777.878001278597,24743.619926090963,24764.651430951366,25015.32428218797,24759.76613447212,24808.255126334196,24711.277142610044,2134
1771394400,24826,24846.75,24809,24823.5,,,,24719.775,24749.355,0,0,24787.002401022877,24750.881750991786,24766.959217972882,25013.415582862715,24760.379478708106,24809.062631462046,24711.696325954166,3121
1771398000,24823,24842,24802,24834.75,,,,24731.1375,24749.325,0,0,24796.551920818303,24758.50613726526,24769.61768001316,25011.637815869057,24760.899162298254,24809.73882531249,24712.05949928402,2697
1771401600,24833.5,24916,24833.5,24903.5,,,,24745.125,24750.71,0,0,24817.941536654642,24771.687397513873,24774.86796707147,25010.561817701204,24764.648503646218,24817.199407944092,24712.097599348344,10709
1771405200,24903.25,24941.5,24899.75,24909,,,,24761.35,24751.67,0,0,24836.153229323714,24784.170361376247,24780.128046794158,25009.551252350942,24767.404488905846,24823.289666960853,24711.51931085084,6506
1771408800,24910,24940.5,24908,24921.75,,,,24776.8375,24753.465,0,0,24853.272583458973,24796.677601251133,24785.68184888066,25008.677608048944,24769.43548314683,24827.704087567112,24711.166878726548,4736
1771412400,24921.75,24928,24889.75,24895,,,,24797.3,24754.895,0,0,24861.61806676718,24805.616001137394,24789.968835199066,25007.546487570846,24771.19035378295,24831.061358992683,24711.319348573215,4798
1771416000,24894.5,24962.5,24844,24889.5,,,,24811.7625,24756.175,0,0,24867.194453413744,24813.24181921581,24793.872018132435,25006.371895654716,24775.912401770227,24839.405774535877,24712.419029004577,14179
1771419600,24890.5,24921.75,24817.25,24828,,,,24815.2,24756.515,0,0,24859.355562730994,24814.583472014372,24795.210370362536,25004.597050921835,24778.756527372934,24842.837616504607,24714.675438241262,14155
1771423200,24828.75,24958.5,24752,24940.75,,,,24827.3625,24758.855,0,0,24875.634450184796,24826.053156376704,24800.917806818907,25003.96175688281,24799.069682770933,24870.00659320282,24728.132772339046,95216
1771426800,24941,25099.75,24937.5,25086.75,,,,24839.45,24763.36,0,0,24917.857560147837,24849.752869433367,24812.12691243385,25004.785520495916,24834.601768865537,24942.488811455627,24726.714726275448,84588
1771430400,25086.5,25117.25,25057.5,25061.5,,,,24851.775,24766.695,0,0,24946.586048118268,24869.00260857579,24821.90624920115,25005.34984367506,25078.75,25078.75,25078.75,44296
1771434000,25061.25,25128.25,25058.75,25098.25,,,,24867.85,24770.435,0,0,24976.918838494614,24889.843280523444,24832.7432590364,25006.274223339984,25086.336309451846,25094.48232872597,25078.19029017772,38418
1771437600,25097.75,25127.25,24981.75,25027.5,,,,24880.8125,24773.42,0,0,24987.03507079569,24902.357527748587,24840.380778289877,25006.485425097795,25072.62495081309,25093.02095683705,25052.22894478913,41811
1771441200,25025.75,25036.75,24862,24883,,,,24889.4125,24773.815,0,0,24966.22805663655,24900.597752498714,24842.052120317723,25005.256714400304,25026.88189128054,25096.47045888815,24957.29332367293,57172
1771444800,24884,24998,24856,24957.5,,,,24900.9375,24775.575,0,0,24964.48244530924,24905.77068408974,24846.5794881484,25004.78152321224,25002.697746483784,25074.26583691749,24931.129656050078,67055
1771448400,24957.5,24967,24926.5,24936.5,,,,24910.5375,24777.42,0,0,24958.88595624739,24908.5642582634,24850.105782730814,25004.102105070826,24999.674917397315,25070.60792329707,24928.74191149756,13346
1771455600,24943.5,24995,24942.25,24964.5,,,,24920.8625,24781.35,0,0,24960.008764997914,24913.649325693998,24854.59183046686,25003.708054274102,24999.04008124729,25069.418792552588,24928.661369941994,5234
1771459200,24964.5,24974,24916.25,24948,,,,24928.55,24786.465,0,0,24957.60701199833,24916.77211426727,24858.254895938746,25003.15374527635,24998.06130904739,25068.150472623554,24927.972145471223,5034
1771462800,24946.75,24994.5,24937.75,24972.5,,,,24935.3625,24791.34,0,0,24960.585609598664,24921.83828569752,24862.73509609801,25002.84873288554,24997.522747920702,25067.08932466812,24927.956171173286,5011
1771466400,24972.75,24988.25,24953.5,24978.75,,,,24943.025,24795.97,0,0,24964.218487678932,24927.012077906835,24867.2847001726,25002.60894449862,24997.299491211845,25066.580410381994,24928.018572041696,2602
1771470000,24980,24999.5,24966,24984,,,,24951.05,24799.295,0,0,24968.174790143144,24932.192798097123,24871.86177075407,25002.42378087177,24997.169802445635,25066.14527923856,24928.19432565271,2593
1771473600,24985.5,24994.25,24953.5,24956,,,,24957.1125,24802.65,0,0,24965.739832114516,24934.357089179204,24875.16130915587,25001.96185270389,24996.96686270996,25065.745540418946,24928.188185000974,1974
1771477200,24957,25005.5,24940.75,24996.5,,,,24961.7625,24809.2,0,0,24971.891865691614,24940.006444708368,24879.919689188973,25001.907505910818,24996.807809430033,25065.26331288424,24928.352305975826,2848
1771480800,24996,25023.5,24988.25,25018.5,,,,24967.2375,24816.33,0,0,24981.213492553292,24947.142222462153,24885.354211181562,25002.072605354493,24996.95377262503,25065.045978648635,24928.861566601427,3195
1771484400,25019.5,25047.25,25008,25020.75,,,,24972.1875,24824.56,0,0,24989.120794042632,24953.833838601957,24890.663849958757,25002.258450077334,24997.29466853891,25065.047251246477,24929.542085831345,3533
1771488000,25019.75,25054,24946,24954.25,,,,24975.15,24831.175,0,0,24982.146635234105,24953.871671456323,24893.157424470177,25001.780754056665,24996.978481375554,25063.900660420397,24930.05630233071,7605
1771491600,24955,24973,24850.5,24894.25,,,,24975.3875,24837.405,0,0,24964.567308187285,24948.45151950575,24893.200270569385,25000.71079630486,24994.102540545056,25061.857626282588,24926.347454807525,9840
1771495200,24892.5,24902.75,24825,24854.25,,,,24976.7,24841.945,0,0,24942.50384654983,24939.887745005228,24891.67280897843,24999.25347494859,24990.089428432977,25060.602348313583,24919.57650855237,9661
1771498800,24855,24885.75,24836.25,24878.5,,,,24973.5875,24846.315,0,0,24929.703077239865,24934.30704091384,24891.156228234177,24998.051947834672,24988.030909329307,25059.714380607278,24916.347438051336,5456
1771502400,24877.75,24897,24815,24868,,,,24962.65,24850.885,0,0,24917.36246179189,24928.27912810349,24890.248140852444,24996.757898602486,24984.832935635066,25058.381435529842,24911.28443574029,8369
1771506000,24869,24881,24798,24853.5,,,,24952.25,24854.22,0,0,24904.589969433513,24921.48102554863,24888.807037289604,24995.332446875098,24979.187538078248,25056.35315311931,24902.021923037184,14009
1771509600,24855,24920,24763,24881.5,,,,24941.4125,24859.7,0,0,24899.97197554681,24917.84638686239,24888.520486807658,24994.19978571216,24955.740947356357,25040.580581545924,24870.90131316679,81107
1771513200,24880,24956.5,24848.25,24924.25,,,,24936.25,24865.71,0,0,24904.82758043745,24918.428533511265,24889.92164418775,24993.50376794388,24948.477433669625,25028.132651624204,24868.822215715045,80507
1771516800,24925,24959.5,24801.25,24843.75,,,,24934.2875,24870.895,0,0,24892.61206434996,24911.639575919333,24888.110991474507,24992.013680700657,24868.166666666668,24868.166666666668,24868.166666666668,62349
1771520400,24844.25,24904.75,24764.75,24780,,,,24925.4125,24874.255,0,0,24870.089651479968,24899.67234174485,24883.871344750016,24989.904091837965,24845.734109554232,24871.342620488613,24820.125598619852,47843
1771524000,24779.5,24849,24749,24842,,,,24920.6875,24881.38,0,0,24864.471721183974,24894.429401586225,24882.229331230406,24988.432409332116,24836.232389442965,24862.329520137613,24810.135258748316,45723
1771527600,24840.75,24849.25,24751.5,24782,,,,24911.5625,24885.015,0,0,24847.97737694718,24884.208546896567,24878.298769221372,24986.378355507917,24828.530110449497,24857.168281058017,24799.891939840978,35032
1771531200,24781.25,24866,24777.5,24863.5,,,,24907.3375,24887.1,0,0,24851.081901557744,24882.325951724153,24877.71842533034,24985.15568530386,24829.91727316325,24855.776606720163,24804.057939606337,46070
1771534800,24863.5,24871.5,24828.75,24836,,,,24900.5125,24889.87,0,0,24848.065521246193,24878.114501567412,24876.082408650716,24983.671549131683,24830.832502286044,24856.18139536135,24805.48360921074,14874
1771542000,24837.75,24889.25,24826,24877.25,,,,24895.4375,24890.515,0,0,24853.902416996956,24878.035910515828,24876.128196546768,24982.6126282448,24831.430073674375,24856.937126427252,24805.9230209215,4598
1771545600,24878.25,24912.5,24858.5,24901,,,,24891.2875,24892.235,0,0,24863.321933597566,24880.12355501439,24877.10356138807,24981.800562292116,24832.88712666583,24859.697468485134,24806.07678484653,6468
1771549200,24901.5,24936,24892,24906.75,,,,24888.825,24894.835,0,0,24872.007546878052,24882.54414092217,24878.266166823832,24981.053790528014,24834.615526738624,24863.52986145686,24805.701192020388,5905
1771552800,24908.25,24934,24878,24897,,,,24883.85,24897.41,0,0,24877.00603750244,24883.85830992925,24879.000826948388,24980.21743440336,24835.801968319756,24865.82296719708,24805.780969442432,4747
1771556400,24897.75,24911,24888.25,24891,,,,24877.475,24901.01,0,0,24879.80483000195,24884.507554481133,24879.471382754335,24979.329698737653,24836.250613123007,24866.611259325116,24805.8899669209,2029
1771560000,24889.25,24913.75,24885.5,24900.75,,,,24871.475,24904.485,0,0,24883.99386400156,24885.984140437395,24880.305838332595,24978.547811188026,24836.780200901612,24867.563180359313,24805.99722144391,2309
1771563600,24903,24948.5,24901,24943,,,,24870.9125,24908.455,0,0,24895.79509120125,24891.167400397633,24882.76443290779,24978.194101623965,24837.967968255998,24870.30876965178,24805.627166860217,3555
1771567200,24944,24956,24930.75,24943,,,,24873.35,24912.155,0,0,24905.236072961,24895.87945490694,24885.126612009444,24977.843911558055,24838.838490711612,24872.42675901281,24805.250222410414,2347
1771570800,24942.75,24954.5,24907.5,24921.5,,,,24876.7125,24914.7,0,0,24908.4888583688,24898.208595369946,24886.553019381623,24977.283275622154,24840.0956005108,24875.060319501947,24805.13088151965,4067
1771574400,24921.25,24942.5,24896.75,24936.75,,,,24879.625,24916.71,0,0,24914.14108669504,24901.712359427223,24888.52152842548,24976.87995944681,24841.492768538574,24877.819506547236,24805.166030529912,4798
1771578000,24936.5,24984.75,24931.75,24937.25,,,,24883.0875,24918.945,0,0,24918.762869356033,24904.94305402475,24890.432448879383,24976.485631492116,24843.802755453886,24883.046356398696,24804.559154509076,6293
1771581600,24935.75,24946.75,24900.75,24902,,,,24885.5125,24920.515,0,0,24915.410295484828,24904.675503658862,24890.886078335094,24975.744480930007,24844.74182952595,24884.585932822196,24804.8977262297,3913
1771585200,24902.5,24902.5,24811.25,24830.5,,,,24882.9625,24920.43,0,0,24898.428236387863,24897.93227605351,24888.517996831757,24974.299262214285,24844.840219260303,24884.097404245556,24805.58303427505,9190
1771588800,24829,24849.5,24791,24829,,,,24878.2,24918.94,0,0,24884.54258911029,24891.66570550319,24886.183957740315,24972.853498411157,24844.16090487851,24882.982093872273,24805.339715884747,10099
1771592400,24828,24864,24722.5,24769.25,,,,24874.475,24916.145,0,0,24861.484071288232,24880.5370050029,24881.598312338734,24970.82759295433,24840.452728346125,24880.663696642365,24800.241760049885,21644
1771596000,24769.75,24957.5,24678.5,24897.5,,,,24880.35,24915.66,0,0,24868.687257030586,24882.079095457182,24882.221907933294,24970.09796516374,24841.27816195468,24877.192130311116,24805.364193598245,88095
1771599600,24900.5,25127,24858.25,25118.75,,,,24894.1875,24920.135,0,0,24918.69980562447,24903.594632233802,24891.49751938689,24971.577089888477,24883.467193327953,24969.41712555705,24797.517261098856,120526
1771603200,25118.25,25139.5,24967.25,25098,,,,24909.9875,24924.305,0,0,24954.559844499578,24921.267847485276,24899.59565588152,24972.83502929257,25068.25,25068.25,25068.25,69835
1771606800,25098.5,25109.25,24879.25,25034.25,,,,24918.525,24928.43,0,0,24970.497875599664,24931.538952259343,24904.87621839597,24973.446123528465,25036.01135613843,25066.284791734528,25005.737920542335,79196
1771610400,25034.25,25122.25,24928,25097.75,,,,24931.6125,24931.57,0,0,24995.94830047973,24946.649047508494,24912.43989610593,24974.68297802072,25040.190401795993,25066.020492824908,25014.36031076708,68119
1771614000,25098.5,25118.75,25018,25023,,,,24938.9,24930.295,0,0,25001.358640383783,24953.59004318954,24916.775586454718,24975.16374440857,25041.91373355559,25066.381825791606,25017.445641319573,33011
1771617600,25023,25079.25,25014.25,25074.75,,,,24947.5875,24930.56,0,0,25016.036912307027,24964.604584717763,24922.97066149571,24976.154652424408,25044.045470084886,25067.15996597685,25020.93097419292,44300
1771621200,25074.75,25088,25064.25,25077.5,,,,24956.125,24930.145,0,0,25028.32952984562,24974.867804288875,24929.030635554704,24977.16306384307,25045.536948286976,25069.118603844752,25021.9552927292,14146
1771801200,25033.75,25059.75,24936.5,24971,,,,24959.825,24929.015,0,0,25016.863623876496,24974.51618571716,24930.67649298393,24977.10173982473,25043.509164701165,25068.935207855244,25018.083121547086,11498
1771804800,24970,24971,24848.5,24852.75,,,,24957.9125,24928.41,0,0,24984.040899101197,24963.446532470145,24927.6205520826,24975.864409080208,25037.94605908636,25075.917200491862,24999.97491768086,12098
1771808400,24853.75,24882.75,24832.5,24844.25,,,,24955.0875,24926.145,0,0,24956.08271928096,24952.610484063767,24924.351118667597,24974.554812969956,25031.48800767307,25081.91641933069,24981.05959601545,12031
1771812000,24844.25,24857.25,24808,24839,,,,24949.8875,24924.195,0,0,24932.66617542477,24942.28225823979,24921.00401597475,24973.2060088608,25027.300640661128,25084.70429234598,24969.896988976274,7486
1771815600,24839.5,24863.5,24813.25,24841.75,,,,24944.825,24921.74,0,0,24914.482940339814,24933.14296203617,24917.89601534829,24971.897988872137,25024.256559398436,25085.93460479798,24962.57851399889,5795
1771819200,24842.5,24853,24811,24834.25,,,,24940.4625,24919.465,0,0,24898.436352271852,24924.152692760155,24914.61577945228,24970.528357142066,25022.519774363634,25086.545317931035,24958.494230796234,3272
1771822800,24833.5,24844.25,24807.25,24838.25,,,,24935.5375,24916.78,0,0,24886.399081817483,24916.343357054688,24911.62104300317,24969.212154583438,25020.53166438074,25087.13436590067,24953.928962860806,3763
1771826400,24838.5,24869.5,24832.25,24867,,,,24932.025,24914.545,0,0,24882.519265453986,24911.857597322443,24909.871198179517,24968.195118219424,25019.26262085315,25087.14872659989,24951.37651510641,2838
1771830000,24868.5,24914.75,24863.25,24898,,,,24931.825,24912.825,0,0,24885.61541236319,24910.597815747675,24909.405660996006,24967.496659331668,25017.233056420115,25086.43707291231,24948.02903992792,5954
1771833600,24898.75,24934.5,24877.5,24929.75,,,,24936.7875,24912.3,0,0,24894.442329890553,24912.338923406976,24910.20347821185,24967.121070681602,25015.63913861579,25085.477864572666,24945.80041265891,5850
1771837200,24931,25004,24930.75,24983.5,,,,24944.5125,24912.04,0,0,24912.253863912443,24918.80811218816,24913.077851615308,24967.28404510268,25014.7437622167,25084.121162599204,24945.3663618342,8085
1771840800,24985.5,25002.75,24945,24969.5,,,,24954.525,24911.06,0,0,24923.703091129955,24923.4164656256,24915.290484885296,24967.30609440514,25014.158607414534,25083.23181734351,24945.08539748556,5429
1771844400,24970.75,24987.25,24907.25,24929.5,,,,24956.125,24909.235,0,0,24924.862472903966,24923.96951420509,24915.847720772148,24966.929914361306,25013.247199612084,25082.36261613247,24944.1317830917,4977
1771848000,24928.25,24943.5,24883.75,24904.75,,,,24945.425,24908.245,0,0,24920.839978323173,24922.222285640994,24915.412516035984,24966.31120874577,25011.27616094579,25081.157912794963,24941.394409096614,7791
1771851600,24903.75,24954.5,24887.25,24934.75,,,,24937.2625,24909.055,0,0,24923.621982658537,24923.36116876454,24916.170848740454,24965.997166867703,25009.104972748657,25079.39985163906,24938.810093858254,10530
1771855200,24935,25040,24857.75,24913.25,,,,24931.2125,24910.235,0,0,24921.547586126828,24922.441971604127,24916.056305652593,24965.472319436183,24996.765046051853,25066.286325770587,24927.24376633312,85894
1771858800,24912.75,24952.25,24738.75,24743.25,,,,24913.4875,24907.53,0,0,24885.888068901462,24906.15179236739,24909.279587783865,24963.26115207861,24966.409595492576,25059.93247671622,24872.88671426893,98297
1771862400,24743.25,24789.25,24668,24734.75,,,,24899.075,24904.865,0,0,24855.66045512117,24890.56981124308,24902.435290223715,24960.987409271856,24730.666666666668,24730.666666666668,24730.666666666668,78395
1771866000,24735,24763.75,24677.5,24744.75,,,,24882.575,24902.69,0,0,24833.478364096936,24877.313464766437,24896.2515533522,24958.8357932592,24729.911288572777,24730.880907073057,24728.941670072498,47579
1771869600,24744.5,24820.25,24720,24727.5,,,,24865.075,24899.61,0,0,24812.28269127755,24863.69405887858,24889.6338453776,24956.533944570056,24736.774547010948,24748.266689984448,24725.282404037447,45167
1771873200,24727.75,24755,24683.75,24692,,,,24851.125,24894.965,0,0,24788.22615302204,24848.085508071435,24881.883498500047,24953.90176601712,24731.67011994866,24746.36675729556,24716.97348260176,40783
1771876800,24692,24772.75,24678.75,24768,,,,24846.8875,24893.45,0,0,24784.180922417632,24840.80500733767,24877.417478951025,24952.05199720103,24733.556872740024,24746.895220772283,24720.218524707765,63706
1771880400,24768.5,24796.5,24758,24786.25,,,,24843.9875,24893.575,0,0,24784.594737934105,24835.845461216064,24873.842283698043,24950.402226084603,24736.13891478501,24752.930878100142,24719.346951469877,16134
1771887600,24788,24826.75,24767,24788,,,,24841.4375,24892.495,0,0,24785.275790347285,24831.495873832784,24870.47591963145,24948.786283536498,24737.47431448179,24756.20466536165,24718.743963601934,6903
1771891200,24789,24823.5,24773.5,24816,,,,24840.15,24893.175,0,0,24791.420632277826,24830.087158029804,24868.339609057668,24947.465026983897,24738.940399076946,24759.892838168358,24717.987959985534,6696
1771894800,24815.5,24835.5,24795,24822,,,,24839.5375,24892.345,0,0,24797.53650582226,24829.351961845277,24866.52236948678,24946.216618755203,24740.35440115556,24763.59632559768,24717.112476713442,5597
1771898400,24822,24879,24816.75,24869.75,,,,24841.1125,24893.02,0,0,24811.979204657808,24833.024510768435,24866.648943232394,24945.455756877043,24742.14910377189,24769.252165673654,24715.04604187013,4938
1771902000,24869.75,24884.25,24866.75,24873.25,,,,24841.425,24892.94,0,0,24824.233363726245,24836.68137342585,24866.907808203672,24944.737291634487,24743.575053810244,24773.802946158008,24713.34716146248,3434
1771905600,24874,24884,24865.75,24876,,,,24840.325,24892.44,0,0,24834.586690980996,24840.255794023502,24867.264364744704,24944.053338483896,24744.508128867896,24776.589940115984,24712.426317619807,2279
1771909200,24876,24888.25,24825.75,24841,,,,24835.8875,24891.125,0,0,24835.869352784797,24840.323449112275,24866.234389656678,24943.027932130823,24745.791687403354,24779.744757189386,24711.838617617323,3899
1771912800,24840.5,24853.25,24822.75,24837.75,,,,24828.6,24889.94,0,0,24836.245482227838,24840.089499192978,24865.11735476818,24941.98039051758,24746.598794765523,24781.47592900283,24711.721660528216,2877
1771916400,24837.5,24868.5,24830.5,24833.25,,,,24821.7875,24888.785,0,0,24835.64638578227,24839.46772653907,24863.86765458119,24940.89849608457,24747.533751599723,24783.52010692304,24711.547396276408,3180
1771920000,24834,24834,24761,24791.75,,,,24814.9,24886.605,0,0,24826.86710862582,24835.129751399156,24861.03951126428,24939.414431446912,24748.845117395682,24785.190201427904,24712.50003336346,9303
1771923600,24791.25,24848,24788.25,24846.5,,,,24811.9875,24884.675,0,0,24830.793686900655,24836.163410362868,24860.469334351954,24938.489909740973,24750.318469739275,24787.869575635155,24712.767363843395,6500
1771927200,24847,24865.5,24825.75,24842,,,,24807.35,24882.655,0,0,24833.034949520523,24836.69400942079,24859.74504673031,24937.529811136585,24751.393920550807,24790.04635949271,24712.741481608904,4016
1771930800,24842.5,24853.25,24808.75,24833,,,,24803.3375,24880.885,0,0,24833.02795961642,24836.358190382536,24858.696221368336,24936.489713513336,24752.40714748687,24791.846481352386,24712.96781362135,4492
1771934400,24832.5,24902.25,24795.25,24816.25,,,,24806.9875,24878.475,0,0,24829.672367693136,24834.530173075033,24857.031663667618,24935.2932984535,24755.790254081003,24797.882569973954,24713.697938188052,14660
1771938000,24816.75,24892,24814.25,24877.25,,,,24814.1125,24877.275,0,0,24839.187894154507,24838.413793704574,24857.82453960222,24934.715753195258,24759.115326881172,24804.449470212625,24713.78118354972,12073
1771941600,24876.75,24964.25,24694.5,24877.25,,,,24820.7375,24876.78,0,0,24846.800315323606,24841.94435791325,24858.586322362917,24934.143954656003,24777.072312051565,24830.484902400713,24723.659721702417,100651
1771945200,24878.5,25031,24819.5,24976.5,,,,24833.1875,24879.7,0,0,24872.740252258885,24854.176689012045,24863.210388152605,24934.565407843507,24803.4974471658,24881.378665337146,24725.61622899445,91981
1771948800,24976.5,25047.25,24969.25,25028.75,,,,24850.025,24883.695,0,0,24903.94220180711,24870.04699001095,24869.702137636817,24935.502567964468,25015.083333333332,25015.083333333332,25015.083333333332,55548
1771952400,25028.75,25076.25,25021.25,25046,,,,24863.925,24889.23,0,0,24932.353761445687,24886.042718191773,24876.615779298118,24936.602044900144,25028.268919718234,25044.33031024498,25012.207529191488,37437
1771956000,25046,25078.75,25011.5,25030,,,,24876.1125,24891.88,0,0,24951.88300915655,24899.129743810703,24882.63084677662,24937.53137778671,25031.37432317803,25046.112254790147,25016.636391565917,33156
1771959600,25030,25060.25,24988.5,25021.5,,,,24887.7875,24889.935,0,0,24965.80640732524,24910.254312555186,24888.076695922635,24938.366886465446,25029.738976122542,25043.26334334536,25016.214608899725,32628
1771963200,25021.75,25072,24994.75,25030,,,,24898.4875,24888.575,0,0,24978.645125860192,24921.140284141078,24893.642315690373,24939.278658739422,25030.36918426366,25042.124526253177,25018.613842274146,53199
1771966800,25030,25037.75,25003.25,25016.25,,,,24908.2,24888.215,0,0,24986.166100688155,24929.786621946434,24898.450460173102,24940.044542732066,25029.641133937963,25041.344131947073,25017.938135928853,14617
1771974000,25016.25,25051,24992,25043.5,,,,24916.8875,24887.13,0,0,24997.632880550525,24940.124201769486,24904.138677421215,24941.07395026707,25029.625629637965,25041.216304291043,25018.034954984887,4434
1771977600,25044.5,25075,25018.5,25071,,,,24926.775,24888.09,0,0,25012.30630444042,24952.022001608624,24910.682258698813,24942.366746781823,25030.232818381133,25042.31772216493,25018.147914597335,5702
1771981200,25071.25,25113.25,25061.5,25103.5,,,,24938.15,24888.665,0,0,25030.545043552334,24965.792728735112,24918.24373874984,24943.970062734243,25032.25724218555,25048.498506616346,25016.015977754756,7922
1771984800,25103,25114.5,25082.25,25107.5,,,,24951.475,24889.265,0,0,25045.936034841867,24978.67520794101,24925.66555291651,24945.597226289126,25033.580997552963,25052.249891727657,25014.91210337827,4774
1771988400,25106.75,25109.5,24994,25066.75,,,,24962.925,24891.18,0,0,25050.098827873495,24986.6820072191,24931.19827633155,24946.802726525057,25034.309325067054,25053.121971241628,25015.49667889248,8095
1771992000,25066.75,25067.75,25034.5,25050.25,,,,24973.775,24895.13,0,0,25050.129062298794,24992.460915653726,24935.86697137737,24947.832052629285,25034.50086585653,25053.287603667857,25015.714128045205,3020
1771995600,25051.75,25067.5,25030.75,25040.75,,,,24986.225,24899.06,0,0,25048.253249839036,24996.850832412478,24939.980031323357,24948.756609319542,25034.63116839323,25053.354940605903,25015.907396180555,2901
1771999200,25041.5,25058.75,25032,25041.75,,,,24995.9875,24903.115,0,0,25046.952599871227,25000.932574920433,24943.97101048715,24949.681916689497,25034.71779017835,25053.378267406373,25016.05731295033,2415
1772002800,25043,25053.5,25017.5,25036,,,,25005.6875,24907,0,0,25044.76207989698,25004.12052265494,24947.579990468046,24950.540803090596,25034.728095649145,25053.287223821626,25016.168967476664,2919
1772006400,25036.5,25090,25036.5,25074.5,,,,25017.7625,24911.805,0,0,25050.709663917583,25010.518656959037,24952.55724574381,24951.774227935468,25035.38367384754,25054.309084319506,25016.458263375574,5573
1772010000,25072.5,25087.75,25055.25,25082.5,,,,25031.075,24916.69,0,0,25057.067731134066,25017.062415417306,24957.653040028366,24953.07498188636,25035.923528061638,25055.27543653634,25016.571619586935,3774
1772013600,25082.75,25094.75,25065.5,25073.25,,,,25040.875,24920.815,0,0,25060.304184907254,25022.170377652095,24962.1862541449,24954.270753210872,25036.4136585467,25056.172649256765,25016.654667836632,3291
1772017200,25074.25,25128.5,25068.5,25124.75,,,,25053.25,24925.35,0,0,25073.193347925804,25031.49579786554,24968.561303001963,24955.967064124197,25037.51736724516,25058.99524159461,25016.03949289571,4454
1772020800,25124.5,25150,25105,25138.5,,,,25061.35,24929.525,0,0,25086.254678340643,25041.223452605038,24975.22556562934,24957.783312242365,25040.14337886114,25066.361541482114,25013.925216240164,8247
1772024400,25139.25,25165.75,25123.75,25150.25,,,,25067.425,24932.86,0,0,25099.053742672513,25051.13495691367,24982.08926893799,24959.69840366284,25043.06581484017,25074.227364905477,25011.904264774865,8303
1772028000,25150.75,25353.25,25129.75,25343.25,,,,25082.2875,24940.335,0,0,25147.892994138012,25077.690869921516,24996.25243486199,24963.514837457238,25092.357697127434,25191.293850395185,24993.421543859684,81429
1772031600,25343,25361.75,25264.5,25295.25,,,,25095.55,24947.65,0,0,25177.36439531041,25097.468972655923,25007.977829573287,24966.815684845722,25126.550448920018,25246.57561712002,25006.525280720016,72665
1772035200,25295.25,25333.25,25282.75,25316.5,,,,25110.3,24955.885,0,0,25205.191516248327,25117.380884232658,25020.07673821747,24970.295130767656,25310.833333333332,25310.833333333332,25310.833333333332,39597
1772038800,25316.75,25355,25310.5,25352.25,,,,25126.4125,24964.235,0,0,25234.603212998663,25138.73262202969,25033.103140640316,24974.095676730165,25322.66149695567,25336.66904950068,25308.653944410657,28234
1772042400,25352.75,25358,25334.25,25350.5,,,,25143.125,24972.98,0,0,25257.78257039893,25157.98420184517,25045.55007630148,24977.840993379617,25327.669644049165,25343.685657507172,25311.653630591158,17059
1772046000,25350.25,25378.5,25349.5,25368.75,,,,25159.3875,24985.49,0,0,25279.976056319145,25177.144728950156,25058.224583113184,24981.730635236538,25334.538972323506,25355.11300383019,25313.964940816822,18784
1772049600,25368.5,25396.5,25352,25384.5,,,,25175.0625,24998.485,0,0,25300.880845055315,25195.995208136505,25071.019697500902,24985.738290607318,25347.625611127165,25373.855063006296,25321.396159248034,45163
1772053200,25383.75,25494.75,25370,25461.75,,,,25192.975,25012.825,0,0,25333.054676044252,25220.154734669548,25086.34245446165,24990.47472552665,25363.62282887992,25406.378574286788,25320.867083473055,30314
1772060400,25388.25,25418.25,25274.75,25317.25,,,,25203.4625,25024.62,0,0,25329.893740835403,25228.981576972317,25095.3976523259,24993.72622079504,25361.67683518263,25403.440250583877,25319.91341978138,13986
1772064000,25315.75,25341.5,25302,25315.75,,,,25215.9125,25037.095,0,0,25327.06499266832,25236.86961542938,25104.03892086214,24996.930437503546,25359.981039490987,25401.716639594953,25318.24543938702,8141
1772067600,25316.25,25320,25264.75,25316.25,,,,25229.2125,25048.06,0,0,25324.901994134656,25244.086014026707,25112.360923965585,25000.10774658311,25357.772816435107,25400.248856041224,25315.29677682899,7738
1772071200,25315.5,25319.25,25288.75,25308,,,,25242.575,25058.495,0,0,25321.521595307724,25249.896376387915,25120.033044594387,25003.171351094723,25356.900922135967,25399.552737416285,25314.24910685565,3534
1772074800,25306.75,25323.5,25294.75,25301.75,,,,25255.575,25068.77,0,0,25317.56727624618,25254.610342170832,25127.159199708334,25006.142282924626,25356.278873064923,25399.02827963696,25313.529466492884,2665
1772078400,25300.5,25310.5,25293.25,25300.25,,,,25268.7875,25078.455,0,0,25314.103820996945,25258.759401973482,25133.947074229574,25009.06872787065,25355.74115296016,25398.623353743482,25312.858952176837,2127
1772082000,25299.5,25309.75,25283.25,25308,,,,25280.4625,25088.175,0,0,25312.883056797556,25263.235819975893,25140.77267916175,25012.04316838935,25355.055806492655,25398.10974493077,25312.00186805454,2722
1772085600,25308,25345,25307,25327.5,,,,25292.7125,25097.33,0,0,25315.806445438044,25269.078018159904,25148.09531919462,25015.182042335728,25354.54465022872,25397.379170804412,25311.710129653027,4011
1772089200,25327.25,25364.75,25326.25,25347.25,,,,25306.4125,25106.81,0,0,25322.095156350435,25276.18456196355,25155.905306677185,25018.486201118456,25354.37669190583,25396.800366092473,25311.953017719185,4538
1772092800,25348,25392.25,25343.25,25350,,,,25317.675,25116.29,0,0,25327.676125080347,25282.8950563305,25163.51686327808,25021.784845883445,25354.575555148724,25396.446940608344,25312.704169689103,6264
1772096400,25349.75,25401.5,25346,25378.5,,,,25329.675,25127.04,0,0,25337.84090006428,25291.58641484591,25171.947574522077,25025.33425040202,25355.018139342374,25396.54913028803,25313.487148396718,5117
1772100000,25379.25,25388.25,25347.5,25356.5,,,,25339.9875,25137.415,0,0,25341.572720051423,25297.48764985992,25179.18492454082,25028.62943199006,25355.150350789314,25396.391695862014,25313.909005716614,3552
1772103600,25357.5,25370,25345.25,25362,,,,25340.925,25147.99,0,0,25345.65817604114,25303.35240896356,25186.354143186276,25031.94655206976,25355.204013864422,25396.165577681557,25314.242450047288,3369
1772107200,25361.75,25390.75,25360.25,25374,,,,25344.8625,25159.635,0,0,25351.32654083291,25309.7749172396,25193.712804237795,25035.350068964588,25355.55299898679,25396.235396520977,25314.870601452603,4431
1772110800,25372.75,25415.25,25361.25,25383.75,,,,25348.225,25170.38,0,0,25357.81123266633,25316.499924763273,25201.165243287294,25038.81673494504,25356.752787246063,25397.093794054526,25316.4117804376,10053
1772114400,25383,25398.75,25181.25,25193,,,,25340.2625,25177.4,0,0,25324.848986133064,25305.272658875703,25200.845037668183,25040.350896786385,25331.086189921418,25386.676443749726,25275.49593609311,91382
1772118000,25193.5,25210.75,24861.75,24998.75,,,,25322.675,25180.715,0,0,25259.629188906452,25277.406962614277,25192.91974207335,25039.936957514878,25243.332936045827,25389.883375708745,25096.782496382908,140984
1772121600,24999.5,25085.5,24954.25,24963.5,,,,25302.4125,25183.66,0,0,25200.403351125162,25248.86996601298,25183.922889443023,25039.176390773435,25001.083333333332,25001.083333333332,25001.083333333332,65704
1772125200,24963.75,25009.25,24912,24934.75,,,,25279.925,25184.81,0,0,25147.27268090013,25220.313605466345,25174.151403582513,25038.137322208524,24981.800967808504,25005.77247494494,24957.829460672066,42513
1772128800,24935.25,25030.75,24888.75,25001.5,,,,25256.9125,25187.295,0,0,25118.1181447201,25200.42145951486,25167.380760304768,25037.772771738786,24979.254722470854,24999.4781437444,24959.03130119731,49310
1772132400,25002,25099,24988.25,25063,,,,25244.2,25189.025,0,0,25107.09451577608,25187.928599558963,25163.28739715556,25038.023788935414,24993.78448387509,25027.5941893881,24959.97477836208,40655
1772136000,25062.75,25094.75,25024,25083.25,,,,25232.575,25190.115,0,0,25102.325612620865,25178.41236323542,25160.148675698478,25038.47380098581,25009.167767708448,25051.579872129525,24966.75566328737,52414
1772139600,25082.75,25090,25024.75,25028,,,,25218.1625,25189.755,0,0,25087.46049009669,25164.7385120322,25154.966374690695,25038.369584060576,25011.473041716366,25053.592960974645,24969.353122458087,15998
1772146800,25024.25,25038,24955,24995.25,,,,25202.525,25189.06,0,0,25069.018392077352,25149.330465483818,25148.702987447923,25037.94053347291,25010.833131710762,25052.18236261042,24969.483900811105,11566
1772150400,24995,25026.5,24954.75,24986,,,,25186.7375,25188.35,0,0,25052.41471366188,25134.482241348924,25142.32247813624,25037.423712244323,25010.213345371187,25051.129520386818,24969.297170355556,8159
1772154000,24986,25018.25,24971,24991.75,,,,25171.3125,25187.585,0,0,25040.281770929505,25121.506583044476,25136.417675072073,25036.96924744587,25009.82452164383,25050.334719749204,24969.314323538456,6890
1772157600,24994.5,25033.25,24985.25,25031.75,,,,25157.5,25187.895,0,0,25038.575416743603,25113.346893676797,25132.313060363365,25036.917314635466,25009.931310394077,25050.13702415881,24969.725596629345,4592
1772161200,25032,25036,25001.75,25024.75,,,,25142.3625,25187.52,0,0,25035.810333394882,25105.29263061527,25128.09490113343,25036.796246828148,25010.05330028455,25050.04988015793,24970.056720411172,3370
1772164800,25026.5,25036.25,25012,25023.75,,,,25126.1875,25186.575,0,0,25033.398266715907,25097.879664195698,25124.00294422624,25036.66643342687,25010.162057139467,25050.02126749105,24970.302846787883,2367
1772168400,25024.75,25061,25024,25039.5,,,,25110.6625,25185.295,0,0,25034.618613372724,25092.57242199609,25120.68910327619,25036.69462811914,25010.471789293075,25050.25450445745,24970.6890741287,3030
1772172000,25040,25046.25,24991.75,25032,,,,25093.3375,25183.785,0,0,25034.09489069818,25087.065838178263,25117.21109922614,25036.64791540154,25010.633679146427,25050.191221752746,24971.07613654011,3908
1772175600,25033,25079,25032.75,25074.5,,,,25079.2375,25183.94,0,0,25042.175912558545,25085.923489252968,25115.53615415845,25037.024553059236,25011.329896844436,25051.066023044405,24971.593770644467,4259
1772179200,25072.5,25089.75,25038.25,25067.25,,,,25064.5,25184.28,0,0,25047.190730046837,25084.225899320878,25113.642579485568,25037.325303775066,25012.297940710603,25052.31822141109,24972.277660010117,5772
1772182800,25067.75,25098.75,25024.5,25029.25,,,,25047.2625,25184.05,0,0,25043.60258403747,25079.22809029171,25110.333066564566,25037.244952493722,25013.19191944589,25053.16838254297,24973.215456348807,7612
1772186400,25030,25045,24966.75,25001.25,,,,25028.1375,25183.24,0,0,25035.132067229977,25072.13917299246,25106.05529924831,25036.88679376244,25012.946966217216,25052.39360338392,24973.500329050512,9331
1772190000,25000.25,25012.75,24928.75,24954,,,,25016.1875,25181.6,0,0,25018.905653783982,25061.399248174966,25100.092346336613,25036.0620495459,25011.738540300667,25051.39912071508,24972.077959886254,8756
1772193600,24952.75,24994,24898,24921.75,,,,25012.3375,25178.545,0,0,24999.474523027187,25048.703861977243,25093.098528833216,25034.924616217086,25009.152926974977,25050.408933014107,24967.896920935847,12566
1772197200,24919.5,24942.75,24793.75,24870.5,,,,25007.6875,25174.305,0,0,24973.67961842175,25032.503510888404,25084.369174761327,25033.28855038408,24998.967370270715,25052.83899250154,24945.09574803989,28117
1772200800,24871,24938.5,24782,24880,,,,25004.95,25170.44,0,0,24954.943694737398,25018.639555353093,25076.354697319704,25031.763291176278,24975.499893893884,25045.76260898476,24905.237178803007,83552
1772204400,24879.5,25017.25,24866.5,24982.75,,,,25004.0125,25167.6,0,0,24960.50495578992,25015.37686850281,25072.683924875793,25031.275596736712,24972.6320231965,25038.038946037836,24907.225100355165,78751
1772208000,24983.5,25021.5,24931.5,24968.75,,,,24999.3,25164.205,0,0,24962.153964631936,25011.138062275284,25068.608084684587,25030.65345149555,24973.916666666668,24973.916666666668,24973.916666666668,52918
1772211600,24969.25,25036.75,24900.25,24945.5,,,,24992.4125,25160.11,0,0,24958.82317170555,25005.170965704805,25063.78031665774,25029.80615347072,24967.333481986378,24973.875016909,24960.791947063753,53594
1772215200,24945,24955.25,24874.75,24902.75,,,,24986.15,25151.3,0,0,24947.60853736444,24995.85996882255,25057.465402279006,25028.541913137677,24953.13237133102,24978.26263495276,24928.00210770928,35830
1772218800,24902.5,24963,24873,24895.25,,,,24981.15,25143.3,0,0,24937.13682989155,24986.713608020502,25051.10401395434,25027.215625444765,24945.400980922404,24973.467025059996,24917.334936784813,31457
1772222400,24894.25,25022.75,24893.5,24998.25,,,,24981.7625,25136.935,0,0,24949.359463913243,24987.76237092773,25049.031307524758,25026.92741026621,24953.243166072323,24979.59062913562,24926.895703009028,74655
1772226000,24998.25,24998.75,24939.25,24952.75,,,,24979.8125,25128.945,0,0,24950.037571130593,24984.579428116118,25045.255569974768,25026.189326581967,24954.064786031864,24979.49802901478,24928.63154304895,21446
1772406000,24682.5,24815,24635.5,24742,,,,24965.325,25116.775,0,0,24908.430056904475,24962.526752832833,25033.36319468164,25023.361572088616,24938.662052192172,25000.333344824227,24876.990759560118,20003
1772409600,24739.25,24796.25,24712.75,24786,,,,24953.3875,25105.12,0,0,24883.94404552358,24946.478866211666,25023.662677243145,25020.999765401168,24931.058605753955,25001.054634438417,24861.062577069493,13274
1772413200,24785.5,24901.25,24772.5,24861.75,,,,24945.2875,25094.665,0,0,24879.505236418867,24938.776242010605,25017.313160488513,25019.415190621057,24926.72329464369,24997.474427287154,24855.972162000224,16116
1772416800,24864,24873.75,24796.5,24821,,,,24934.3625,25081.85,0,0,24867.804189135095,24928.06931091873,25009.614605175237,25017.440910117366,24924.61535728071,24995.992689810555,24853.238024750863,7145
1772420400,24821.25,24835.5,24785.25,24791.5,,,,24922.3375,25071.335,0,0,24852.543351308075,24915.653919017026,25001.061091246796,25015.192741857492,24923.006582964088,24995.242609856818,24850.77055607136,4416
1772424000,24792.75,24817.75,24740.75,24760,,,,24906.6125,25060.22,0,0,24834.03468104646,24901.50356274275,24991.60771511947,25012.653510595228,24919.981814277886,24994.53402813812,24845.42960041765,6801
1772427600,24759,24769.5,24672,24677.25,,,,24887.1125,25047.44,0,0,24802.67774483717,24881.116875220683,24979.279961585373,25009.316162231098,24916.065197640408,24995.298699573184,24836.83169570763,6303
1772431200,24675.75,24703,24528,24590.75,,,,24865.1875,25033.095,0,0,24760.292195869733,24854.719886564257,24964.043492503595,25005.151324795963,24905.18658577291,25001.612367941467,24808.760803604353,12559
1772434800,24588,24602.5,24531,24540.5,,,,24842.15,25017.87,0,0,24716.333756695785,24826.154442331142,24947.433943777964,25000.527928529336,24892.557524157037,25007.382881945723,24777.73216636835,13458
1772438400,24542,24591,24477,24563.5,,,,24822.625,25003.135,0,0,24685.76700535663,24802.276765755585,24932.37771068863,24996.179391927053,24874.575553077495,25010.41509835911,24738.73600779588,20115
1772442000,24562.25,24654.25,24552,24629,,,,24807.9875,24989.555,0,0,24674.413604285302,24786.524332505076,24920.480545563587,24992.52586563922,24865.584719378472,25007.370973659243,24723.7984650977,13817
1772445600,24628.5,24684.5,24625.5,24657.75,,,,24797.35,24976.16,0,0,24671.080883428243,24774.817575004614,24910.177386914034,24989.194762498533,24860.173203363178,25004.012745015938,24716.333661710418,10701
1772449200,24657.75,24729,24635,24688,,,,24787.75,24962.975,0,0,24674.464706742594,24766.925068186014,24901.464548211523,24986.1977996876,24855.899028516156,25000.545426185177,24711.252630847135,10309
1772452800,24685.75,24705.5,24609.75,24629,,,,24770.0625,24948.555,0,0,24665.371765394077,24754.38642562365,24890.779663967933,24982.643592725537,24850.30009919499,24996.898481586963,24703.701716803014,11765
1772456400,24630,24739.25,24592.75,24620.75,,,,24752.6625,24933.4,0,0,24656.44741231526,24742.23765965786,24880.190265380956,24979.042661454638,24841.67353208597,24990.69307649407,24692.65398767787,19748
1772460000,24621.5,24898.5,24605,24862,,,,24748.4875,24923.51,0,0,24697.55792985221,24753.12514514351,24879.476921640526,24977.878057858074,24833.65835243617,24972.29962735751,24695.01707751483,81012
1772463600,24862,24958.5,24802,24924.5,,,,24749.575,24914.76,0,0,24742.94634388177,24768.70467740319,24881.242532556582,24977.346932904264,24841.295156027536,24972.59079312134,24709.99951893373,76424
1772467200,24923.75,25044.25,24852,25033.5,,,,24756.4875,24907.95,0,0,24801.057075105415,24792.776979457445,24887.213413632795,24977.90566989029,24976.583333333332,24976.583333333332,24976.583333333332,67962
1772470800,25033.75,25076.5,25007.5,25065.75,,,,24759.8625,24901.59,0,0,24853.995660084332,24817.592708597676,24894.214848392294,24978.779742826704,25002.580977889218,25037.661120586847,24967.50083519159,37326
1772474400,25066,25074.75,24968.5,24972.5,,,,24760.85,24897.18,0,0,24877.696528067467,24831.67518963425,24897.284854337693,24978.717257823453,25003.219522901178,25033.8380880025,24972.600957799856,33111
1772478000,24972,25101,24966.25,25082.75,,,,24777.8875,24898.86,0,0,24918.707222453973,24854.50017239477,24904.55799730484,24979.7524094869,25014.414017841438,25047.7535165533,24981.074519129575,43537
1772481600,25082.5,25090.5,24946.75,25023.25,,,,24789.75,24900.055,0,0,24939.61577796318,24869.841065813427,24909.212585645826,24980.185221332802,25016.09189241275,25044.27276466069,24987.91102016481,74916
1772485200,25022.25,25028.75,24976.5,24995.75,,,,24796.45,24901.275,0,0,24950.842622370543,24881.287332557662,24912.606209738147,24980.340094752377,25015.241355316888,25042.881508806364,24987.601201827412,14654
1772492400,25002.75,25011,24944.25,24971,,,,24803.95,24900.665,0,0,24954.874097896434,24889.443029597875,24914.896162297435,24980.247158486185,25014.267599316354,25042.252047440874,24986.283151191834,6805
1772496000,24972.5,24982.25,24925,24931.5,,,,24810.95,24898.035,0,0,24950.199278317148,24893.266390543522,24915.54729318773,24979.76211213309,25012.89312423943,25042.200178944666,24983.58606953419,5740
1772499600,24931.75,24960,24869,24872.75,,,,24816.5875,24893.825,0,0,24934.70942265372,24891.401264130476,24913.86896796468,24978.697314997436,25009.821917542413,25044.040483875568,24975.603351209258,7986
1772503200,24874,24879.25,24806.5,24861.25,,,,24825.7875,24890.49,0,0,24920.017538122975,24888.660240118614,24911.80547902489,24977.528684997462,25004.135744194984,25048.987045104728,24959.28444328524,10704
1772506800,24862.75,24883.25,24804.25,24846,,,,24838.55,24887.505,0,0,24905.21403049838,24884.782036471468,24909.224872004306,24976.219941863157,25000.678814877534,25050.75851188782,24950.59911786725,6701
1772510400,24846.5,24864,24788.75,24810.25,,,,24852.0375,24883.99,0,0,24886.221224398705,24878.006396792243,24905.343504474724,24974.568499655565,24996.79247646359,25052.80068283542,24940.78427009176,6841
1772514000,24811.25,24829,24744,24765.5,,,,24862.1375,24879.465,0,0,24862.076979518963,24867.778542538403,24899.859445475715,24972.4882160769,24991.604587488186,25056.121250743603,24927.08792423277,7736
1772517600,24765.25,24800,24736,24754,,,,24868.3875,24873.91,0,0,24840.46158361517,24857.435038671276,24894.139467221765,24970.31420397663,24985.956206858496,25058.873032579155,24913.039381137838,8221
1772521200,24753.25,24767.5,24668.5,24676,,,,24869.3,24866.935,0,0,24807.569266892137,24840.940944246613,24885.584978311108,24967.385704434575,24976.452673179596,25064.35556265999,24888.549783699204,11589
1772524800,24674.75,24694.5,24505,24516.5,,,,24860.725,24856.79,0,0,24749.35541351371,24811.446312951466,24871.111057593025,24962.89927951483,24947.75639827032,25081.776901243575,24813.735895297068,26258
1772528400,24516.25,24581.75,24444,24453.75,,,,24851.9625,24845.075,0,0,24690.234330810967,24778.928466319514,24854.74395729526,24957.833117529608,24923.86853782815,25089.114408054396,24758.622667601907,20526
1772532000,24454,24484,24393,24452.75,,,,24843.5625,24833.49,0,0,24642.737464648773,24749.275878472286,24838.97948838172,24952.80741486762,24897.630287283577,25091.89202601872,24703.368548548435,22556
1772535600,24450.25,24514.25,24370,24488.5,,,,24824.8875,24821.77,0,0,24611.889971719018,24725.56898042935,24825.23519471969,24948.18744059033,24879.566970326447,25088.877672986353,24670.25626766654,17686
1772539200,24487,24606.75,24478.5,24583.5,,,,24807.8375,24812.095,0,0,24606.211977375213,24712.653618572138,24815.755383162057,24944.558709838187,24865.71053900171,25080.702114031985,24650.718963971434,19292
1772542800,24584,24590,24447.75,24496,,,,24780.9625,24801.43,0,0,24584.16958190017,24692.95783506558,24803.215956371387,24940.09543909353,24848.72176073586,25071.744824198515,24625.69869727321,22661
1772546400,24497,24661.25,24456,24489.25,,,,24752.1375,24791.19,0,0,24565.185665520134,24674.43894096871,24790.90356592545,24935.609414823943,24793.671722379608,25028.639298328126,24558.70414643109,100817
1772550000,24489,24562.5,24352,24446.75,,,,24725.85,24781.045,0,0,24541.498532416106,24653.73994633519,24777.407347653865,24930.745142039625,24741.262180232945,24989.789514053926,24492.734846411964,104564
1772553600,24447.25,24724.75,24436.5,24672,,,,24705.3125,24776.05,0,0,24567.598825932884,24655.39995121381,24773.27372617724,24928.170563511867,24611.083333333332,24611.083333333332,24611.083333333332,82905
1772557200,24671,24712.25,24602.5,24641.5,,,,24686.225,24771.47,0,0,24582.37906074631,24654.136319285284,24768.106129072254,24925.318120093838,24626.214560597065,24645.99905652965,24606.43006466448,48493
1772560800,24641,24832.5,24640.75,24800.25,,,,24676.45,24769.875,0,0,24625.95324859705,24667.41938116844,24769.366673030203,24924.07366118743,24662.310836909674,24723.401626387007,24601.22004743234,49653
1772564400,24799.5,24850,24709.5,24787.25,,,,24667.2625,24765.965,0,0,24658.21259887764,24678.313073789494,24770.067979970194,24922.71223172288,24687.89229231121,24761.03521546111,24614.749369161313,49085
1772568000,24787.25,24821.75,24718,24757.25,,,,24658.55,24761.735,0,0,24678.020079102113,24685.489157990447,24769.56531408901,24921.06584135748,24702.565145361576,24775.135531826993,24629.99475889616,53513
1772571600,24757.25,24758.25,24691.5,24709.75,,,,24650.4,24757.02,0,0,24684.36606328169,24687.694689082226,24767.219615497284,24918.963196169843,24703.386476402495,24774.305298557018,24632.467654247972,14165
1772578800,24710.75,24765,24669.75,24703,,,,24642.4875,24753.025,0,0,24688.09285062535,24689.08608098384,24764.701199203275,24916.814308645764,24703.619618351004,24773.648690626313,24633.590546075695,7746
1772582400,24702,24803.5,24676,24747.5,,,,24637.5625,24750.07,0,0,24699.974280500282,24694.396437258038,24764.026642371773,24915.12958915675,24705.104108705957,24774.178627499376,24636.029589912538,12184
1772586000,24749,24772.25,24630.75,24676,,,,24630.85,24743.625,0,0,24695.179424400227,24692.72403387094,24760.574617180722,24912.750190259667,24704.64024841155,24772.41812559268,24636.862371230418,12662
1772589600,24676.5,24703.25,24588,24637,,,,24624.425,24737.31,0,0,24683.543539520182,24687.658212609946,24755.72855376187,24910.00640727201,24702.882355334026,24770.477223655394,24635.287487012658,9659
1772593200,24637,24638,24525,24599.25,,,,24616.6875,24734.455,0,0,24666.684831616145,24679.62110237268,24749.592139888857,24906.914303717065,24699.338086530952,24768.803879363768,24629.872293698136,10769
1772596800,24600.25,24644.75,24566,24588.25,,,,24612.3,24730.5,0,0,24650.997865292917,24671.314638520616,24743.26499714812,24903.743514625352,24697.341623487566,24767.51173085979,24627.17151611534,7171
1772600400,24590.75,24617.75,24532.5,24574.25,,,,24615.1875,24724.75,0,0,24635.648292234335,24662.490580473288,24736.63695804427,24900.46497219127,24695.174504232837,24766.571541590387,24623.777466875286,6447
1772604000,24573.5,24590,24499,24572.25,,,,24621.1125,24719.775,0,0,24622.968633787466,24654.286891339354,24730.190410669984,24897.19915157245,24691.91015905267,24765.604654056046,24618.215664049294,8611
1772607600,24570.25,24677.75,24535.5,24657,,,,24631.325,24717.085,0,0,24629.774907029972,24654.533537581232,24727.320198486846,24894.80911026327,24690.160617826674,24763.706032424983,24616.615203228364,9779
1772611200,24657,24688.25,24611.5,24644,,,,24639.1,24714.765,0,0,24632.619925623978,24653.575943255666,24724.052739722658,24892.313497225827,24689.051558849067,24761.93876479105,24616.164352907083,10322
1772614800,24648.25,24771.25,24621,24754.75,,,,24647.6625,24716.315,0,0,24657.04594049918,24662.77358477788,24725.25655385118,24890.944706208655,24689.744249221727,24761.801418158804,24617.68708028465,10506
1772618400,24754.25,24866.25,24734.25,24842.5,,,,24664.9875,24721.35,0,0,24694.136752399347,24679.11234979807,24729.854336053097,24890.46266933096,24694.88161699099,24769.659981430876,24620.103252551107,17361
1772622000,24842.75,24895,24801.25,24805.5,,,,24680.8,24726.65,0,0,24716.409401919478,24690.602136180063,24732.820832678466,24889.617269636125,24698.93244839731,24776.234990893543,24621.629905901078,12635
1772625600,24806.25,24844.25,24720.5,24800.75,,,,24698.5,24731.395,0,0,24733.277521535583,24700.61557834551,24735.484721593035,24888.73301819696,24701.923437007783,24779.60923136518,24624.237642650387,14982
1772629200,24800.5,24930.25,24795.5,24889.25,,,,24709.3625,24736.6,0,0,24764.472017228465,24717.764162132284,24741.514732510954,24888.738162294503,24711.396444260183,24796.34653870594,24626.446349814425,26518
1772632800,24889.5,24970.25,24826,24919.25,,,,24723.25,24741.83,0,0,24795.427613782773,24736.081056483894,24748.48474300072,24889.041762669684,24739.266042510153,24843.199503503383,24635.332581516923,79823
1772636400,24922.75,25148.5,24891.5,25127.5,,,,24739.6125,24750.62,0,0,24861.842091026218,24771.66459680354,24763.348086412458,24891.41448144909,24788.0723576926,24937.086392100548,24639.05832328465,101161
1772640000,25127.25,25170.5,25051,25145.5,,,,24757.525,24760.95,0,0,24918.573672820974,24805.649633457764,24778.33443596491,24893.942695564023,25122.333333333332,25122.333333333332,25122.333333333332,63091
1772643600,25146.25,25181.5,25105,25168.75,,,,24778.1,24771.91,0,0,24968.60893825678,24838.658757688878,24793.644850240795,24896.677096603187,25133.27791905539,25147.4965432327,25119.059294878076,37381
1772647200,25170,25214.25,25140.5,25192.75,,,,24802.25,24778.525,0,0,25013.437150605423,24870.848870626254,24809.296032584294,24899.62309564196,25145.64186013291,25170.281236614,25121.00248365182,33703
1772650800,25192.5,25217.75,25180.25,25189,,,,24826.55,24783.815,0,0,25048.549720484338,24899.771700569323,24824.186384247656,24902.502467824626,25153.05056634561,25181.91087307709,25124.19025961413,23326
1772654400,25188.75,25195.25,25113.5,25120,,,,24845.175,24785.545,0,0,25062.83977638747,24919.79245506302,24835.78691819873,24904.666622373636,25150.514281532185,25175.886052166665,25125.142510897706,52578
1772658000,25120,25163.25,25092.5,25138,,,,24868.275,24786.99,0,0,25077.871821109977,24939.629504602744,24847.6384116027,24906.988347524148,25148.810469838845,25173.644169888714,25123.976769788977,20383
1772665200,25156.5,25190.75,25140,25171.75,,,,24895.0125,24790.975,0,0,25096.647456887982,24960.731367820677,24860.348669971223,24909.62279182739,25149.327428718494,25174.006339643078,25124.64851779391,6556
1772668800,25171,25250,25160.25,25208.25,,,,24925.4625,24793.485,0,0,25118.967965510386,24983.233061655163,24873.991859384118,24912.594206834085,25151.548181332902,25178.129129222678,25124.967233443127,9637
1772672400,25209.75,25217.5,25044,25071,,,,24949.6,24794.44,0,0,25109.37437240831,24991.211874231965,24881.717668820034,24914.17038388051,25149.002004239057,25176.561862678984,25121.44214579913,16454
1772676000,25070.75,25125.5,25050,25091.25,,,,24975.45,24796.35,0,0,25105.74949792665,25000.306249301786,24889.934622983954,24915.932370110557,25147.181914202247,25176.209243087706,25118.154585316788,8219
1772679600,25090.75,25101.5,25025.25,25048.25,,,,24999.25,24797.895,0,0,25094.249598341317,25004.664772092532,24896.143069141446,24917.24896344279,25144.57336678174,25176.865922644763,25112.280810918717,8207
1772683200,25046.75,25106.75,25031.75,25102.5,,,,25021.525,24801.315,0,0,25095.899678673053,25013.558883720485,24904.235497802565,24919.09225733888,25143.408373375765,25176.535097016276,25110.281649735254,5163
1772686800,25103.25,25104.5,25033,25034.75,,,,25041.0625,24804.555,0,0,25083.669742938444,25015.485348836806,24909.353713575012,24920.243080648943,25141.976168313075,25176.62020583992,25107.332130786228,4822
1772690400,25035,25092.75,24981,25092,,,,25057.925,24809.17,0,0,25085.335794350754,25022.44122621528,24916.51631304266,24921.952104722088,25138.755862447415,25176.49917607094,25101.01254882389,11165
1772694000,25091.75,25098,25041,25073,,,,25069.45,24813.71,0,0,25082.868635480605,25027.037478377526,24922.652928217456,24923.455068854208,25137.094961762217,25175.826593126774,25098.36333039766,7518
1772697600,25072,25078.25,24973.25,25051.75,,,,25081.7625,24818.54,0,0,25076.644908384485,25029.284071252296,24927.71555848344,24924.73163533327,25132.75191699165,25175.923219754273,25089.580614229024,13612
1772701200,25052.5,25205.75,25041,25114,,,,25097.425,24825.51,0,0,25084.11592670759,25036.985519320267,24935.020830699777,24926.61490264339,25131.93261131954,25173.77986357644,25090.085359062636,22569
1772704800,25115,25143.25,25085,25106.25,,,,25108.275,24832.555,0,0,25088.542741366073,25043.282290291154,24941.7357000841,24928.402316547435,25131.506039959026,25173.01708549619,25089.99499442186,7343
1772708400,25107.5,25153.75,25085.25,25093.5,,,,25116.9875,24840.905,0,0,25089.53419309286,25047.84753662832,24947.687241257274,24930.045079566866,25131.014600425955,25172.149998658777,25089.879202193133,8565
1772712000,25094.5,25157.75,25036.75,25069,,,,25114.0625,24851.955,0,0,25085.427354474286,25049.77048784393,24952.444604345223,24931.427715591075,25129.512028695095,25170.69291929439,25088.3311380958,12989
1772715600,25069.5,25076,24980.75,24993.75,,,,25106.475,24862.755,0,0,25067.09188357943,25044.677716221755,24954.064423782664,24932.047837824,25123.969263121522,25170.94025357456,25076.998272668483,19312
1772719200,24994.5,25187.75,24962.75,25185.5,,,,25107.3125,24877.41,0,0,25090.773506863545,25057.479742019776,24963.140328732363,24934.569749885453,25121.88297642258,25164.805359653343,25078.96059319182,82876
1772722800,25185.25,25209.75,24930.5,25082.5,,,,25101.8,24889.29,0,0,25089.118805490834,25059.75431092707,24967.821100154622,24936.04169267266,25113.638106467988,25156.628671814145,25070.64754112183,99527
1772726400,25080.25,25093.25,24942,25042.5,,,,25094.475,24898.47,0,0,25079.795044392667,25058.185737206426,24970.749684462284,24937.100979312734,25025.916666666668,25025.916666666668,25025.916666666668,62263
1772730000,25043,25123,24789,24807,,,,25078.825,24904.69,0,0,25025.236035514135,25035.35067018766,24964.32812820886,24935.806442205143,24958.261143154046,25017.533423002038,24898.988863306055,81121
1772733600,24807,24888.75,24772.5,24814,,,,25062.625,24911.185,0,0,24982.988828411308,25015.227881988783,24958.43290749479,24934.59443780509,24922.352873683245,25000.1907261783,24844.51502118819,52932
1772737200,24814,24882.25,24792.5,24858,,,,25046.9375,24919.41,0,0,24957.991062729045,25000.934438171622,24954.494362102836,24933.832304095587,24909.89616621284,24986.773686338875,24833.018646086803,37252
1772740800,24857.75,25056,24826.75,25047.75,,,,25038.9125,24926.925,0,0,24975.942850183237,25005.19039833784,24958.15144594194,24934.965813507573,24926.152493460017,24998.94466724774,24853.360319672294,74919
1772744400,25048.5,25051,25000.25,25010.5,,,,25035.8875,24934.305,0,0,24982.85428014659,25005.673089398035,24960.204330414806,24935.717397452772,24931.19441478181,25005.130064608722,24857.2587649549,17400
1772751600,25019.75,25070,25001,25060,,,,25034.325,24939.5,0,0,24998.28342411727,25010.61189945276,24964.117886084816,24936.954040264187,24933.18179783511,25007.944512096674,24858.419083573546,5862
1772755200,25059.75,25098,25059.25,25075,,,,25035.6625,24945.255,0,0,25013.626739293817,25016.465363138872,24968.466204277567,24938.32763190335,24936.052970276553,25012.760713362815,24859.34522719029,6738
1772758800,25073.5,25091.25,25038,25066,,,,25033.8375,24951.43,0,0,25024.101391435055,25020.96851194443,24972.29105901178,24939.59800372521,24938.68814053589,25016.771307405892,24860.60497366589,7057
1772762400,25069.75,25116,25060,25071.75,,,,25035.6875,24958.67,0,0,25033.631113148043,25025.585010858573,24976.191409638766,24940.912948961774,24940.902669696585,25020.381629989944,24861.423709403225,5401
1772766000,25070.25,25115,25070,25114.5,,,,25036.8125,24966.9,0,0,25049.804890518433,25033.668191689612,24981.61527592744,24942.640183300464,24942.530626869015,25023.204550361297,24861.856703376732,3632
1772769600,25113,25137.75,25093.5,25108.75,,,,25038.6,24974.125,0,0,25061.593912414748,25040.493810626922,24986.600951381268,24944.293017297474,24944.274251141247,25026.351155520548,24862.197346761946,3657
1772773200,25109,25141.5,25106.25,25118.75,,,,25041.95,24982.98,0,0,25073.025129931797,25047.60800966084,24991.783267013376,24946.028907672622,24945.999366261036,25029.51702080948,24862.481711712593,3508
1772776800,25117.5,25135.5,25100.75,25106.5,,,,25041.575,24992.37,0,0,25079.720103945438,25052.961826964398,24996.281962424615,24947.625634959462,24947.627626431447,25032.35660673333,24862.898646129564,3535
1772780400,25106.5,25140.5,25091.75,25125,,,,25042.5125,25002.885,0,0,25088.77608315635,25059.510751785816,25001.329728604043,24949.390554014593,24949.996746716344,25036.485991313577,24863.50750211911,5118
1772784000,25125.5,25128.5,25033,25074,,,,25041.5375,25012.6,0,0,25085.82086652508,25060.827956168923,25004.17954316859,24950.630448999524,24953.813798351734,25041.75767896396,24865.869917739506,11339
1772787600,25074.25,25082,24882.25,24920.25,,,,25034.1,25019.52,0,0,25052.70669322006,25048.048141971747,25000.88818853453,24950.328155974654,24954.137289024507,25040.2244554624,24868.050122586614,16772
1772791200,24920.75,24981,24918.25,24949.75,,,,25031.9,25027.07,0,0,25032.11535457605,25039.111947247042,24998.882769376312,24950.322403178885,24954.02899329659,25039.069863578705,24868.988123014475,9893
1772794800,24948,24962.75,24835,24856.25,,,,25015.4375,25031.055,0,0,24996.94228366084,25022.48813386095,24993.289327439987,24949.38635936616,24951.319776046534,25035.759430614275,24866.880121478793,16600
1772798400,24858.75,24884.75,24805.5,24835.75,,,,25003.1,25034.89,0,0,24964.70382692867,25005.511939873588,24987.111314599202,24948.255649322713,24947.103507990083,25032.533048312762,24861.673967667404,17049
1772802000,24835,24908.75,24618.25,24645.75,,,,24983.2625,25032.71,0,0,24900.91306154294,24972.80630897599,24973.724596379627,24945.24564286179,24927.648400883696,25030.693103584188,24824.603698183204,42282
1772805600,24644.5,24742.5,24608.75,24691.25,,,,24977.475,25029.685,0,0,24858.98044923435,24947.210280887262,24962.647161227484,24942.71832303232,24887.88949637787,25018.80959568503,24756.96939707071,93001
1772809200,24691.5,24893.25,24664.5,24858.5,,,,24979.7,25030.745,0,0,24858.88435938748,24939.14570989751,24958.562958826406,24941.88032976832,24876.54642990169,25001.404380033717,24751.688479769662,92067
1772812800,24859,24915,24790,24880.75,,,,24980.8375,25032.345,0,0,24863.257487509985,24933.837008997736,24955.51147024498,24941.272067780574,24861.916666666668,24861.916666666668,24861.916666666668,61207
1772816400,24881,24926.25,24744.25,24784.25,,,,24967.6625,25030.245,0,0,24847.455990007988,24920.23818999794,24948.79533415694,24939.70965914594,24842.970951456013,24864.612488044797,24821.32941486723,46908
1772820000,24783.75,24898.5,24779,24800.5,,,,24957.1625,25027.87,0,0,24838.06479200639,24909.352899998128,24942.979830856668,24938.324488408172,24837.874514886174,24857.577936604466,24818.171093167883,46402
1772823600,24801,24854,24773.5,24808.25,,,,24944.575,25021.485,0,0,24832.101833605113,24900.161727271025,24937.696308077975,24937.030214891674,24832.91002903148,24853.359903627817,24812.46015443514,36540
1772827200,24808,24853.25,24601,24667.75,,,,24924.2125,25011.93,0,0,24799.23146688409,24879.033388428204,24927.110178349427,24934.350809768373,24797.538453175424,24856.623981560715,24738.452924790134,74918
1772830800,24667.75,24682.25,24618,24661.25,,,,24903.975,25001.78,0,0,24771.635173507275,24859.234898571096,24916.68428900239,24931.633388775652,24787.259182299706,24855.177520680514,24719.340843918897,20491
1773007200,24435.25,24473,24223,24306.25,,,,24865.7,24984.05,0,0,24678.55813880582,24808.96354415554,24892.74568943367,24925.410668489327,24750.60392763639,24890.273012938644,24610.93484233414,25210
1773010800,24304.5,24326.25,24168.25,24215.25,,,,24820.7375,24964.575,0,0,24585.896511044655,24754.989585595944,24866.177231024503,24918.344393180974,24729.294163673232,24900.169217230723,24558.41911011574,13480
1773014400,24215.5,24238.75,24092,24117.75,,,,24771.1875,24944.53,0,0,24492.267208835725,24697.058714178133,24836.827143533344,24910.37827981599,24699.391059577214,24909.476330232574,24489.305788921854,17682
1773018000,24118.5,24137.75,24004.5,24007.5,,,,24715.625,24921.92,0,0,24395.31376706858,24634.371558343755,24804.304510453607,24901.39441633523,24669.4152071677,24915.72552428415,24423.104890051254,16589
1773021600,24009.5,24103,24000,24084,,,,24664.5,24900.165,0,0,24333.051013654862,24584.337780312504,24776.057274749543,24893.261138560752,24644.215172905446,24914.05558372101,24374.374762089883,15566
1773025200,24085,24132,24077,24093.5,,,,24612.925,24877.87,0,0,24285.14081092389,24539.716163920457,24749.29032279858,24885.303316286518,24630.928616707246,24910.350471444533,24351.50676196996,9399
1773028800,24095,24134.25,24092.5,24101,,,,24564.275,24858.47,0,0,24248.312648739113,24499.832876291326,24723.86717288491,24877.49930318914,24623.716038194092,24907.807106967062,24339.624969421122,5389
1773032400,24102,24258.5,24086.25,24258.5,,,,24531.1875,24841.815,0,0,24250.35011899129,24477.893523901206,24705.617479830602,24871.34010614248,24609.773954834214,24899.158292089443,24320.389617578985,13297
1773036000,24258.5,24315.75,24226.75,24245.25,,,,24495.9625,24825.755,0,0,24249.330095193032,24456.74411263746,24687.563853170577,24865.110353842556,24599.039491061965,24890.1851420324,24307.893840091532,12860
1773039600,24247.75,24315.25,24210,24277,,,,24467,24809.245,0,0,24254.864076154427,24440.403738761328,24671.463309908984,24859.258509525716,24588.98286458746,24881.26542758308,24296.700301591838,13008
1773043200,24278,24337.25,24233.25,24312.5,,,,24440.8375,24794.8,0,0,24266.39126092354,24428.776126146662,24657.386317363533,24853.818126346356,24576.771316209746,24868.897232928663,24284.64539949083,18546
1773046800,24315.75,24495.75,24284.5,24419.75,,,,24429.5375,24781.355,0,0,24297.063008738834,24427.95556922424,24648.067246094375,24849.499040512062,24569.23629022826,24857.29039311649,24281.182187340026,19924
1773050400,24420.25,24434.25,24340,24370.75,,,,24413.5125,24767.31,0,0,24311.800406991068,24422.755062931126,24637.192059973026,24844.735368467165,24563.46929141532,24848.90312735378,24278.03545547686,14827
1773054000,24372,24423.5,24348,24384.75,,,,24389.825,24753.97,0,0,24326.390325592853,24419.300057210115,24627.292371346633,24840.158399626696,24558.906855920926,24842.061151179478,24275.752560662375,12682
1773057600,24384.5,24459.25,24350,24379.75,,,,24364.775,24739.285,0,0,24337.062260474282,24415.70459746374,24617.584827372255,24835.577221520958,24553.86384255896,24834.013305154822,24273.714379963098,15844
1773061200,24380.75,24525.25,24313,24370.75,,,,24344.1,24724.575,0,0,24343.799808379426,24411.61781587613,24607.9050302204,24830.952075038163,24534.20858938535,24800.36160915405,24268.055569616652,76514
1773064800,24370.75,24585.5,24320,24549,,,,24331.525,24713.685,0,0,24384.83984670354,24424.107105341936,24605.59502903529,24828.1465817542,24527.740286694967,24776.406840472835,24279.0737329171,88534
1773068400,24549.5,24659.25,24549.5,24642.5,,,,24323.2375,24705.155,0,0,24436.37187736283,24443.961004856304,24607.04228279861,24826.299352085007,24617.083333333332,24617.083333333332,24617.083333333332,51615
1773072000,24642.75,24749.25,24631.25,24709.25,,,,24325.3125,24699.465,0,0,24490.947501890267,24468.078186233004,24611.050428571216,24825.134681915006,24654.632788938303,24694.321831561385,24614.94374631522,46200
1773075600,24709.75,24712.25,24575.75,24611,,,,24322.8,24687.975,0,0,24514.958001512212,24481.07107839364,24611.048450980186,24823.003988562617,24648.37564216217,24683.244042550694,24613.507241773645,39806
1773079200,24611.25,24708.25,24609,24655.5,,,,24340.2625,24679.435,0,0,24543.06640120977,24496.928253085127,24612.791648980965,24821.337282208762,24650.28815966225,24681.548744327894,24619.027574996606,36079
1773082800,24655.5,25058,24640,24992.25,,,,24379.1125,24678.43,0,0,24632.903120967814,24541.95750280466,24627.67236862877,24823.037906266385,24745.44541578604,24867.910323266082,24622.980508305995,109242
1773086400,24992.25,25025.75,24907.5,24958,,,,24421.125,24681.45,0,0,24697.922496774252,24579.779548004237,24640.626393388426,24824.380812671694,24762.679221477483,24894.128434811566,24631.2300081434,24251
1773093600,24981.5,24981.5,24870,24908.75,,,,24466.1875,24683.345,0,0,24740.087997419403,24609.685952731124,24651.141044628097,24825.22030707297,24768.198998032603,24900.529397947783,24635.868598117424,11164
1773097200,24908.25,24933.5,24858,24883.25,,,,24506.15,24683.85,0,0,24768.72039793552,24634.55541157375,24660.243356603467,24825.797716952842,24770.323240742455,24902.48767332417,24638.15880816074,5577
1773100800,24881,24970,24830,24936,,,,24548.275,24681.615,0,0,24802.176318348418,24661.959465067044,24671.057342619017,24826.894257082666,24774.11624229496,24906.489912076053,24641.742572513867,8911
1773104400,24935,24998,24925.25,24988,,,,24592.625,24681.165,0,0,24839.341054678735,24691.599513697314,24683.48646643788,24828.49729930075,24777.828615726532,24911.64326968086,24644.013961772205,6416
1773108000,24987,24999,24907,24927,,,,24626.05,24678.505,0,0,24856.87284374299,24712.99955790665,24693.03601677365,24829.47742567587,24780.414035688445,24914.77220952146,24646.05586185543,5351
1773111600,24926.75,24963,24854.75,24886.25,,,,24658.1,24674.73,0,0,24862.748274994392,24728.749598096954,24700.613035723705,24830.042326912924,24782.49009883106,24916.612834217176,24648.36736344494,6020
1773115200,24889.5,24919.75,24863.25,24903.75,,,,24689.4375,24671.485,0,0,24870.948619995514,24744.658725542686,24708.57919118552,24830.775736595384,24783.648610064327,24917.567652509715,24649.72956761894,3629
1773118800,24905,24963,24903.75,24955.5,,,,24721.5875,24669.16,0,0,24887.85889599641,24763.826114129715,24718.262360158635,24832.016774042197,24785.247264621972,24919.41285856191,24651.081670682033,3642
1773122400,24957.5,24986.25,24941,24954.5,,,,24748.325,24665.96,0,0,24901.18711679713,24781.160103754286,24727.526581328886,24833.235512608942,24787.080206294257,24921.72883671709,24652.431575871422,3781
1773126000,24953,25076.5,24939,25072.5,,,,24783.4125,24665.235,0,0,24935.449693437702,24807.64554886753,24741.054950688536,24835.616253777014,24793.795639379634,24932.393646088065,24655.197632671203,10312
1773129600,25073,25150.5,25063.5,25087.75,,,,24818.5625,24664.615,0,0,24965.909754750162,24833.109589879572,24754.650834975262,24838.12504727177,24804.919705589753,24952.574233455824,24657.265177723682,13996
1773133200,25088,25134,25080.75,25089.5,,,,24854.05,24664.275,0,0,24990.62780380013,24856.41780898143,24767.782174780154,24840.6262905825,24810.043006160377,24961.429698377287,24658.656313943466,6787
1773136800,25090.5,25095.75,25020.25,25066,,,,24888.8125,24663.095,0,0,25005.702243040105,24875.470735437662,24779.47699145544,24842.868815054313,24815.7899368652,24970.06145117205,24661.51842255835,9218
1773140400,25065.25,25109,24958.75,24972,,,,24909.9625,24661.055,0,0,24998.961794432085,24884.246123125147,24787.02691335915,24844.15370246671,24821.944591858868,24977.621511704496,24666.26767201324,12933
1773144000,24972.75,24999.5,24892,24968.5,,,,24926.2625,24662.02,0,0,24992.86943554567,24891.905566477406,24794.143504992124,24845.39097905908,24827.188832199547,24981.880491247182,24672.49717315191,17250
1773147600,24970.25,25081.75,24947.25,24962.25,,,,24938.9125,24662.27,0,0,24986.745548436535,24898.30051497946,24800.73591656106,24846.553755386853,24848.960054629595,25004.162742583267,24693.757366675924,63522
1773151200,24964.75,25152.75,24892.25,25151.25,,,,24965.925,24668.17,0,0,25019.646438749227,24921.2959227086,24814.481566892002,24849.585558815837,24877.992038815508,25040.15993281525,24715.824144815764,76784
1773154800,25151.25,25182,25109.75,25148.75,,,,24990.5875,24674.43,0,0,25045.467150999382,24941.973566098728,24827.590132896235,24852.562319424636,25146.833333333332,25146.833333333332,25146.833333333332,50611
1773158400,25149.5,25169.25,25080.25,25156.25,,,,24998.7875,24684.64,0,0,25067.623720799507,24961.453241907933,24840.4787551356,24855.58408739056,25141.672621916925,25147.429817282813,25135.915426551037,40667
1773162000,25155.75,25217.5,25102.25,25170.25,,,,25009.4,24694.22,0,0,25088.148976639604,24980.43476537085,24853.410960816556,24858.715091496128,25149.52673419318,25160.909417867217,25138.144050519142,51925
1773165600,25169.75,25181,24987.75,25030,,,,25015.4625,24697.65,0,0,25076.519181311683,24984.940695791684,24860.336021176692,24860.419418943926,25122.77099684664,25162.773480752858,25082.768512940424,67789
1773169200,25030.25,25072.5,24940.25,24986.5,,,,25020.625,24699.765,0,0,25058.515345049345,24985.082450719714,24865.283628189372,24861.673952088764,25094.65022838646,25157.124898958777,25032.175557814146,62521
1773172800,24986.5,25039,24985,25010.5,,,,25024.35,24704.29,0,0,25048.912276039475,24987.393137017923,24870.97838786822,24863.154808286887,25090.71652559838,25154.199201337848,25027.23384985891,13582
1773180000,25010.25,25018.5,24951.5,24970.25,,,,25023.4625,24707.685,0,0,25033.17982083158,24985.834670016295,24874.871392265544,24864.22043208503,25088.884943090987,25153.40323462845,25024.366651553522,4833
1773183600,24969.75,25025.5,24963.75,25016,,,,25027.9125,24711.84,0,0,25029.743856665264,24988.576972742085,24880.405847470818,24865.730676541894,25087.70715737161,25152.57304889808,25022.841265845138,4000
1773187200,25019.5,25086,25009.75,25062,,,,25036.7,24719.725,0,0,25036.195085332212,24995.251793401894,24887.527186785686,24867.683605133516,25086.99036361871,25151.38275325349,25022.597973983928,6165
1773190800,25063.5,25098,25051,25091,,,,25046.0625,24728.32,0,0,25047.15606826577,25003.956175819905,24895.50651279409,24869.90565881378,25086.90463084666,25150.90555929589,25022.90370239743,3751
1773194400,25091.5,25102.75,25074,25094.25,,,,25053,24744.08,0,0,25056.574854612616,25012.164705290823,24903.30037503746,24872.13794081563,25086.937716142525,25150.629989231835,25023.245443053216,2980
1773198000,25094,25125,25086.25,25118.5,,,,25061.2,24762.145,0,0,25068.95988369009,25021.831550264385,24911.73957601638,24874.58930458861,25087.119020121216,25150.592097386187,25023.645942856245,2456
1773201600,25118.5,25121.25,25086.5,25090.75,,,,25062.1125,24781.605,0,0,25073.317906952074,25028.096863876715,24918.75959264319,24876.740157279273,25087.197668411696,25150.47646861844,25023.918868204953,1990
1773205200,25092,25095.5,25025.75,25030.5,,,,25059.25,24802.065,0,0,25064.75432556166,25028.315330797013,24923.14156940228,24878.27010596306,25086.78865815049,25149.830587375924,25023.746728925056,3539
1773208800,25029.25,25053.25,25007,25041,,,,25056.825,24821.205,0,0,25060.003460449327,25029.46848254274,24927.763468641406,24879.8893088888,25086.06000445175,25148.971063479323,25023.148945424175,4413
1773212400,25041.25,25047.25,24945,25005.5,,,,25053.8,24839.445,0,0,25049.102768359462,25027.28952958431,24930.811960067233,24881.139166511795,25083.907860183124,25147.483623773227,25020.33209659302,8166
1773216000,25006,25037.5,24934,24967.5,,,,25053.575,24856.775,0,0,25032.78221468757,25021.854117803916,24932.25070673126,24881.9984782878,25081.03683187833,25146.010613212322,25016.063050544337,9329
1773219600,24968.25,24970.75,24899.5,24903.25,,,,25050.3125,24869.67,0,0,25006.875771750056,25011.071925276286,24931.113424114348,24882.209936215284,25077.621936527554,25145.83038481855,25009.413488236558,7554
1773223200,24902,25025,24895.75,25017.5,,,,25053.075,24885.115,0,0,25009.000617400045,25011.656295705714,24934.501132972608,24883.556106004187,25075.468834119976,25144.441300714643,25006.49636752531,7762
1773226800,25017,25043.5,24928.25,24947.5,,,,25042.8875,24898.525,0,0,24996.700493920034,25005.82390518701,24935.010892463877,24884.192363655886,25072.154458328885,25142.379540630965,25001.929376026805,11844
1773230400,24947.25,25058,24909.25,24945.25,,,,25032.7125,24911.18,0,0,24986.410395136027,25000.317186533648,24935.412426092746,24884.799902325976,25068.448118242046,25139.953073182875,24996.943163301217,13892
1773234000,24946.25,25115.5,24943.5,25101.25,,,,25029.9625,24924.81,0,0,25009.37831610882,25009.49289684877,24941.915860363617,24886.95363464114,25066.417430370824,25133.115400351286,24999.719460390363,59319
1773237600,25101.5,25180,24958.25,25065,,,,25024.7,24938.695,0,0,25020.50265288706,25014.538997135245,24946.742689368966,24888.7252402666,25066.61823135883,25128.087712815406,25005.14874990225,77904
1773241200,25065.75,25090,24888,24934.75,,,,25019.9375,24949.695,0,0,25003.352122309647,25007.28545194113,24946.272387825084,24889.183198074894,24970.916666666668,24970.916666666668,24970.916666666668,67378
1773244800,24934.25,25012.5,24897.75,25007.25,,,,25020.975,24962.245,0,0,25004.13169784772,25007.28222903739,24948.663666733904,24890.3579921239,24971.51417689313,24972.281665789797,24970.746687996467,40838
1773248400,25006.5,25026.5,24873.5,24951,,,,25018,24973.85,0,0,24993.505358278177,25002.165662761265,24948.7552876463,24890.961395187343,24965.261633700444,24974.944350205762,24955.578917195126,45325
1773252000,24951.5,24977,24888.75,24957.5,,,,25017.3625,24982.02,0,0,24986.30428662254,24998.105147964787,24949.098217542523,24891.62347085712,24960.639364016602,24973.532179858445,24947.74654817476,36291
1773255600,24958,25006.75,24913.5,24984,,,,25015.7625,24988.85,0,0,24985.84342929803,24996.82286178617,24950.466914893797,24892.54264030133,24961.854393218757,24973.96477310614,24949.744013331372,37029
1773259200,24984,24990.75,24940,24945.5,,,,25009.9375,24993.575,0,0,24977.774743438426,24992.15714707834,24950.27213391757,24893.069579203806,24961.708068194705,24973.54788601833,24949.86825037108,11222
1773266400,24934.5,24949.25,24816.5,24849.5,,,,24997.8625,24998.345,0,0,24952.11979475074,24979.188315525764,24946.320285528644,24892.636051052523,24957.72429600787,24979.55261246824,24935.8959795475,11032
1773270000,24848.25,24853.75,24733.25,24787.75,,,,24982.5375,25000.99,0,0,24919.24583580059,24961.784832296147,24940.10184295889,24891.59240875349,24949.5590115691,24991.30795814972,24907.810064988484,12876
1773273600,24788,24805,24740,24791.25,,,,24966.175,24996.97,0,0,24893.64666864047,24946.28166572377,24934.264515784034,24890.593976825596,24944.438921532692,24994.828108443457,24894.049734621927,8096
1773277200,24790.75,24842.25,24770,24789.5,,,,24951.1125,24993.6,0,0,24872.817334912375,24932.02878702161,24928.587475949367,24889.588066608427,24940.92374716455,24995.4246452351,24886.422849094,6765
1773280800,24790.5,24796,24704.25,24731,,,,24936.1375,24990.045,0,0,24844.4538679299,24913.753442746918,24920.838947480766,24888.010075895905,24936.094500410494,24997.953017769258,24874.23598305173,6951
1773284400,24729.75,24758.5,24695.5,24729.5,,,,24920.5625,24986.97,0,0,24821.46309434392,24897.003129769924,24913.335459344267,24886.432861210375,24932.58178139896,24999.523242154788,24865.64032064313,4869
1773288000,24728.75,24752,24709.5,24718.5,,,,24906.2125,24982.62,0,0,24800.870475475134,24880.775572518112,24905.694853095472,24884.761887466986,24930.175672606718,25000.307418876066,24860.04392633737,3413
1773291600,24718.25,24777.75,24717.75,24771,,,,24896.3875,24978.28,0,0,24794.89638038011,24870.795975016466,24900.41270199369,24883.629928387712,24926.95248216702,25000.303203149484,24853.601761184556,5491
1773295200,24769.75,24814.5,24746.5,24809.5,,,,24891.7,24975.93,0,0,24797.817104304086,24865.223613651335,24896.84749799394,24882.892317159974,24924.7085797203,24999.5013976881,24849.9157617525,4963
1773298800,24809.75,24872,24807.75,24871.75,,,,24884.4125,24975.64,0,0,24812.603683443267,24865.816921501213,24895.863282386334,24882.781448332513,24923.24284996841,24998.009806862283,24848.475893074537,6096
1773302400,24872,24902.5,24836.75,24878,,,,24880.9375,24975.125,0,0,24825.682946754612,24866.92447409201,24895.16276150844,24882.73387173219,24921.82652008618,24996.01751690092,24847.635523271438,8847
1773306000,24879.25,24921.5,24813,24917,,,,24879.525,24974.355,0,0,24843.94635740369,24871.4767946291,24896.019123802227,24883.07482823237,24920.899976594206,24994.414695360058,24847.385257828355,7936
1773309600,24917.75,24927,24875.25,24884.75,,,,24868.7,24972.96,0,0,24852.10708592295,24872.683449662818,24895.57719737861,24883.091496608165,24920.43739699442,24993.35377407113,24847.521019917713,6077
1773313200,24883,24928,24847.5,24857,,,,24858.3,24968.65,0,0,24853.08566873836,24871.25768151165,24894.06436610886,24882.83187972649,24919.31401469639,24991.595868562257,24847.03216083052,8906
1773316800,24858.25,24862.75,24801.25,24834.25,,,,24853.275,24963.58,0,0,24849.31853499069,24867.893346828776,24891.718704692827,24882.34847793817,24916.587100336772,24989.310528974755,24843.86367169879,11072
1773320400,24834.5,24852.75,24630.5,24657.75,,,,24835.8,24954.945,0,0,24811.00482799255,24848.78940620798,24882.54346137154,24880.113667212416,24881.335334536994,24982.728381993078,24779.94228708091,73896
1773324000,24658.75,24747.5,24572.5,24619.75,,,,24819.2375,24946.02,0,0,24772.75386239404,24827.967642007254,24872.2378354354,24877.52298395657,24841.312278176898,24969.067741489005,24713.55681486479,87427
1773327600,24620.5,24709.75,24561,24665.5,,,,24804.6375,24939.89,0,0,24751.303089915233,24813.197856370232,24864.130469339896,24875.413302524164,24645.416666666668,24645.416666666668,24645.416666666668,65488
1773331200,24666,24735.25,24587.75,24662.25,,,,24788.55,24933.765,0,0,24733.492471932186,24799.47532397294,24856.213588189312,24873.292274638352,24653.35574978746,24661.51924474299,24645.19225483193,61937
1773334800,24661.5,24724,24585.25,24625.5,,,,24772.55,24927.03,0,0,24711.893977545747,24783.659385429946,24847.165996495612,24870.82667986583,24651.39058477068,24659.38096917349,24643.400200367872,38680
1773338400,24625.25,24671.5,24595.25,24599.75,,,,24760.0625,24916,0,0,24689.465182036598,24766.94035039086,24837.463408397747,24868.129399469155,24646.77324896675,24659.71061673245,24633.835881201052,31169
1773342000,24599.5,24643,24542.75,24555.25,,,,24748.4375,24904.13,0,0,24662.622145629277,24747.6957730826,24826.39621591156,24865.01617161374,24632.559837412304,24662.121397661213,24602.998277163395,53688
1773345600,24555.25,24577.5,24517.75,24568.5,,,,24737.3,24892.375,0,0,24643.79771650342,24731.40524825691,24816.282638816992,24862.06576194594,24627.603600115923,24661.958321210088,24593.248879021758,17034
1773352800,24567,24601.75,24540,24586.75,,,,24727.1625,24880.705,0,0,24632.388173202737,24718.254771142645,24807.281358863384,24859.326301628073,24626.203118666752,24661.10565751182,24591.300579821684,7501
1773356400,24587,24614,24526.5,24528,,,,24717.0125,24870.665,0,0,24611.51053856219,24700.95888285695,24796.329148711877,24856.029522507397,24624.829351551023,24660.726690969263,24588.932012132784,5512
1773360000,24529,24643,24491.25,24624,,,,24711.7375,24863.415,0,0,24614.008430849753,24693.962620779046,24789.57114288004,24853.72077103966,24623.42976892822,24659.40671904908,24587.452818807364,10531
1773363600,24624.5,24662.25,24618.25,24629.5,,,,24707.2875,24855.795,0,0,24617.106744679804,24688.102382526406,24783.293843159252,24851.489718591507,24623.679104812483,24659.361011207864,24587.997198417102,5597
1773367200,24629.25,24651.5,24599.25,24603.75,,,,24698.925,24848.465,0,0,24614.435395743843,24680.433984114916,24776.2529081334,24849.024646764727,24623.59955067311,24659.029145200362,24588.169956145855,4351
1773370800,24605,24629,24581.75,24625,,,,24689.7,24840.645,0,0,24616.548316595075,24675.39453101356,24770.32142153993,24846.795545801895,24623.439561428193,24658.65191462894,24588.227208227447,4186
1773374400,24625,24628.25,24562.75,24576.5,,,,24674.9375,24830.935,0,0,24608.53865327606,24666.404119103237,24762.72058147954,24844.10603788347,24623.038866974905,24658.238100941355,24587.839633008454,3616
1773378000,24576.5,24599.5,24553.5,24585.75,,,,24660.325,24820.83,0,0,24603.98092262085,24659.071926457487,24755.780558676423,24841.53533103886,24622.55769968634,24657.855647074495,24587.25975229818,3463
1773381600,24584,24596,24476.5,24479.75,,,,24638.4625,24808.54,0,0,24579.13473809668,24642.76993314317,24744.955830885192,24837.93547699867,24620.40734734807,24658.38008991428,24582.43460478186,6530
1773385200,24479.25,24488,24410.5,24447.5,,,,24616.6,24795.12,0,0,24552.807790477345,24625.018121039244,24733.290896340673,24834.05054687928,24615.07551775904,24662.871196914428,24567.279838603652,10230
1773388800,24448.75,24524.25,24397,24512.5,,,,24599.375,24783.555,0,0,24544.746232381876,24614.789200944768,24724.63242981751,24830.85103895013,24610.323912563697,24663.563318228695,24557.0845068987,11825
1773392400,24513.75,24574.25,24508.5,24532,,,,24584.2625,24773.585,0,0,24542.196985905503,24607.26290994979,24717.07821688349,24827.877396771524,24608.24042718946,24662.07648938801,24554.404364990907,10161
1773396000,24531.75,24623,24525.25,24619,,,,24582.325,24765.145,0,0,24557.5575887244,24608.329918136173,24713.23201229982,24825.799014714095,24607.74140851575,24660.959212088335,24554.523604943166,9401
1773399600,24617.5,24665.25,24602,24662.75,,,,24584.475,24758.29,0,0,24578.59607097952,24613.27719830561,24711.252325542966,24824.176636458233,24608.965747798702,24661.660990431727,24556.270505165678,12857
1773403200,24663.75,24738,24630.5,24681,,,,24585.25,24752.56,0,0,24599.076856783617,24619.433816641464,24710.0659598354,24822.751993309394,24612.13352884677,24665.829520657193,24558.43753703635,16668
1773406800,24680.5,24805.25,24611,24726,,,,24588.4375,24749.015,1,0,24624.461485426895,24629.121651492238,24710.69082415558,24821.789286908304,24627.225074793623,24688.60323370606,24565.846915881186,67836
1773410400,24728.5,24765,24482,24489.75,,,,24581.65,24738.46,0,0,24597.519188341517,24616.45150135658,24702.026478110263,24818.48541340673,24619.387259427447,24678.321595455665,24560.45292339923,88750
1773414000,24490.5,24569.25,24391.75,24408.75,,,,24572.1,24727.685,0,0,24559.765350673213,24597.5695466878,24690.525439752997,24814.4084441191,24456.583333333332,24456.583333333332,24456.583333333332,73416
1773417600,24408.75,24488.5,24382,24397.25,,,,24564.2,24716.725,0,0,24527.26228053857,24579.35867880709,24679.024442115624,24810.25761382936,24442.97699989651,24459.634821703065,24426.319178089954,48982
1773421200,24396,24473.75,24353,24374.25,,,,24554.4875,24702.185,0,0,24496.659824430855,24560.712435279172,24667.07250320913,24805.91922961215,24432.217680405127,24455.680967437747,24408.754393372506,41303
1773424800,24374.75,24472.5,24367.25,24448.5,,,,24547.575,24689.855,0,0,24487.027859544683,24550.51130479925,24658.501032495045,24802.362819367256,24431.725785982988,24453.056097466564,24410.39547449941,34872
1773428400,24448.25,24449.5,24350.5,24398,,,,24541.075,24679.12,0,0,24469.22228763575,24536.64664072659,24648.285305730533,24798.339308726787,24425.582125416582,24448.602820846758,24402.561429986406,46477
1773432000,24397.75,24400.25,24333.75,24335.25,,,,24526.6375,24665.68,0,0,24442.427830108598,24518.33785520599,24636.00941138816,24793.73145490861,24421.538486906982,24449.148245504835,24393.92872830913,15216
1773612000,24285,24475.5,24278,24464.75,,,,24518.4,24655.955,0,0,24446.892264086877,24513.466232005445,24629.293356039605,24790.458007596088,24421.0713390566,24448.389082799564,24393.75359531364,8112
1773615600,24468.75,24496.75,24408.5,24439.5,,,,24510.1875,24645.595,0,0,24445.4138112695,24506.742029095858,24621.85047933217,24786.96588811752,24421.595630966258,24448.905666266004,24394.28559566651,5279
1773619200,24439,24525.5,24437.25,24508.25,,,,24504.35,24636.08,0,0,24457.9810490156,24506.87911735987,24617.395558574044,24784.19259569844,24423.125422195702,24451.970753024096,24394.28009136731,6229
1773622800,24511.5,24523.75,24468.75,24514.5,,,,24501.25,24627.46,0,0,24469.28483921248,24507.57192487261,24613.360438629963,24781.50908728353,24424.56363615634,24455.03976795334,24394.08750435934,5176
1773626400,24516,24518.5,24474.25,24492,,,,24496.5625,24620.31,0,0,24473.827871369984,24506.156295338737,24608.601205742514,24778.628399847876,24425.24432134664,24456.344694268857,24394.143948424422,2785
1773630000,24490.5,24540.25,24488.25,24530.5,,,,24499.1,24615.165,0,0,24485.162297095987,24508.36935939885,24605.538413360453,24776.159460545907,24425.825597601535,24457.697628720005,24393.953566483066,1783
1773633600,24531.25,24550,24506,24507.25,,,,24502.0875,24609.485,0,0,24489.57983767679,24508.2675994535,24601.68396577769,24773.483744520574,24426.48211950807,24459.207232217974,24393.757006798165,2010
1773637200,24506.25,24561.25,24506.25,24560,,,,24504.4625,24604.895,0,0,24503.66387014143,24512.970544957727,24600.049300453076,24771.359528157183,24427.354280032716,24461.4615791102,24393.24698095523,2209
1773640800,24558.75,24566,24536.25,24563.25,,,,24506.025,24601.54,0,0,24515.581096113143,24517.541404507025,24598.606190631388,24769.288786583482,24428.180116761338,24463.685912106273,24392.6743214164,1911
1773644400,24564.5,24583.25,24503.75,24513.75,,,,24500.7625,24597.225,0,0,24515.214876890514,24517.196731370022,24595.27849688114,24766.746112090113,24429.65769089727,24467.028093765595,24392.287288028947,4205
1773648000,24512,24570,24497.5,24525.25,,,,24493.8875,24593.36,0,0,24517.22190151241,24517.92884670002,24592.532281317173,24764.343165701157,24431.398467294865,24470.714843573045,24392.082091016684,5247
1773651600,24531.25,24536.25,24478,24494,,,,24484.5375,24587.82,0,0,24512.57752120993,24515.753497000016,24588.66827028513,24761.653183952887,24432.22705619855,24472.05495113677,24392.399161260328,3586
1773655200,24491.25,24614,24487,24604.25,,,,24478.45,24583.715,0,0,24530.912016967945,24523.79863363638,24589.27931850924,24760.086983117533,24434.684317416708,24478.115362900255,24391.25327193316,5674
1773658800,24603.75,24636,24576.25,24626,,,,24485.2625,24578.8,0,0,24549.929613574357,24533.089666942164,24590.71934523437,24758.752784280543,24437.766963947186,24486.685385664117,24388.848542230255,5540
1773662400,24624.25,24688.75,24623.75,24658,,,,24497.725,24574.4,0,0,24571.543690859486,24544.4451517656,24593.357802284005,24757.750269014068,24443.31099696131,24502.60876754193,24384.01322638069,8309
1773666000,24658.5,24741,24623,24736.75,,,,24514.7,24570.795,0,0,24604.58495268759,24561.927410696,24598.981025723846,24757.54131111343,24467.350658687872,24561.08465877023,24373.616658605515,33889
1773669600,24735.5,24764.5,24610.75,24693.75,,,,24530.675,24566.975,0,0,24622.417962150073,24573.91128245091,24602.697456087615,24756.906571699365,24488.819427019553,24599.497098442167,24378.14175559694,38717
1773673200,24694.25,24739,24647.5,24675,,,,24542,24563.335,0,0,24632.93436972006,24583.101165864464,24605.532849966534,24756.091580936187,24687.166666666668,24687.166666666668,24687.166666666668,22064
1773676800,24675,24703.75,24617.5,24673.75,,,,24555.7875,24560.125,0,0,24641.097495776048,24591.341968967696,24608.20803232079,24755.27226172289,24676.56913857678,24687.64181987149,24665.496457282068,20211
1773680400,24674.75,24725,24652.75,24681.25,,,,24573.0875,24560.595,0,0,24649.12799662084,24599.51542633427,24611.072423210167,24754.53572180525,24679.24476805422,24689.635824782938,24668.853711325504,15957
1773684000,24682.5,24734.75,24676.25,24704,,,,24585.05,24562.28,0,0,24660.102397296672,24609.014023940246,24614.71664190781,24754.032878802213,24684.22341358897,24698.027082153712,24670.419745024228,13954
1773687600,24704.75,24816.25,24637.25,24670.25,,,,24596.5875,24562.375,0,0,24662.131917837338,24614.58093085477,24616.89442065652,24753.19921831662,24691.050259358606,24706.886423593405,24675.214095123807,29218
1773691200,24670.25,24685,24643.5,24654.75,,,,24603.9125,24562.225,0,0,24660.65553426987,24618.232664413426,24618.378953179796,24752.219624104513,24689.04400840388,24706.07605244435,24672.011964363406,7276
1773698400,24870,24880.25,24833.75,24839.75,,,,24620.175,24566.51,0,0,24696.474427415895,24638.370604012205,24627.060170702156,24753.0905731184,24695.04471741025,24729.925962414643,24660.163472405853,4175
1773702000,24841.5,24882,24836.25,24881.75,,,,24639.6625,24572.15,0,0,24733.529541932716,24660.49600364746,24637.048007145208,24754.370766420703,24700.045350074273,24744.92810435578,24655.162595792768,3387
1773705600,24880.25,24881.75,24805,24813,,,,24653.7875,24577.305,0,0,24749.423633546172,24674.360003315873,24643.948085296375,24754.954141879203,24706.16550462355,24758.12397778215,24654.20703146495,5598
1773709200,24813.75,24848,24810.25,24835,,,,24670.175,24582.635,0,0,24766.538906836937,24688.963639378067,24651.44031724554,24755.75061807941,24710.493629816265,24766.422801559784,24654.564458072746,4373
1773712800,24835.75,24839.5,24786.75,24791.75,,,,24681.7625,24586.735,0,0,24771.58112546955,24698.307853980063,24656.942657745712,24756.10882088459,24712.99464149313,24770.255145842366,24655.734137143892,3394
1773716400,24791.5,24811.5,24780.5,24790.75,,,,24693.1375,24591.99,0,0,24775.41490037564,24706.71168543642,24662.190004500782,24756.453509233997,24715.10327483842,24773.073702897404,24657.132846779437,3453
1773720000,24790.75,24847.75,24789.75,24835.5,,,,24709.225,24596.22,0,0,24787.43192030051,24718.41971403311,24668.986474912515,24757.240041480425,24717.105832626312,24776.382211813903,24657.82945343872,2485
1773723600,24836.5,24852.5,24752.5,24755.5,,,,24720.7375,24598.74,0,0,24781.04553624041,24721.79064912101,24672.379162170848,24757.22272763485,24718.964471564566,24778.514222312413,24659.41472081672,3712
1773727200,24754.25,24774,24728.25,24754.5,,,,24733.7625,24601.755,0,0,24775.736428992328,24724.764226473646,24675.599587183755,24757.19563581759,24720.1555368992,24778.956095800055,24661.354977998348,5168
1773730800,24754,24816,24737.5,24772.25,,,,24742.1625,24604.7,0,0,24775.039143193862,24729.08111497604,24679.38979945106,24757.34543048607,24721.84074362451,24780.50721279808,24663.174274450943,4557
1773734400,24770.75,24809,24739.75,24769.75,,,,24749.35,24608.565,0,0,24773.98131455509,24732.778286341854,24682.93333672749,24757.46885903845,24724.017724116366,24782.33658486709,24665.69886336564,6644
1773738000,24768.5,24850,24768.25,24844.25,,,,24758.6625,24613.735,0,0,24788.035051644074,24742.912078492594,24689.259480385233,24758.332352978367,24727.48356505002,24787.507489518506,24667.459640581535,5778
1773741600,24843,24843.75,24793.5,24834.25,,,,24763.5375,24620.825,0,0,24797.278041315258,24751.21552590236,24694.945383115224,24759.087752451218,24729.776649792246,24790.87333218015,24668.679967404343,3935
1773745200,24832.5,24860.25,24812.5,24814.75,,,,24769.5875,24628.17,0,0,24800.772433052207,24756.991387183964,24699.643603385215,24759.641605660658,24734.09497981861,24797.19150429708,24670.998455340137,7510
1773748800,24814.75,24940.25,24812.75,24932.75,,,,24782.475,24636.575,0,0,24827.167946441765,24772.96944289451,24708.785030703442,24761.364077246122,24745.31037268496,24818.697962350336,24671.92278301958,12929
1773752400,24932.75,25117,24929.5,25093,,,,24803.4375,24647.795,0,0,24880.334357153413,24802.0631299041,24723.852284401346,24764.66393717402,24814.938014627878,24957.288999678138,24672.58702957762,55861
1773756000,25092.75,25098,24995.75,25075.75,,,,24823.1625,24656.93,0,0,24919.41748572273,24826.943754458272,24737.65219481698,24767.75932088373,24858.573850561068,25017.44491761353,24699.702783508605,53273
1773759600,25076,25089.5,24951.25,24991,,,,24837.5125,24663.495,0,0,24933.733988578184,24841.85795859843,24747.587402863373,24769.980621173447,25010.58333333333,25010.583678600313,25010.582988066344,49562
1773763200,24990.75,25026.25,24946.25,24995.5,,,,24853.775,24669.785,0,0,24946.08719086255,24855.825416907664,24757.309465496182,24772.22459509212,25002.053203138523,25012.46963945469,24991.636766822354,33237
1773766800,24995.5,25044.25,24994,25034.5,,,,24872.7625,24675.955,0,0,24963.769752690037,24872.068560825148,24768.17968253555,24774.83430061359,25006.86648064948,25019.85284413425,24993.880117164714,22926
1773770400,25034.25,25057.75,24989.75,25003.25,,,,24880.9375,24686.225,0,0,24971.66580215203,24883.99414620468,24777.398126357682,24777.107093642313,25008.680501404273,25021.055731035358,24996.305271773188,23286
1773774000,25003.5,25027.75,24982,25010.25,,,,24887.3625,24698.255,0,0,24979.382641721626,24895.471951095165,24786.52957238287,24779.42692355632,25008.30883108948,25019.51116118371,24997.106500995247,29199
1773777600,25010,25030,25004.25,25027.5,,,,24898.0875,24710.86,0,0,24989.0061133773,24907.474500995606,24795.97939307374,24781.895312376655,25009.06968794158,25020.315735173113,24997.82364071005,10455
1773784800,25019.75,25028.25,24990.75,25006.75,,,,24906.675,24723.51,0,0,24992.554890701842,24916.499546359642,24804.244907070846,24784.13267245251,25009.059667872534,25020.18947888,24997.92985686507,3548
1773788400,25006.75,25023.75,24995.5,25003.5,,,,24917.2625,24734.61,0,0,24994.743912561473,24924.408678508767,24812.058832283754,24786.315431930594,25009.035235269817,25020.074172502333,24997.996298037302,2898
1773792000,25003.25,25083,24998,25078.5,,,,24931.65,24748.22,0,0,25011.495130049178,24938.416980462516,24822.507505527527,24789.222741065612,25010.423389178344,25023.74102170138,24997.10575665531,5687
1773795600,25079.5,25098.5,25079.5,25096.5,,,,24944.7,24763.445,0,0,25028.496104039343,24952.788164056834,24833.252309232328,24792.280226229137,25012.25764214369,25030.1097384162,24994.40554587118,4185
1773799200,25096,25130,25094.25,25118.5,,,,24962.85,24776.52,0,0,25046.496883231473,24967.852876415305,24844.438493184003,24795.526194127353,25014.457064776612,25037.5072623143,24991.406867238926,4077
1773802800,25117.75,25144.25,25107,25137,,,,24981.975,24790.47,0,0,25064.597506585178,24983.22988765028,24855.911493451298,24798.92394343952,25016.235068305297,25043.14847473138,24989.321661879214,2970
1773806400,25136.25,25148.5,25130.5,25139.5,,,,25000.3375,24803.095,0,0,25079.578005268144,24997.436261500254,24867.032611355167,24802.31275992271,25017.880475402646,25048.12574454998,24987.635206255312,2598
1773810000,25140,25170.5,25135.25,25168.5,,,,25020.275,24816.175,0,0,25097.362404214517,25012.987510454775,24878.85486189026,24805.95641405283,25019.796740994127,25053.96203271699,24985.631449271263,2697
1773813600,25169,25210.5,25166,25181.75,,,,25037.15,24829.97,0,0,25114.239923371613,25028.329554958887,24890.733102600447,24809.695653713996,25024.320285886122,25067.53204402172,24981.108527750526,5518
1773817200,25183,25188.75,25158.5,25161.75,,,,25053.525,24842.595,0,0,25123.74193869729,25040.458686326263,24901.36121622396,24813.19868203525,25027.35877129047,25074.904762378163,24979.812780202778,4331
1773820800,25161.25,25186,25153.5,25171.75,,,,25071.375,24855.885,0,0,25133.343550957834,25052.3942602966,24911.964697940668,24816.76635684087,25030.875357235334,25082.7960725923,24978.95464187837,5221
1773824400,25171,25190.5,25158.5,25169.5,,,,25083.2125,24868.075,0,0,25140.57484076627,25063.040236633275,24922.064121550837,24820.276144334992,25033.575347284765,25088.534272432487,24978.61642213704,4118
1773828000,25169.75,25198.25,25158.5,25161.5,,,,25086.6375,24880.04,0,0,25144.759872613016,25071.99112421207,24931.45376384296,24823.671406580415,25036.536630578907,25094.498528486158,24978.574732671656,4707
1773831600,25161.25,25177.25,25097.5,25113,,,,25088.5,24892.025,0,0,25138.407898090412,25075.719203829154,24938.57322408441,24826.550298057227,25041.10296723683,25101.07482628658,24981.13110818708,11460
1773835200,25112.5,25119,24869.75,24881.25,,,,25083.0125,24899.145,0,0,25086.97631847233,25058.040185299233,24936.325254512474,24827.09457369845,25029.669388170914,25092.47293017317,24966.865846168657,36442
1773838800,24880.75,24998.25,24864,24971.75,,,,25081.825,24908.7,0,0,25063.931054777866,25050.1956229993,24937.714460217867,24828.533931174086,25014.548727978665,25080.117935259786,24948.979520697543,58231
1773842400,24969,24984.75,24811.75,24882.25,,,,25074.2125,24914.26,0,0,25027.59484382229,25034.927839090273,24935.53938334658,24829.06841942111,24995.986290300316,25070.527681974654,24921.444898625978,58955
1773846000,24883.25,24931.75,24860,24899.25,,,,25069.0125,24919.725,0,0,25001.925875057834,25022.593490082065,24934.116270274164,24829.766743605975,24897,24897,24897,41516
1773849600,24899,24912,24830.75,24845,,,,25060.75,24923.465,0,0,24970.540700046266,25006.44862734733,24930.62151457714,24829.918318296463,24883.00499402099,24899.91065175595,24866.09933628603,28451
1773853200,24844.25,24884.75,24795.5,24880,,,,25053.375,24926.33,0,0,24952.432560037014,24994.953297588483,24928.63635714274,24830.416643487544,24874.87847985348,24894.41600534067,24855.34095436629,26493
1773856800,24881.5,24916.5,24741.25,24743.75,,,,25040.225,24927.33,0,0,24910.69604802961,24972.116634171347,24921.38591176459,24829.554288825977,24851.180955946587,24889.40543667382,24812.956475219355,45103
1773860400,24742.75,24801.5,24641.75,24651.5,,,,25022.625,24926.86,0,0,24858.85683842369,24942.969667428497,24910.80215051892,24827.782604360047,24804.44878109001,24881.76326301956,24727.13429916046,62294
1773864000,24651.25,24690,24565.5,24606.25,,,,24999.0125,24925.51,0,0,24808.33547073895,24912.35878857136,24898.858928929945,24825.578299839053,24786.116153419243,24877.85589740207,24694.376409436416,22577
1773871200,24622,24628.5,24562.25,24593.5,,,,24973.8625,24923.755,0,0,24765.368376591163,24883.371625973963,24886.884068971907,24823.269063024734,24780.01494642091,24876.338321607844,24683.691571233976,7457
1773874800,24594.25,24644.25,24586.75,24616.75,,,,24948.775,24922.01,0,0,24735.64470127293,24859.133296339965,24876.29057607105,24821.214146974737,24774.637634141804,24873.772134152226,24675.50313413138,7924
1773878400,24618.25,24644.25,24586.5,24619.5,,,,24922.9,24920.995,0,0,24712.415761018343,24837.34845121815,24866.220357401595,24819.20704103469,24769.783642303144,24871.116452742466,24668.45083186382,7670
1773882000,24619.75,24670,24605,24640,,,,24897.925,24920.7,0,0,24697.932608814674,24819.40768292559,24857.348970836825,24817.42388639753,24766.87517605404,24868.92908868017,24664.82126342791,5645
1773885600,24639.75,24725.25,24600.5,24695.75,,,,24874.2875,24917.82,0,0,24697.49608705174,24808.1660753869,24851.011756294203,24816.213200960738,24763.506585723968,24865.19236276806,24661.820808679877,9584
1773889200,24696,24715,24663,24664.75,,,,24848.4375,24913.48,0,0,24690.94686964139,24795.12825035173,24843.70737369443,24814.706104433764,24762.21606065339,24863.622897172274,24660.809224134508,4202
1773892800,24663.25,24664,24610.5,24629.75,,,,24821.8375,24909.815,0,0,24678.70749571311,24780.093863956117,24835.31688845151,24812.865745185667,24759.89846206833,24861.8122379998,24657.98468613686,4980
1773896400,24630.25,24648,24576,24597.75,,,,24793.1375,24905.07,0,0,24662.515996570488,24763.517149051015,24826.000539884786,24810.72529000969,24756.555261835976,24859.793331501336,24653.317192170616,6133
1773900000,24596.5,24639,24573.75,24605.25,,,,24764.925,24901.34,0,0,24651.06279725639,24749.129226410012,24817.343655967736,24808.68075976084,24753.07365368023,24857.590073756153,24648.557233604304,6629
1773903600,24605.25,24626.75,24543.5,24557.25,,,,24734.7125,24896.67,0,0,24632.30023780511,24731.68566037274,24807.143904753313,24806.178961156253,24746.99292581014,24854.648345188994,24639.337506431286,10184
1773907200,24557.25,24593.5,24505.5,24546,,,,24706.3625,24890.88,0,0,24615.040190244086,24714.805145793398,24796.902967312006,24803.590115771614,24736.56552612203,24850.337811738984,24622.793240505078,16444
1773910800,24546,24650.25,24500,24627.25,,,,24693.6625,24888.315,0,0,24617.48215219527,24706.845587084907,24790.24990977036,24801.835487753986,24726.398130732527,24842.12193400152,24610.674327463534,23789
1773914400,24627.75,24627.75,24572,24591,,,,24674.625,24885.045,0,0,24612.185721756214,24696.31417007719,24782.43618781858,24799.737622204197,24722.871071106318,24838.937650675656,24606.80449153698,9439
1773918000,24591.5,24613.5,24509,24545.75,,,,24657.8,24880.515,0,0,24598.898577404972,24682.62651825199,24773.154376531576,24797.210382182264,24716.968921143423,24835.054927590616,24598.88291469623,12712
1773921600,24546.5,24558.25,24422.5,24446.75,,,,24635.175,24874.055,0,0,24568.46886192398,24661.183198410898,24760.354204902887,24793.723214200352,24700.024143517865,24829.497274454596,24570.551012581134,27151
1773925200,24447,24521.25,24326.75,24501.75,,,,24618.0125,24867.205,0,0,24555.125089539182,24646.689271282634,24750.212863534147,24790.818008088907,24659.606060622504,24809.704492045577,24509.50762919943,74475
1773928800,24501.5,24546.75,24407.25,24489,,,,24598.4625,24860.3,0,0,24541.900071631346,24632.35388298421,24739.969221826927,24787.814843829317,24637.07464845217,24789.403199593835,24484.746097310504,66530
1773932400,24488.75,24577.5,24397,24475,,,,24585.025,24853.505,0,0,24528.520057305075,24618.048984531102,24729.57827195136,24784.70225831858,24483.166666666668,24483.166666666668,24483.166666666668,60791
1773936000,24474.75,24522.75,24423.75,24454.75,,,,24575.1875,24843.945,0,0,24513.76604584406,24603.203622301004,24718.800692659148,24781.41915127063,24476.809006432577,24484.672372435485,24468.94564042967,39739
1773939600,24454.5,24488.25,24377.75,24453.5,,,,24567.55,24831.155,0,0,24501.712836675248,24589.594202091823,24708.396743927417,24778.15627414356,24466.547079967615,24484.40223424559,24448.69192568964,38618
1773943200,24452.75,24524.5,24418,24509.75,,,,24563.3625,24819.835,0,0,24503.320269340198,24582.335638265293,24700.606675538107,24775.4855649481,24470.420918672058,24487.779106968792,24453.062730375324,39454
1773946800,24508.75,24691.5,24506,24574.75,,,,24561.2625,24811.51,0,0,24517.60621547216,24581.64603478663,24695.67111963465,24773.488196142647,24510.669309813304,24569.18121265558,24452.157406971026,89765
1773950400,24574.75,24633,24563.5,24617,,,,24561.1375,24803.94,0,0,24537.484972377726,24584.86003162421,24692.585977688195,24771.931099663616,24516.23521387594,24577.16000727154,24455.310420480342,16923
1773957600,24632.75,24658.5,24603.5,24635.25,,,,24560.9,24795.955,0,0,24557.037977902182,24589.44093784019,24690.33750797493,24770.57108872169,24518.599017621575,24581.091840433546,24456.106194809603,5925
1773961200,24636.75,24658.75,24605,24620,,,,24557.1125,24788.29,0,0,24569.630382321746,24592.219034400172,24687.579174328854,24769.072868933414,24520.61415231919,24584.250553901766,24456.977750736616,5469
1773964800,24619.5,24642.75,24581.75,24598.25,,,,24553.7875,24780.05,0,0,24575.354305857396,24592.767304000157,24684.07606945321,24767.373138894276,24522.496937335323,24586.700690273756,24458.29318439689,6565
1773968400,24599,24660.5,24590,24617.25,,,,24553.1625,24771.845,0,0,24583.733444685917,24594.993003636508,24681.455439278576,24765.879376318215,24524.534231411188,24589.63392029793,24459.434542524446,6301
1773972000,24619.75,24641.75,24611.5,24620,,,,24554.275,24764.11,0,0,24590.986755748734,24597.26636694228,24679.045422051964,24764.427840235447,24525.439114219862,24590.930631103296,24459.947597336428,2830
1773975600,24622.75,24628.75,24597.75,24611,,,,24554.5625,24756.26,0,0,24594.989404598986,24598.514879038437,24676.376974128358,24762.901195058974,24526.2656258918,24591.99000191134,24460.541249872258,2994
1773979200,24612.25,24622.5,24585,24586,,,,24556,24746.41,0,0,24593.19152367919,24597.377162762215,24672.8327790645,24761.140984162863,24526.730515232466,24592.492880535014,24460.96814992992,2062
1773982800,24585,24603,24559.5,24592.5,,,,24558.325,24736.33,0,0,24593.05321894335,24596.933784329285,24669.682474003148,24759.46296441995,24527.319789675446,24593.00801501199,24461.631564338903,3243
1773986400,24592.25,24604.25,24518.5,24529,,,,24553.4125,24724.54,0,0,24580.24257515468,24590.757985753895,24664.165514238317,24757.169800594875,24527.62301178158,24592.935055972946,24462.310967590212,4235
1773990000,24527.75,24607.5,24482.75,24594,,,,24553.5625,24713.68,0,0,24582.994060123743,24591.052714321722,24661.413925444656,24755.546220489454,24528.428640314378,24593.163077386278,24463.694203242478,7935
1773993600,24594.5,24616.25,24553,24559.25,,,,24554.2375,24702.075,0,0,24578.245248098996,24588.161558474294,24657.407496995846,24753.59302426568,24529.867082374196,24594.138981778386,24465.595182970006,10341
1773997200,24560,24585.5,24408.5,24432,,,,24553.5,24687.345,0,0,24548.996198479195,24573.96505315845,24648.567987309732,24750.39309367597,24527.53963569416,24591.383841973642,24463.695429414678,15300
1774000800,24430.75,24440.25,24319,24406.75,,,,24548.75,24671.845,0,0,24520.546958783358,24558.7636846895,24639.08492898386,24746.97375941054,24520.471954455723,24589.755399772333,24451.188509139112,19223
1774004400,24408,24468.5,24397.5,24444.25,,,,24546.5125,24657.495,0,0,24505.287567026688,24548.353349717727,24631.444343533512,24743.961582699987,24517.857575979087,24587.58810288701,24448.127049071165,12175
1774008000,24444.25,24502,24424.75,24496.5,,,,24547.5875,24643.99,0,0,24503.53005362135,24543.639408834297,24626.152408492984,24741.499278394516,24515.904227445124,24584.641026211084,24447.167428679164,18357
1774011600,24496.25,24527.5,24279.75,24285.75,,,,24539.1375,24626.315,0,0,24459.97404289708,24520.194917122088,24612.803294434434,24736.964459704024,24493.28491176154,24576.570310852156,24409.999512670925,71610
1774015200,24285.75,24328,24231.25,24271,,,,24530.0125,24608.505,0,0,24422.179234317664,24497.540833747353,24599.3992436723,24732.32799741841,24463.055478754082,24570.758775165177,24355.352182342987,77860
1774018800,24270,24343.25,24237,24310.75,,,,24520.0625,24592.46,0,0,24399.893387454133,24480.55984886123,24588.07966548907,24728.13319147395,24297,24297,24297,54493
1774022400,24311.75,24356.75,24235.5,24272.25,,,,24504.9375,24580.28,0,0,24374.364709963305,24461.622589873845,24575.694188411067,24723.597040315006,24293.003674487936,24297.400293363273,24288.6070556126,45022
1774026000,24272.5,24292.5,24164,24212.25,,,,24484.7,24565.09,0,0,24341.941767970646,24438.952354430767,24561.441475140044,24718.509010063117,24271.202590702873,24303.85229074741,24238.552890658335,44931
1774029600,24211.75,24222.25,24070.5,24094.25,,,,24457.65,24549.33,0,0,24292.403414376517,24407.615776755243,24543.120240820826,24712.297477624677,24237.036183270484,24304.126325718054,24169.946040822913,45681
1774033200,24094.5,24118,23971.25,24113.5,,,,24432.325,24533.615,0,0,24256.622731501215,24380.877978868404,24526.272388239617,24706.339293767716,24183.515546359606,24279.870164693893,24087.160928025318,87773
1774036800,24114,24219.75,24096,24217.25,,,,24413.275,24521.06,0,0,24248.748185200973,24366.002708062184,24514.153863210613,24701.472733630722,24182.965352484276,24274.692001621173,24091.23870334738,28856
1774216800,23902,24095,23890,24044,,,,24384.6125,24504.34,0,0,24207.79854816078,24336.729734601984,24495.716456810198,24694.930716380666,24172.829508018942,24270.68383173299,24074.975184304894,19056
1774220400,24046.75,24084.5,23975.5,24007.25,,,,24353.975,24489.61,0,0,24167.688838528622,24306.77703145635,24476.56090948431,24688.088122187823,24168.768812291204,24268.324079648046,24069.213544934362,9040
1774224000,24008,24091,23940.25,23949.25,,,,24320.8875,24475.565,0,0,24124.0010708229,24274.274574051225,24455.882050288845,24680.736499081475,24160.997017124777,24264.792573974555,24057.201460275,15537
1774227600,23950.25,24072.75,23936.25,24044.5,,,,24293.8125,24464.33,0,0,24108.10085665832,24253.385976410205,24439.74942086575,24674.40578764783,24156.56260883674,24261.705353216734,24051.419864456744,11200
1774231200,24045,24068.5,23989.75,24009.25,,,,24264.65,24452.645,0,0,24088.330685326655,24231.19179673655,24422.867090635722,24667.787322099095,24154.068694931557,24259.792230364914,24048.3451594982,6854
1774234800,24010,24027.25,23950,23950.75,,,,24235.7375,24439.325,0,0,24060.814548261325,24205.69708794232,24404.352694924517,24660.652622376718,24151.36897522598,24258.520504343458,24044.217446108505,5672
1774238400,23955.75,24004,23946,23996,,,,24205.8375,24426.855,0,0,24047.85163860906,24186.6337163112,24388.338863751007,24654.039163447596,24149.458122348376,24257.49470008947,24041.42154460728,4269
1774242000,23995.75,24033.75,23932.75,23974.5,,,,24176.6,24413.545,0,0,24033.18131088725,24167.348833010183,24372.109888701947,24647.2775797317,24146.408598732178,24255.806469472886,24037.01072799147,6948
1774245600,23972.75,23975.75,23827,23854.5,,,,24147.725,24396.72,0,0,23997.4450487098,24138.908030009257,24351.81146169403,24639.389245605016,24139.718825804128,24255.303138204854,24024.1345134034,10150
1774249200,23855.75,23913.25,23772.5,23842.75,,,,24119.525,24380.28,0,0,23966.50603896784,24111.984572735688,24331.84826711779,24631.46248694228,24129.574050285653,24255.32039206906,24003.827708502246,13992
1774252800,23841.5,23955.25,23839.75,23932,,,,24093.9125,24366.325,0,0,23959.60483117427,24095.622338850626,24316.167942917094,24624.50266120156,24121.532593511187,24251.704601535577,23991.360585486796,15493
1774256400,23932.25,23971.5,23845.25,23882.25,,,,24063.2,24352.015,0,0,23944.133864939417,24076.224853500567,24299.151552998777,24617.117062582638,24114.892487943547,24248.559026467497,23981.225949419597,13111
1774260000,23884,23929,23815.75,23881.25,,,,24042.975,24337.535,0,0,23931.557091951534,24058.499866818696,24282.763256802747,24609.795002258434,24107.318821934365,24245.372676590032,23969.264967278697,14302
1774263600,23881.25,24763,23875.5,24390,,,,24048.925,24334.19,0,0,24023.24567356123,24088.63624256245,24286.96861928107,24607.60798731059,24136.711603780826,24287.50538696684,23985.917820594812,64509
1774267200,24392.75,24621,24345,24608.5,,,,24063.8125,24335.44,0,0,24140.296538848983,24135.896584147682,24299.577693034753,24607.61686305874,24164.195070827645,24340.377333433655,23988.012808221636,39391
1774270800,24610,24648,24432.5,24599.25,,,,24080.1625,24334.88,0,0,24232.087231079186,24178.019621952437,24311.329548209862,24607.53361069,24210.242686136065,24418.880871417354,24001.604500854777,73255
1774274400,24600.5,24688.25,24527.5,24609.5,,,,24100.025,24335.25,0,0,24307.56978486335,24217.245110865853,24323.022507103593,24607.553176752786,24251.16412893985,24482.843851928432,24019.48440595127,72110
1774278000,24611,24690,24370.25,24381.5,,,,24114.3875,24331.965,0,0,24322.35582789068,24232.177373514412,24325.31574211914,24605.303891411964,24480.583333333332,24480.583333333332,24480.583333333332,68021
1774281600,24382,24465.5,24308.5,24368.75,,,,24127.15,24330.405,0,0,24331.634662312543,24244.593066831283,24327.01904634976,24602.950121348164,24432.453995114432,24482.258186825784,24382.64980340308,63523
1774285200,24369,24473.75,24311.25,24468.25,,,,24139.7,24329.735,0,0,24358.957729850034,24264.925515301165,24332.55751512036,24601.609821633258,24428.92621215798,24472.798450768234,24385.05397354773,41522
1774288800,24468.5,24536.75,24416.75,24514,,,,24163.2,24330.235,0,0,24389.966183880028,24287.568650273788,24339.672906684267,24600.73808211452,24439.966452887587,24485.957791124587,24393.975114650588,38835
1774292400,24514.25,24516.5,24398.25,24398.75,,,,24182.775,24328.71,0,0,24391.722947104023,24297.676045703443,24341.989655441746,24598.728250451688,24439.56356877276,24480.993027383098,24398.13411016242,49341
1774296000,24398.75,24433.75,24359,24400,,,,24205.3125,24327.615,0,0,24393.378357683217,24306.97822336677,24344.26457091462,24596.750854924805,24437.10006918221,24478.488800570114,24395.711337794302,16286
1774303200,24417.25,24489.75,24377.25,24482,,,,24227.1875,24328.185,0,0,24411.102686146573,24322.88929396979,24349.665960290517,24595.609055373316,24437.367737779536,24478.353486965192,24396.38198859388,6040
1774306800,24483.25,24484,24426.75,24455.5,,,,24249.5,24327.1,0,0,24419.982148917257,24334.94481269981,24353.816314788928,24594.214935419353,24437.673276397032,24478.377282910576,24396.969269883488,4883
1774310400,24454.75,24457.75,24266.75,24322.5,,,,24268.0875,24322.055,0,0,24400.485719133805,24333.813466090738,24352.588224012892,24591.511304221152,24433.831534356614,24477.545788045216,24390.11728066801,13063
1774314000,24326.25,24326.5,24232.25,24263.75,,,,24281.475,24314.99,0,0,24373.138575307043,24327.44406008249,24349.104372090816,24588.24999771149,24429.822360266855,24479.69222366545,24379.95249686826,7766
1774317600,24263,24294,24222.75,24249.5,,,,24295.225,24307.275,0,0,24348.410860245633,24320.358236438628,24345.198318283332,24584.87935096809,24426.49081729849,24481.349150985992,24371.63248361099,6023
1774321200,24250,24282.5,24231,24277,,,,24316.35,24300.415,0,0,24334.128688196506,24316.41657858057,24342.523874429084,24581.815874839056,24424.70242303715,24481.840060662016,24367.564785412284,3498
1774324800,24276.75,24303.5,24241.25,24256.5,,,,24337.0375,24293.58,0,0,24318.602950557204,24310.969616891427,24339.150389157356,24578.57890096006,24422.91872926035,24482.127911213563,24363.709547307135,3649
1774328400,24258,24305,24193.5,24262.5,,,,24353.5625,24286.485,0,0,24307.382360445765,24306.563288083114,24336.144491543342,24575.433837268916,24419.24664847295,24482.78947094402,24355.703826001878,7151
1774332000,24263,24397.75,24259.75,24376.5,,,,24378.275,24281.615,0,0,24321.205888356613,24312.92117098465,24337.727060502428,24573.45439610206,24417.798874777112,24481.557702121543,24354.04004743268,6525
1774335600,24376.5,24507.25,24371.25,24467,,,,24407.5625,24278.735,0,0,24350.36471068529,24326.92833725877,24342.796587541547,24572.39514837965,24418.823052010295,24481.751340356604,24355.894763663986,11600
1774339200,24466.5,24491,24361,24377.5,,,,24406.9375,24274.565,0,0,24355.79176854823,24331.525761144338,24344.157505677173,24570.455893171893,24418.540351729913,24480.491150977417,24356.589552482408,11290
1774342800,24379.25,24429.25,24304.25,24420.25,,,,24397.525,24271.12,0,0,24368.683414838586,24339.591601040305,24347.141525062383,24568.961307170182,24417.700018698306,24479.106485541623,24356.29355185499,9110
1774346400,24421.5,24434,24369.5,24406.5,,,,24387.8875,24268.67,0,0,24376.24673187087,24345.674182763913,24349.46930839327,24567.34477675058,24417.438661330798,24478.314300975602,24356.563021685994,6821
1774350000,24407,24424.25,24297.5,24383,,,,24376.5625,24264.45,0,0,24377.597385496694,24349.067438876285,24350.784237475887,24565.510500365002,24416.04811328089,24476.608381117283,24355.487845444495,10908
1774353600,24384,24397.75,24263.75,24280.25,,,,24371.5,24258.87,0,0,24358.127908397357,24342.81130806935,24348.018188947422,24562.672087426046,24412.15454728263,24474.686327491847,24349.62276707341,15293
1774357200,24279.5,24317.5,24134,24215.75,,,,24363.85,24254.545,0,0,24329.652326717885,24331.260280063045,24342.831201145564,24559.22012635713,24384.406377142554,24472.912263357393,24295.900490927714,68715
1774360800,24215.75,24343,24175.75,24242.5,,,,24352.5625,24251.26,0,0,24312.22186137431,24323.19116369368,24338.896644237895,24556.068682313777,24364.698333050193,24458.710580164792,24270.686085935595,83463
1774364400,24244.5,24385.25,24240.5,24295.5,,,,24341.6375,24248.285,0,0,24308.877489099446,24320.67378517607,24337.194815052095,24553.475959106676,24307.08333333333,24307.083678600313,24307.082988066344,51674
1774368000,24295,24346.25,24244.25,24281.25,,,,24335.7625,24243.98,0,0,24303.351991279556,24317.08980470552,24335.000900736326,24550.767243095663,24300.170561921143,24308.31146603358,24292.029657808704,37259
1774371600,24280.75,24294.75,24160.25,24242.5,,,,24327.8875,24243.115,0,0,24291.181593023644,24310.308913368655,24331.37341443294,24547.699907343467,24276.255924380235,24309.259866312917,24243.251982447553,48606
1774375200,24243,24348,24209.25,24276.25,,,,24317.6,24243.22,0,0,24288.195274418915,24307.21264851696,24329.21171190616,24544.998913240546,24276.622469870996,24305.546345450803,24247.69859429119,41635
1774378800,24275.25,24319.75,24188.5,24219.25,,,,24305.7875,24241.39,0,0,24274.406219535133,24299.216044106328,24324.89948790984,24541.757630521734,24269.862911154272,24299.117410025676,24240.60841228287,44262
1774382400,24219.25,24550,24214.25,24403.75,,,,24309.85,24244.02,0,0,24300.274975628105,24308.719131005753,24327.99166485455,24540.384420267786,24287.612479867184,24337.95310010323,24237.27185963114,38988
1774389600,24420,24458.5,24380.75,24426.5,,,,24317.9875,24248.305,0,0,24325.519980502482,24319.426482732502,24331.85473682104,24539.251241956663,24291.634282721865,24346.244363665504,24237.024201778226,8101
1774393200,24425.25,24444,24402.25,24411.75,,,,24326.1,24254.655,0,0,24342.765984401987,24327.81952975682,24334.987884396684,24537.98257288247,24293.92025223629,24350.626206903704,24237.214297568877,4931
1774396800,24412,24494,24382.75,24449.75,,,,24334.7375,24261.38,0,0,24364.16278752159,24338.904117960745,24339.488359518382,24537.104636833887,24299.174684324422,24361.246697007628,24237.102671641216,10122
1774400400,24449,24468.5,24392.5,24395.25,,,,24341.675,24264.94,0,0,24370.380230017272,24344.026470873403,24341.67509051766,24535.693147910166,24301.79651174738,24365.632916407194,24237.960107087565,6402
1774404000,24396.5,24401,24334,24335.25,,,,24345.3125,24270.765,0,0,24363.354184013817,24343.22860988491,24341.423126183632,24533.69868872698,24302.958812594497,24366.609558530243,24239.308066658752,6309
1774407600,24337,24389,24320.5,24381.25,,,,24345.55,24278.245,0,0,24366.933347211052,24346.685099895374,24342.98496437251,24532.18178635159,24303.800176812005,24367.404344533345,24240.196009090665,4198
1774411200,24381,24421.5,24375.5,24418.5,,,,24343.125,24287.63,0,0,24377.246677768842,24353.213727177612,24345.946338318685,24531.05062429834,24304.974708882157,24369.133058164163,24240.81635960015,3546
1774414800,24419.25,24429,24372.5,24382,,,,24343.35,24294.38,0,0,24378.197342215073,24355.830661070555,24347.36020740423,24529.5675335093,24305.960687443916,24370.44523771455,24241.476137173282,3408
1774418400,24382.5,24390,24323.75,24378,,,,24341.2375,24301.755,0,0,24378.15787377206,24357.846055518687,24348.56176789818,24528.059398847516,24307.053333153657,24371.411650101305,24242.69501620601,5946
1774422000,24377,24419.75,24352,24408.25,,,,24341.325,24310.905,0,0,24384.176299017647,24362.428232289716,24350.902482882564,24526.86726552565,24308.57548982353,24373.366958410305,24243.784021236752,5664
1774425600,24408.5,24535,24408.5,24439,,,,24344.125,24319.765,0,0,24395.14103921412,24369.38930208156,24354.357287475406,24525.99296437614,24315.477223618152,24386.264612042818,24244.689835193487,15244
1774429200,24441.25,24481.25,24412.5,24453.75,,,,24352.8,24329.35,0,0,24406.862831371294,24377.058456437782,24358.255040907745,24525.27412890971,24319.19065821921,24392.363927957966,24246.017388480454,9608
1774432800,24454.75,24487.5,24426.75,24449,,,,24364.4625,24341.24,0,0,24415.290265097035,24383.59859676162,24361.8136667545,24524.515182353396,24322.196640491245,24397.24832534552,24247.14495563697,7864
1774436400,24447.75,24522,24440.25,24495,,,,24377.0875,24354.285,0,0,24431.23221207763,24393.72599705602,24367.036660215108,24524.221498946896,24327.9528915943,24407.59478180116,24248.311001387443,12905
1774440000,24494.5,24539.75,24373,24448,,,,24384.7125,24364.605,0,0,24434.585769662102,24398.659997323655,24370.21169314785,24523.463076071803,24335.96063532796,24418.908981143446,24253.012289512473,24963
1774443600,24448.75,24526,24360.75,24368.75,,,,24389.0875,24374.335,0,0,24421.418615729683,24395.94090665787,24370.154371847933,24521.923642479047,24346.863865847594,24429.03811431375,24264.68961738144,59608
1774447200,24368.5,24519.5,24327.5,24484.25,,,,24401.175,24386.395,0,0,24433.984892583747,24403.969006052608,24374.628710206838,24521.54878036483,24359.93526652058,24443.224848923444,24276.645684117717,70374
1774450800,24483.75,24494.25,24286.5,24378.25,,,,24406.275,24386.16,0,0,24422.837914066997,24401.63091459328,24374.770721571276,24520.122921853737,24386.333333333332,24386.333333333332,24386.333333333332,75511
1774454400,24377.5,24450.25,24330.75,24422,,,,24416.4125,24382.43,0,0,24422.670331253597,24403.482649630252,24376.622850137108,24519.146574372604,24391.772261938484,24398.856682069556,24384.687841807412,44507
1774458000,24422.5,24493.75,24377.25,24427.75,,,,24417.6125,24379,0,0,24423.686265002878,24405.68877239114,24378.627836406242,24518.23715572213,24402.9404678075,24422.21081036691,24383.670125248093,44715
1774461600,24426,24453,24322.75,24354.5,,,,24414.0125,24373.9,0,0,24409.8490120023,24401.035247628308,24377.68164674325,24516.60793029206,24398.620817682113,24418.734829521163,24378.506805843062,32536
1774465200,24354.75,24395,24311.75,24371.75,,,,24412.0125,24373.705,0,0,24402.229209601843,24398.37295238937,24377.449033145476,24515.166557851342,24390.918109876657,24414.72817811577,24367.108041637544,48364
1774468800,24371.5,24393,24349.25,24367.75,,,,24407.9125,24373.685,0,0,24395.333367681473,24395.5890476267,24377.068678904478,24513.699726429935,24390.054713683152,24413.736666390803,24366.3727609755,10575
1774476000,24373.5,24373.5,24308,24316.25,,,,24403.9625,24370.645,0,0,24379.51669414518,24388.376406933367,24374.683632672928,24511.73505253511,24388.989805078305,24413.698319862655,24364.281290293955,4837
1774479600,24314.75,24332.5,24283.25,24323.75,,,,24403.3875,24366.84,0,0,24368.36335531614,24382.501279030334,24372.686235313206,24509.864554499934,24387.40908391878,24414.151179101387,24360.666988736175,5558
1774483200,24323.5,24410,24316.25,24354.75,,,,24402.0625,24365.96,0,0,24365.640684252914,24379.97843548212,24371.982853536218,24508.32112609695,24386.65796165955,24413.398822037685,24359.91710128142,7607
1774486800,24355.75,24381.75,24330.75,24363.75,,,,24399.325,24365.235,0,0,24365.26254740233,24378.503123165563,24371.659996534796,24506.88260742932,24386.197319938405,24412.95389242033,24359.44074745648,4602
1774490400,24360.25,24378.75,24247.75,24284.25,,,,24394.4375,24361.28,0,0,24349.060037921863,24369.93465742324,24368.23215353343,24504.667357604154,24383.823879121246,24413.586148103823,24354.06161013867,8247
1774494000,24284,24421.25,24281.75,24380,,,,24394.5375,24359.77,0,0,24355.24803033749,24370.84968856658,24368.69363770859,24503.42688638421,24383.212879648305,24412.804295283764,24353.621464012846,7896
1774497600,24379.25,24385,24317,24324.75,,,,24390.3625,24359.815,0,0,24349.14842426999,24366.6588077878,24366.97035779845,24501.6490069177,24382.762911691494,24412.49946417647,24353.026359206517,3276
1774501200,24326,24340.25,24251,24255.5,,,,24381.1875,24359.65,0,0,24330.418739415993,24356.553461625273,24362.598971218118,24499.199763067772,24380.793566925604,24413.36661554938,24348.220518301827,5960
1774504800,24255.75,24295.75,24232,24288.25,,,,24372.9125,24360.425,0,0,24321.984991532794,24350.344056022976,24359.683325287995,24497.100760450183,24379.027663777582,24414.138660747016,24343.91666680815,5019
1774508400,24288.75,24298,24199,24259.5,,,,24363.4375,24360.075,0,0,24309.487993226234,24342.085505475432,24355.754567433563,24494.736573779035,24376.511885855634,24415.513934361512,24337.509837349757,6256
1774512000,24258.5,24288,24152.5,24193.75,,,,24348.375,24358.82,0,0,24286.340394580988,24328.60045952312,24349.401447142052,24491.74168249765,24371.19090622303,24419.381036376355,24323.000776069704,10506
1774515600,24194.5,24197.75,24107,24155,,,,24333.725,24356.67,0,0,24260.07231566479,24312.81859956647,24341.77786097962,24488.39101899021,24364.143482799736,24425.2454456958,24303.041519903672,10893
1774519200,24155.75,24202.25,24132.25,24176.5,,,,24324.1125,24352.67,0,0,24243.357852531833,24300.425999605883,24335.29637623532,24485.287625766425,24359.239487669143,24426.807060681986,24291.6719146563,8745
1774522800,24178.25,24188.5,24098.75,24101.75,,,,24304.9875,24345.365,0,0,24215.036282025467,24282.364545096258,24326.13769481433,24481.47133098268,24352.86031220932,24429.426032443633,24276.294591975005,9878
1774526400,24104,24147.75,24069,24118,,,,24291.975,24340.175,0,0,24195.629025620372,24267.42231372387,24317.975432272593,24477.85470082365,24341.895650516097,24432.01333827017,24251.777962762022,16924
1774530000,24117.25,24233.25,24064,24216,,,,24281.675,24336.09,0,0,24199.703220496296,24262.74755793079,24313.976395712885,24475.24918141247,24315.29319585471,24418.698861993413,24211.887529716005,68699
1774533600,24215.75,24242.5,24030.25,24103,,,,24265.4375,24330.02,0,0,24180.362576397038,24248.225052664355,24305.70281156728,24471.545209458116,24287.923689068622,24404.564557249825,24171.28282088742,74216
1774537200,24104,24129.75,24051.25,24092.5,,,,24252.3375,24324.21,0,0,24162.79006111763,24234.06822969487,24297.341916996014,24467.773615334154,24091.16666666667,24091.16666666667,24091.16666666667,47465
1774540800,24092.5,24101.75,23970,23998,,,,24233.65,24318.565,0,0,24129.832048894103,24212.60748154079,24285.603018290287,24463.09925100247,24056.734965341257,24090.689999216178,24022.779931466335,48807
1774544400,23998.5,24018,23851.5,23861.25,,,,24208.325,24311.475,0,0,24076.115639115284,24180.665892309808,24268.961723455373,24457.11070124125,24013.389745802586,24086.06987045418,23940.709621150992,40459
1774548000,23860.75,23900.75,23844.5,23882.75,,,,24186.65,24304.28,0,0,24037.442511292225,24153.58262937255,24253.816165672808,24451.395669388105,23983.5573979178,24069.255049737407,23897.859746098195,37924
1774551600,23882.75,23886.5,23775,23786.75,,,,24159.8,24294.105,0,0,23987.30400903378,24120.234208520502,24235.499845450344,24444.78227964295,23937.58951349368,24042.058082119675,23833.120944867685,66075
1774555200,23787.25,24022.25,23763.25,23822,,,,24133.1625,24284.92,0,0,23954.243207227024,24093.12200774591,24219.284165236604,24438.585441039537,23928.059674191827,24027.833820365733,23828.28552801792,38954
1774562400,23824,23890.75,23824,23870.5,,,,24108.5,24277.48,0,0,23937.49456578162,24072.883643405374,24205.60635483517,24432.932849586407,23926.138498785425,24025.083742831088,23827.193254739763,8345
1774566000,23868.75,23892.25,23841.5,23876.75,,,,24088.125,24269.49,0,0,23925.345652625296,24055.053312186705,24192.710027194575,24427.39869187908,23925.076444709357,24023.375540139456,23826.77734927926,5571
1774569600,23877,23908.75,23807,23818.25,,,,24060.0375,24261.47,0,0,23903.926522100235,24033.52573835155,24178.025320245768,24421.337510865356,23922.542046697785,24020.29441181684,23824.789681578728,9555
1774573200,23818.75,23875,23806,23872,,,,24037.4,24250.835,0,0,23897.541217680187,24018.84158031959,24166.024327294952,24415.871465981123,23921.253109374175,24018.587171355095,23823.919047393254,5562
1774576800,23872.25,23886,23845,23854.25,,,,24017.3375,24239.39,0,0,23888.88297414415,24003.878709381446,24153.797883087307,24410.283192687777,23920.421640976667,24017.32530009646,23823.517981856872,4375
1774580400,23855.5,23898,23839,23895.25,,,,23997.6875,24229.06,0,0,23890.156379315322,23994.003372164952,24143.658750417217,24405.158484302825,23919.925398925116,24016.377756115515,23823.473041734716,3655
1774584000,23895.75,23921,23882,23917.75,,,,23980.6,24218.42,0,0,23895.675103452257,23987.071247422686,24134.799583734188,24400.30864863812,23919.785636726872,24015.727839881078,23823.843433572667,3440
1774587600,23916.25,23976,23914.5,23927.25,,,,23967.275,24209.06,0,0,23901.990082761804,23981.632952202443,24126.660384372062,24395.60159740789,23920.24487660759,24015.09451965919,23825.39523355599,7737
1774591200,23926.5,23955.25,23894.75,23905.25,,,,23954.7875,24200.46,0,0,23902.642066209442,23974.689047456766,24117.97762420061,24390.722477035673,23920.21024916107,24014.157672650534,23826.26282567161,6331
1774594800,23905,23906.75,23853.75,23872,,,,23939.5625,24190.275,0,0,23896.513652967555,23965.353679506152,24108.33144285941,24385.561059353728,23919.400580349895,24012.635364915914,23826.165795783876,6459
1774598400,23872,23897.5,23770.5,23779.25,,,,23923.4375,24177.49,0,0,23873.060922374043,23948.435163187412,24095.42628823747,24379.528113489512,23914.86704200791,24008.471890955985,23821.262193059836,15584
1774602000,23779.5,23812.5,23710,23738.75,,,,23904.475,24164.625,0,0,23846.198737899234,23929.372875624922,24081.438982816395,24373.15221186275,23908.833003972148,24005.629188845076,23812.03681909922,13863
1774605600,23739.5,23769.25,23633,23649.5,,,,23876.15,24150.055,0,0,23806.858990319386,23903.929886931746,24064.500199176535,24365.95169234173,23901.162287019233,24004.682268198994,23797.642305839472,13070
1774609200,23649.5,23690,23608.25,23664,,,,23854.2,24135.17,0,0,23778.28719225551,23882.11807902886,24048.79430901275,24358.96709838808,23891.602778718447,24003.729214479226,23779.476342957667,15424
1774612800,23663,23667.5,23596.75,23613,,,,23830.225,24118.65,0,0,23745.229753804408,23857.652799117146,24031.704336110288,24351.544540195162,23882.515462831067,24002.831304843898,23762.199620818235,14109
1774616400,23615.5,23664,23470,23478.75,,,,23804.2625,24099.15,0,0,23691.933803043525,23823.207090106498,24010.01985234126,24342.86001740715,23832.01478148569,23997.01632298754,23667.01323998384,70797
1774620000,23481,23558.5,23440,23511.5,,,,23786.775,24080.4,0,0,23655.84704243482,23794.870081915,23990.47005421023,24334.587778427976,23790.22262770539,23979.308537524204,23601.136717886573,70442
1774623600,23511.5,23610.5,23458.5,23549.5,,,,23770.1125,24061.49,0,0,23634.577633947854,23772.56371083182,23973.177110907865,24326.77595973715,23539.5,23539.5,23539.5,63395
1774627200,23550.5,23556.75,23444.25,23473.5,,,,23754.45,24042,0,0,23602.362107158282,23745.3761007562,23953.58193008795,24318.285651680064,23521.37951807229,23544.648193738547,23498.11084240603,38446
1774630800,23473.5,23529.5,23344,23360.25,,,,23731.3625,24021.83,0,0,23553.939685726626,23710.36463705109,23930.31401126097,24308.75295862852,23486.568650527162,23541.269634857174,23431.86766619715,47069
1774634400,23359.75,23396.25,23325.25,23340,,,,23704.8375,23998.945,0,0,23511.151748581302,23676.6951245919,23907.16444219191,24299.113625706843,23458.974063169353,23531.578879142846,23386.36924719586,39082
1774638000,23339.25,23360.5,23269,23308.75,,,,23676.4375,23977.555,0,0,23470.67139886504,23643.24556781082,23883.697209164777,24289.25926127195,23421.98356400811,23511.306210443734,23332.660917572488,63661
1774641600,23308.75,23330.5,23232.5,23254.25,,,,23648.2375,23954.2,0,0,23427.387119092033,23607.882334373473,23859.013004883804,24278.960661657304,23408.770437027615,23504.035070513375,23313.505803541855,24386
1774821600,23189.5,23242.25,23135,23208.25,,,,23615.05,23929.81,0,0,23383.559695273627,23571.552122157704,23833.492887045224,24268.30682422788,23397.61255105813,23501.824619018473,23293.400483097786,15214
1774825200,23209.5,23224,23108.5,23127.5,,,,23578.7125,23905.27,0,0,23332.3477562189,23531.183747416093,23805.806891474822,24256.95551254402,23388.97266603076,23500.829450396635,23277.115881664886,10679
1774828800,23128.25,23263.75,23093,23149.75,,,,23541.4375,23880.83,0,0,23295.82820497512,23496.507952196447,23780.079170240515,24245.93854226995,23376.837504863655,23496.613899702614,23257.061110024697,17615
1774832400,23151.25,23210,23136,23201,,,,23505.6,23857.495,0,0,23276.862563980096,23469.64359290586,23757.37018317226,24235.5411438394,23372.198813822346,23494.202780997075,23250.194846647617,7807
1774836000,23201.75,23275,23195.25,23252.25,,,,23471.85,23836.215,0,0,23271.940051184076,23449.880539005328,23737.561548538055,24225.757152358412,23369.011910829733,23491.20992245396,23246.813899205506,8139
1774839600,23252,23306.5,23250.25,23296.25,,,,23441.4,23815.665,0,0,23276.80204094726,23435.91412636848,23720.25521330127,24216.50832497176,23367.26741594901,23488.796857427697,23245.73797447032,7057
1774843200,23296.25,23356.25,23288.25,23321.5,,,,23413.875,23795,0,0,23285.741632757807,23425.512842153163,23704.61775395612,24207.602769499405,23366.265039903094,23486.62587244785,23245.904207358337,7757
1774846800,23321.5,23362.75,23319,23345.5,,,,23392.1875,23774.635,0,0,23297.693306206245,23418.238947411966,23690.53470478137,24199.02463248946,23365.921300724942,23485.445376108742,23246.39722534114,5123
1774850400,23345.5,23416,23337.25,23390.5,,,,23374.775,23756.76,0,0,23316.254644964996,23415.71722491997,23678.768637927198,24190.97961127066,23366.24406573481,23484.52355771372,23247.964573755897,7645
1774854000,23389.5,23414.25,23360,23396.75,,,,23362.1375,23737.095,0,0,23332.353715971996,23413.992931745426,23667.70908349868,24183.076829068963,23366.78200194955,23483.787542423648,23249.77646147545,8293
1774857600,23397.5,23449.5,23374,23443.5,,,,23351.1125,23719.47,0,0,23354.582972777596,23416.675392495843,23658.9165704203,24175.71785564539,23368.175156616027,23484.0302924735,23252.320020758554,9553
1774861200,23443.5,23451.25,23390,23403,,,,23340.6125,23702.42,0,0,23364.266378222077,23415.432174996222,23648.88062648225,24168.02912076335,23369.1533536541,23483.979780177815,23254.326927130383,8172
1774864800,23403.75,23417,23373.25,23410.5,,,,23337.2,23684.865,0,0,23373.51310257766,23414.98379545111,23639.5323666202,24160.491517571674,23369.60069504254,23483.658330953687,23255.543059131393,5679
1774868400,23412,23574,23406.25,23457.75,,,,23334.5125,23668.83,0,0,23390.36048206213,23418.87163222828,23632.403646360584,24153.499064660515,23374.774701489474,23488.514478381294,23261.034924597654,19535
1774872000,23459.75,23524,23436.5,23506,,,,23332.3375,23655.075,0,0,23413.488385649704,23426.7923929348,23627.446640620954,24147.056287897725,23377.918441693073,23491.623567948893,23264.213315437253,11743
1774875600,23505.75,23538.25,23292.75,23302,,,,23323.7625,23638.015,0,0,23391.190708519764,23415.44762994073,23614.68402726327,24138.647767620136,23377.886204806415,23484.062812566917,23271.709597045912,62561
1774879200,23302.5,23382.75,23262.25,23377.5,,,,23324.625,23622.035,0,0,23388.45256681581,23411.997845400663,23605.38269286079,24131.074157992076,23373.058707142016,23472.859789716364,23273.25762456767,73196
1774882800,23377.5,23436.25,23282,23375,,,,23326.375,23607.5,0,0,23385.762053452647,23408.634404909695,23596.348077454484,24123.551032041905,23364.416666666668,23364.416666666668,23364.416666666668,63342
1774886400,23374.5,23380.25,23267,23288,,,,23325.3375,23590.9,0,0,23366.209642762118,23397.667640826996,23584.25599598568,24115.237091424573,23344.333015090102,23369.9139830607,23318.752047119506,39043
1774890000,23288,23306.25,23169.5,23210.75,,,,23323.1625,23570.795,0,0,23335.117714209693,23380.67512802454,23569.608702025456,24106.237219868108,23307.911545440158,23365.60190599439,23250.221184885926,47156
1774893600,23210.5,23212.75,23115.25,23120.75,,,,23318.7875,23551.15,0,0,23292.244171367754,23357.0455709314,23552.006399985243,24096.431376884346,23280.2667011637,23360.014953213486,23200.51844911391,31634
1774897200,23120.75,23165.25,23024.5,23135.5,,,,23319.1875,23532.01,0,0,23260.895337094204,23336.905064483093,23535.672815672096,24086.86987064669,23234.104672286005,23336.346757881915,23131.862586690095,66541
1774900800,23136,23144.5,23091.75,23106.25,,,,23317.0125,23514.175,0,0,23229.966269675362,23315.936422257357,23518.832705253582,24077.112458998465,23226.834709897612,23329.97979193613,23123.689627859094,15984
1774908000,23119.5,23147.75,23097.75,23100.25,,,,23311.975,23498.955,0,0,23204.02301574029,23296.328565688505,23502.417697204422,24067.39243453082,23224.326811868195,23327.638713380155,23121.014910356236,6063
1774911600,23100,23100,23021.25,23046,,,,23301.6625,23482.22,0,0,23172.418412592233,23273.571423353187,23484.51896398072,24057.229325729517,23218.367957217644,23324.50505784327,23112.230856592018,9885
1774915200,23045.5,23283.75,22961.5,23202.25,,,,23296.9625,23470.53,0,0,23178.384730073787,23267.087657593805,23473.449592844223,24048.722068757084,23212.268690613608,23315.50181359893,23109.035567628285,27030
1774918800,23203,23397.25,23160.25,23339.25,,,,23297.85,23460.875,0,0,23210.55778405903,23273.647870539822,23468.186863713076,24041.662645187364,23218.32713513661,23320.308406933404,23116.345863339815,23055
1774922400,23340,23405,23322.75,23345.5,,,,23297.85,23450.375,0,0,23237.546227247225,23280.17988230893,23463.3756141557,24034.735653692962,23222.529739161895,23325.75263311728,23119.30684520651,10248
1774926000,23346.25,23397.5,23310,23318.25,,,,23294.2375,23439.205,0,0,23253.68698179778,23283.640802099027,23457.684413600575,24027.606443208453,23224.82351553913,23328.355336241253,23121.291694837008,6660
1774929600,23319.5,23342,23277.75,23283.75,,,,23288.5875,23428.515,0,0,23259.699585438222,23283.650729180936,23450.863456204475,24020.20488655961,23226.03062211938,23329.181255878695,23122.879988360062,5569
1774933200,23283,23338.5,23235,23310.5,,,,23281.9375,23417.285,0,0,23269.85966835058,23286.09157198267,23445.359006941555,24013.14314639484,23227.35971512629,23329.943693566624,23124.77573668596,6955
1774936800,23311.25,23319,23265.25,23292,,,,23276.3875,23406.04,0,0,23274.287734680463,23286.628701802427,23439.344928237966,24005.96759269937,23228.44444573719,23330.50392023095,23126.38497124343,6122
1774940400,23292.25,23371.5,23238.25,23369.75,,,,23274.35,23395.53,0,0,23293.38018774437,23294.185183456753,23436.61571536589,23999.63706938893,23231.402391218347,23333.300460554794,23129.5043218819,11362
1774944000,23369.5,23390.25,23293.25,23313.25,,,,23267.125,23383.44,0,0,23297.354150195497,23295.91834859705,23431.77784417507,23992.807347305457,23234.16031636793,23335.992462682443,23132.328170053413,10590
1774947600,23311.75,23351.75,23293.75,23305.75,,,,23257.1125,23371.01,0,0,23299.0333201564,23296.81213508823,23426.835575776047,23985.97095578998,23235.843276341457,23337.312731400092,23134.37382128282,8022
1774951200,23306.5,23332.5,23238.5,23286.75,,,,23256.35,23358.64,0,0,23296.57665612512,23295.897395534754,23421.34202378483,23979.01353334431,23237.070061304876,23337.587343658874,23136.552778950878,9927
1774954800,23284.5,23398,23264,23360,,,,23255.475,23348.4,0,0,23309.261324900093,23301.724905031595,23418.93645422464,23972.85419470407,23242.064556946167,23342.608483903718,23141.520629988616,20524
1774958400,23359.75,23439.25,23312,23370.25,,,,23255.2375,23340.22,0,0,23321.459059920075,23307.95445911963,23417.027181509948,23966.858133065223,23250.005652155676,23352.393058823785,23147.618245487567,27301
1774962000,23370.75,23575,23357,23565,,,,23269.0875,23336.745,0,0,23370.16724793606,23331.3222355633,23422.83003713701,23962.859544676514,23283.43077180342,23411.02913026082,23155.832413346023,70242
1774965600,23569,23587.75,23376.5,23409.5,,,,23279.025,23331.945,0,0,23378.03379834885,23338.429305057547,23422.307290582616,23957.353479555353,23306.04411080578,23438.730311837953,23173.357909773604,77911
1774969200,23409.25,23558.75,23407.5,23446.5,,,,23295.3125,23327.595,0,0,23391.72703867908,23348.25391368868,23423.25602428526,23952.270360355797,23470.916666666668,23470.916666666668,23470.916666666668,61870
1774972800,23446.25,23857.25,23435.75,23775.25,,,,23327.3,23330.84,0,0,23468.431630943265,23387.071739716983,23437.059709607405,23950.50896373534,23610.366102963533,23715.35922915531,23505.372976771756,109142
1774976400,23775.75,23876,23747.5,23761,,,,23360.0375,23336.485,0,0,23526.945304754612,23421.06521792453,23449.763250407115,23948.62330240464,23669.857162948614,23791.936652665656,23547.777673231572,81405
1774980000,23760,23872,23760,23855.5,,,,23397.8,23343.365,0,0,23592.65624380369,23460.5592890223,23465.674495489187,23947.696702380716,23692.55466075544,23818.57371453985,23566.53560697103,41938
1774983600,23856.25,23975.25,23833.5,23909.75,,,,23440.9875,23350.57,0,0,23656.074995042953,23501.39480820209,23483.08922115628,23947.31912325255,23737.266192020103,23879.070847130795,23595.46153690941,77922
1774987200,23909.5,23945.5,23868.25,23905.5,,,,23476.15,23359.21,0,0,23705.959996034362,23538.13164382008,23499.654349738386,23946.90301257342,23748.0751663775,23891.375904814704,23604.774427940298,25413
1774994400,23889,23974,23880,23958,,,,23507.0875,23371.165,0,0,23756.36799682749,23576.301494381893,23517.62868896433,23947.01343035876,23752.38666665848,23896.83280890155,23607.94052441541,9271
1774998000,23957,24045.75,23943,24038,,,,23541.7125,23385.125,0,0,23812.69439746199,23618.27408580172,23538.03540704416,23947.918769360163,23758.0541146528,23905.78860811938,23610.319621186223,9194
1775001600,24036.25,24048.25,23992.25,24036.25,,,,23577.6125,23399.675,0,0,23857.405517969593,23656.27189618338,23557.5732342189,23948.79768707797,23763.60276063274,23914.687009327492,23612.51851193799,8814
1775005200,24037,24042.25,23967,23976.25,,,,23612.2375,23414.115,0,0,23881.174414375673,23685.360814712167,23573.9919309162,23949.07084442048,23768.187539355054,23921.207649009564,23615.167429700545,8584
1775008800,23978.25,23996.25,23956.25,23966.25,,,,23645.025,23429.275,0,0,23898.18953150054,23710.89619519288,23589.374600292034,23949.241781291916,23770.181906256334,23923.77677254019,23616.587039972477,4265
1775012400,23966.75,23993.5,23963.25,23981.75,,,,23679.5125,23446.36,0,0,23914.90162520043,23735.519268357162,23604.761870868817,23949.56524615468,23771.411469745657,23925.38764308256,23617.435296408756,2587
1775016000,23982,24022.5,23978.5,24011.75,,,,23711.6125,23463.6,0,0,23934.271300160344,23760.631153051967,23620.722189658274,23950.183999924287,23773.195250917262,23927.918166087227,23618.472335747298,3400
1775019600,24013.75,24073.75,24007.5,24041.25,,,,23748.0125,23480.405,0,0,23955.667040128275,23786.14195731997,23637.21347633834,23951.090129278276,23776.798177659326,23933.540680146187,23620.055675172465,6056
1775023200,24041.5,24176.75,24039,24169,,,,23791.175,23498.74,0,0,23998.33363210262,23820.947233927247,23658.067849815267,23953.25838669839,23787.51128328359,23953.251088820954,23621.771477746228,14144
1775026800,24169.5,24181.25,24072.25,24079.25,,,,23830.8,23514.4,0,0,24014.516905682096,23844.429303570225,23674.584796881336,23954.51203459194,23796.05916519444,23967.625480577826,23624.492849811057,12597
1775030400,24078.75,24106.5,24026.75,24071.75,,,,23866.3875,23529.405,0,0,24025.963524545678,23865.094821427476,23690.15990288599,23955.678581511424,23803.72424644378,23978.751657293004,23628.696835594557,13806
1775034000,24072,24090.75,24003.5,24068,,,,23901.275,23543.855,0,0,24034.37081963654,23883.54074675225,23704.977161596344,23956.796207566036,23808.55217934438,23985.270157919844,23631.834200768917,9643
1775037600,24070.75,24140,24050.75,24127,,,,23929.375,23558.585,0,0,24052.89665570923,23905.67340613841,23721.52707682786,23958.489777640007,23813.954103614815,23993.50658356782,23634.401623661808,9252
1775041200,24128.5,24205,24123.5,24191,,,,23968.45,23574.47,0,0,24080.517324567387,23931.612187398554,23739.937779697357,23960.803312190852,23822.64986965247,24008.409568701205,23636.890170603732,12635
1775044800,24189.75,24246,24050,24062.25,,,,23999.2375,23586.845,0,0,24076.86385965391,23943.488352180502,23752.577474611186,23961.812731970047,23837.11701167274,24029.233025745256,23645.000997600226,26748
1775048400,24061,24194.75,24036,24120.75,,,,24016.5125,23601.2,0,0,24085.64108772313,23959.60304743682,23767.015612861727,23963.394197323578,23869.647626656875,24071.32361578468,23667.97163752907,72112
1775052000,24121.75,24270,24108.75,24260,,,,24041.4625,23618.19,0,0,24120.512870178503,23986.9118613062,23786.348333925973,23966.345498842747,23909.338800137903,24128.47265245698,23690.204947818824,81166
1775055600,24260.25,24327,24229.75,24313.25,,,,24064.35,23635.3,0,0,24159.0602961428,24016.578964823817,23807.011144360247,23969.797284923916,24290,24290,24290,50752
1775059200,24314,24330.75,24288.25,24318.75,,,,24084.8,23651.555,0,0,24190.99823691424,24044.04905893074,23827.079334777492,23973.269451243083,24298.589177716458,24309.552675767427,24287.62567966549,31150
1775062800,24319.75,24348.25,24265.5,24266.75,,,,24102.8625,23670.85,0,0,24206.148589531393,24064.294599027948,23844.321321648964,23976.189655708327,24297.20702188149,24306.833944928458,24287.580098834525,30537
1775066400,24266.75,24273.5,24124.5,24159,,,,24112.9125,23686.48,0,0,24196.718871625115,24072.904180934496,23856.661661976457,23978.00866410924,24256.090823670344,24310.4423485004,24201.739298840286,65646
1775070000,24159,24255.75,24153.75,24200.75,,,,24121.05,23702.995,0,0,24197.52509730009,24084.52652812227,23870.155322291106,23980.224995809644,24241.686053326914,24293.623488985417,24189.74861766841,67032
1775073600,24201,24215.75,24176.5,24187.25,,,,24128.6,23720.98,0,0,24195.470077840073,24093.8650255657,23882.590407691456,23982.284946100095,24239.062619631997,24290.754486185022,24187.370753078972,14011
1775080800,24180,24206,24158,24170.5,,,,24138.3125,23740.175,0,0,24190.476062272057,24100.831841423365,23893.88097993885,23984.157732706066,24237.842517377263,24289.72047926955,24185.964555484978,5298
1775084400,24170.5,24203.75,24159.25,24183.5,,,,24149.175,23761.43,0,0,24189.080849817645,24108.347128566696,23905.2385885687,23986.14123785327,24237.012649000782,24288.942628300487,24185.082669701078,4001
1775088000,24183,24245.75,24154.5,24236.25,,,,24161.9,23783.445,0,0,24198.514679854117,24119.97466233336,23918.21942823267,23988.62988225274,24236.215636640307,24287.493158859827,24184.938114420787,8896
1775091600,24236,24240,23912.5,23938.5,,,,24158.2375,23800.09,0,0,24146.511743883293,24103.4769657576,23919.014744772565,23988.131077454203,24216.427417006726,24294.267854002584,24138.586980010867,29489
1775095200,23940.5,23967,23856,23884.75,,,,24150.4125,23815.78,0,0,24094.159395106635,24083.592696143274,23917.671029291287,23987.102410016847,24203.934785931047,24301.82564883087,24106.043923031226,12719
1775098800,23885.5,23894.75,23815,23821.5,,,,24133.0375,23831.29,0,0,24039.627516085307,24059.766087402975,23913.8996163779,23985.45462484255,24196.19714323046,24306.214747117887,24086.179539343033,7015
1775102400,23821.75,23841.25,23795,23803,,,,24119.225,23843.305,0,0,23992.302012868247,24036.423715820885,23909.550611814062,23983.639155938643,24189.763906996304,24309.446405238028,24070.08140875458,5577
1775106000,23805.25,23827,23753.75,23756,,,,24103.4375,23851.64,0,0,23945.041610294596,24010.93065074626,23903.529019193902,23981.374089710396,24181.270361666284,24313.350595774034,24049.190127558533,7011
1775109600,23757.5,23819,23752.5,23815.5,,,,24090.8125,23861.04,0,0,23919.133288235676,23993.164227951147,23900.07690079414,23979.723601255566,24172.28289610735,24315.193391073706,24029.372401140994,8093
1775113200,23815.75,23882,23795.25,23879.25,,,,24078.425,23872.26,0,0,23911.156630588543,23982.8083890465,23899.260159586527,23978.72386392964,24164.154064006914,24313.95687907747,24014.35124893636,9047
1775116800,23878.5,23881.75,23823.25,23834.75,,,,24060.6125,23883.28,0,0,23895.875304470836,23969.348535496818,23896.730349406662,23977.291288169148,24157.54168017956,24312.557164878155,24002.52619548097,7576
1775120400,23835.25,23860,23818.5,23830.25,,,,24049.0125,23893.675,0,0,23882.75024357667,23956.703214088015,23894.12327688091,23975.82819077443,24153.840746375434,24311.72800180738,23995.953490943488,4240
1775124000,23831.5,23840.75,23775,23813.25,,,,24033.6375,23904.1,0,0,23868.850194861334,23943.662012807286,23890.951775826758,23974.21049733389,24147.487955052104,24310.62704768346,23984.348862420746,6922
1775127600,23811.75,23822,23682,23682.75,,,,24004.775,23910.36,0,0,23831.630155889066,23919.942738915714,23882.78700030414,23971.310392882806,24133.834560578038,24310.681195363533,23956.987925792542,12645
1775131200,23684,23757.75,23666,23725.5,,,,23975.3875,23918.605,0,0,23810.404124711255,23902.266126287013,23876.618882645154,23968.864518326758,24115.979530264867,24308.51826431923,23923.440796210503,17323
1775134800,23725.25,23908.25,23678,23898,,,,23954.35,23930.45,0,0,23827.923299769005,23901.878296624556,23877.45735783554,23968.159398741416,24072.960627811324,24278.060984112504,23867.860271510144,71145
1775138400,23897.75,24266.75,23859,24175,,,,23949.7625,23948.215,0,0,23897.338639815203,23926.70754238596,23889.12569674395,23970.217514176824,24078.595070935047,24261.632663850283,23895.55747801981,123884
1775142000,24174.5,24214.5,24089,24136,,,,23948.6125,23963.735,0,0,23945.070911852163,23945.734129441782,23898.807041969678,23971.86709115019,24146.5,24146.5,24146.5,67272
1775145600,24136,24177,24057.5,24121,,,,23944.625,23978.75,0,0,23980.25672948173,23961.66739040162,23907.5204913042,23973.351000690986,24135.64310677491,24149.285719419466,24122.000494130356,42604
1775149200,24120.5,24182.75,24063.5,24090.75,,,,23939.8,23989.265,0,0,24002.355383585385,23973.40217309238,23914.705962233445,23974.51914993784,24130.438056527528,24145.89109047595,24114.985022579105,31589
1775152800,24091.25,24165,24091,24140.5,,,,23938.3,24003.885,0,0,24029.984306868308,23988.592884629437,23923.560630381155,23976.17070068473,24130.73224208793,24144.82402770336,24116.640456472505,29013
1775156400,24141,24225.75,24135,24220.75,,,,23940.1625,24019.37,0,0,24068.137445494645,24009.698076935852,23935.215115464245,23978.604325553537,24142.7057402813,24170.50995041591,24114.90153014669,39924
1775160000,24220.75,24233.75,24199.75,24219.5,,,,23939.325,24028.255,0,0,24098.409956395717,24028.770979032593,23946.363542308784,23981.001297438575,24147.72184033952,24180.466201236435,24114.977479442605,15089
1775167200,24219.5,24219.5,24177.5,24203.5,,,,23952.575,24037.105,0,0,24119.427965116574,24044.655435484176,23956.44732496334,23983.215214876996,24148.77836223766,24182.01819197928,24115.538532496037,4636
1775170800,24203,24216.75,24189,24213.25,,,,23969,24044.26,0,0,24138.19237209326,24059.982214076525,23966.518018102033,23985.504118211553,24149.361138472963,24182.930480610747,24115.79179633518,2354
1775174400,24214.75,24255,24212.5,24225.25,,,,23989.1875,24050.57,0,0,24155.60389767461,24075.006558251385,23976.664370333325,23987.88964937363,24150.859111912432,24185.875200235925,24115.84302358894,4350
1775178000,24226,24231.75,24195.75,24196.75,,,,24008.875,24056.395,0,0,24163.833118139686,24086.074143864895,23985.29517933986,23989.967861817673,24151.441953862053,24186.74989959459,24116.134008129517,2437
1775181600,24196,24205.5,24150.5,24181.25,,,,24030.1375,24060.86,0,0,24167.31649451175,24094.72649442263,23992.979682110847,23991.87116667521,24151.936182053763,24187.118248280607,24116.75411582692,4356
1775185200,24180.25,24192.5,24161,24167.25,,,,24047.725,24063.445,0,0,24167.3031956094,24101.319540384207,23999.813812224147,23993.616229693365,24152.157716584803,24187.227033916526,24117.08839925308,2519
1775188800,24166.25,24183,24157.25,24166.25,,,,24062.075,24066.045,0,0,24167.092556487518,24107.22230944019,24006.34072154869,23995.33397865164,24152.251959936762,24187.244374600865,24117.25954527266,1399
1775192400,24167.5,24193.5,24159.25,24180.75,,,,24079.375,24070.135,0,0,24169.824045190013,24113.906644945626,24013.180301095803,23997.178914187447,24152.4211404952,24187.359234255633,24117.483046734767,1648
1775196000,24183,24184.25,24139.25,24152.75,,,,24095.5,24073.865,0,0,24166.40923615201,24117.437859041478,24018.65362262146,23998.726885190557,24152.466127965443,24187.283884820627,24117.64837111026,1784
1775199600,24152.75,24163.5,24120,24155.25,,,,24112.6,24077.335,0,0,24164.177388921606,24120.875326401343,24024.01034330297,24000.28432911901,24152.406105847578,24187.06068872802,24117.751522967137,2447
1775203200,24154.25,24167.5,24142,24149,,,,24135.9125,24080.08,0,0,24161.141911137285,24123.432114910313,24028.91189846756,24001.764087038224,24152.408055853422,24186.983472857035,24117.83263884981,1162
1775206800,24150.5,24153.5,24131.75,24140.25,,,,24156.65,24082.06,0,0,24156.96352890983,24124.96101355483,24033.278098527655,24003.142056321427,24152.366021580674,24186.87906652971,24117.85297663164,1016
1775210400,24140.25,24145,24126,24138.5,,,,24168.675,24081.45,0,0,24153.270823127863,24126.19183050439,24037.404447605,24004.48890153216,24152.273085898752,24186.706194339677,24117.83997745783,1506
1775214000,24139.75,24159.5,24114.25,24151.25,,,,24167.4875,24082.89,0,0,24152.86665850229,24128.46984591308,24041.86897907147,24005.94921096965,24152.180746996804,24186.4777980077,24117.883695985907,2258
1775217600,24151.25,24245.25,24112.75,24116.5,,,,24166.5125,24083.785,0,0,24145.593326801834,24127.3816781028,24044.79568577455,24007.0492188207,24152.345639771032,24186.181192404558,24118.510087137507,7347
1775221200,24115.75,24137.25,24106,24129.75,,,,24166.95,24085.02,0,0,24142.424661441466,24127.596980093454,24048.12722750888,24008.270122116017,24152.219024451235,24186.030275425062,24118.407773477407,1211
1775426400,24093.5,24097,23981.5,24079.25,,,,24166.375,24084.065,0,0,24129.789729153174,24123.20180008496,24049.347728390887,24008.976389557647,24145.60490694181,24186.624014725898,24104.585799157725,19050
1775430000,24079.25,24094.5,24041,24091.75,,,,24163.9375,24082.08,0,0,24122.18178332254,24120.34254553178,24051.010562571635,24009.800007571997,24143.112704477327,24185.426059549703,24100.79934940495,10617
1775433600,24091.5,24216,24087.75,24208.75,,,,24163.3375,24085.01,0,0,24139.49542665803,24128.379586847073,24057.196422862944,24011.779609486704,24143.99342449886,24185.912089990008,24102.074759007715,9765
1775437200,24209.75,24240,24183.75,24193.75,,,,24162.05,24086.47,0,0,24150.346341326425,24134.32235167916,24062.551465103614,24013.59026013858,24145.213501350707,24187.59825113823,24102.828751563182,6186
1775440800,24193.25,24326.75,24188.25,24223,,,,24163.025,24085.73,0,0,24164.87707306114,24142.38395607196,24068.843564511317,24015.673939142176,24148.646980717625,24194.139030686543,24103.154930748708,11058
1775444400,24223,24230,24120.5,24213,,,,24163.0125,24083.725,0,0,24174.501658448913,24148.803596429054,24074.496758059893,24017.637382533798,24149.545214601916,24194.893647646306,24104.196781557526,7615
1775448000,24213,24265,24207.75,24253.5,,,,24164.425,24082.42,0,0,24190.30132675913,24158.32145129914,24081.516493037936,24019.98427424988,24150.766485224733,24197.035941568123,24104.497028881342,4443
1775451600,24253,24268,24212,24232.75,,,,24166.225,24081.74,0,0,24198.791061407304,24165.08768299922,24087.447218801153,24022.10134614789,24151.609230878592,24198.43374561787,24104.784716139315,3300
1775455200,24232.25,24290.75,24215.75,24255.5,,,,24169.9375,24083.67,0,0,24210.132849125843,24173.306984544746,24094.037523946205,24024.423720813087,24153.642622406485,24202.15096377338,24105.13428103959,6888
1775458800,24257.25,24325.5,24207.25,24309.5,,,,24177.05,24085.845,0,0,24230.006279300673,24185.688167767952,24102.48703281106,24027.260300705493,24156.225432887895,24207.478419028495,24104.972446747295,7194
1775462400,24310,24393.25,24308.75,24370.5,,,,24187.2625,24089.51,0,0,24258.105023440537,24202.48924342541,24112.99734524984,24030.675621096485,24160.69314859209,24219.41143136595,24101.974865818233,8037
1775466000,24370.5,24398.25,24332,24337.5,,,,24195.1,24092.85,0,0,24273.98401875243,24214.762948568554,24121.801370926318,24033.72859999105,24163.61479607336,24226.52803695809,24100.701555188632,5501
1775469600,24338,24359,24262.5,24315.5,,,,24203.2375,24095.49,0,0,24282.287215001947,24223.92086233505,24129.397395595875,24036.532295513527,24166.41116618929,24231.92226566026,24100.900066718317,7044
1775473200,24315.5,24316.5,24282,24306.5,,,,24210.8,24096.895,0,0,24287.129772001557,24231.42805666823,24136.342595768587,24039.218541329312,24168.75736122186,24236.055873243808,24101.45884919991,6613
1775476800,24306,24338,24288.25,24307,,,,24218.7,24104.265,0,0,24291.103817601244,24238.298233334754,24143.03504299335,24041.88303345539,24171.790704191844,24241.469145296476,24102.112263087212,8302
1775480400,24307.5,24416.75,24245.75,24411,,,,24232.2375,24114.79,0,0,24315.083054080995,24253.998393940685,24153.543472679885,24045.55583909265,24197.616122402203,24288.823607389128,24106.40863741528,62789
1775484000,24411,24452.25,24262.25,24306.25,,,,24240.625,24124.485,0,0,24313.316443264797,24258.74853994608,24159.531963947342,24048.14981084297,24218.04839186769,24316.150352072997,24119.946431662385,75629
1775487600,24306.25,24337.5,24252.25,24324,,,,24249.2625,24134.905,0,0,24315.453154611838,24264.68049086007,24165.981690851368,24050.89458884453,24304.583333333332,24304.583333333332,24304.583333333332,37672
1775491200,24324.25,24346.75,24283.25,24309.25,,,,24258.9,24145.97,0,0,24314.21252368947,24268.732264418246,24171.60005591602,24053.46528945304,24308.017569463118,24312.188544097407,24303.84659482883,25539
1775494800,24309,24334.25,24202.75,24263.5,,,,24265.5875,24154.93,0,0,24304.070018951577,24268.256604016588,24175.20397529186,24055.555187070422,24292.793094307384,24312.947241480375,24272.638947134394,37071
1775498400,24264.5,24364.25,24245.5,24351.25,,,,24279.1875,24164.37,0,0,24313.506015161263,24275.801458196896,24182.10774096669,24058.497424014997,24299.436484366524,24320.57962816286,24278.293340570188,31881
1775502000,24351.5,24376.25,24326.25,24363.75,,,,24292.7875,24174.95,0,0,24323.554812129012,24283.796780178996,24189.230966811134,24061.534763079526,24310.087110536548,24339.152030654055,24281.02219041904,31053
1775505600,24363.5,24370,24334,24349.75,,,,24299.8375,24185.34,0,0,24328.79384970321,24289.792527435453,24195.525830857758,24064.402576382217,24312.68458623454,24342.544849924012,24282.824322545068,10993
1775512800,24348.75,24384,24299.75,24303.25,,,,24305.3125,24195.14,0,0,24323.685079762567,24291.01593403223,24199.750308079023,24066.779167661996,24313.241182085654,24342.73675371613,24283.74561045518,6153
1775516400,24302.25,24333,24298.25,24299.5,,,,24309.1375,24207.475,0,0,24318.848063810052,24291.787212756575,24203.662060703376,24069.094797834514,24313.19309381063,24342.453027920452,24283.93315970081,2947
1775520000,24299.25,24358.5,24278.75,24303.5,,,,24313.6625,24219.035,0,0,24315.77845104804,24292.852011596886,24207.577274009127,24071.42718790581,24313.20847591149,24341.88604253389,24284.530909289093,7522
1775523600,24303,24310.5,24168.25,24177,,,,24309.8375,24224.615,0,0,24288.022760838434,24282.320010542622,24206.378165224454,24072.477663648042,24308.62053302086,24343.198181640666,24274.042884401057,9724
1775527200,24178.75,24220.25,24153,24211,,,,24308.75,24225.335,0,0,24272.61820867075,24275.836373220565,24206.559413647024,24073.855995353035,24304.87617179588,24344.48237131459,24265.269972277172,6819
1775530800,24212.5,24231.5,24192.75,24220.25,,,,24306.9875,24227.02,0,0,24262.1445669366,24270.78306656415,24207.096299386358,24075.312652115692,24303.542796366586,24344.33133773367,24262.7542549995,3117
1775534400,24221.5,24264,24198.25,24247.25,,,,24303.875,24229.545,0,0,24259.16565354928,24268.643696876497,24208.670954312383,24077.023471497625,24302.357006687474,24343.737818916987,24260.976194457962,3790
1775538000,24248.25,24259.5,24204.5,24228.5,,,,24296.775,24232.3,0,0,24253.032522839425,24264.994269887724,24209.448563947193,24078.53070063695,24301.073365276938,24343.1661503627,24258.980580191175,3916
1775541600,24228.5,24244.75,24207,24241.25,,,,24291.9625,24234.315,0,0,24250.67601827154,24262.835699897932,24210.69567908652,24080.14979814305,24300.07302720642,24342.68294885029,24257.46310556255,3160
1775545200,24242.75,24257.5,24209.25,24246.25,,,,24288.5,24234.825,0,0,24249.790814617234,24261.32790899812,24212.089966181164,24081.802536469986,24298.92347786434,24341.965073953663,24255.881881775018,4154
1775548800,24247.75,24382.5,24246.75,24359.25,,,,24291.1375,24237.62,0,0,24271.682651693787,24270.229917271015,24217.86094789955,24084.56320774889,24300.512993760072,24342.967066138062,24258.058921382082,12366
1775552400,24359.5,24422,24352.75,24385.25,,,,24295.05,24241.255,0,0,24294.39612135503,24280.686288428195,24224.42522445251,24087.5551161295,24303.139490959427,24347.487945540794,24258.79103637806,7480
1775556000,24387,24400.25,24185.25,24202.75,,,,24284.6375,24241.045,0,0,24276.066897084023,24273.60117129836,24223.57521565045,24088.701333879457,24300.648907887502,24344.693154708664,24256.60466106634,16124
1775559600,24205.5,24258,24178.25,24210.75,,,,24279.8625,24240.755,0,0,24263.003517667217,24267.887428453054,24223.072266017098,24089.91574846772,24296.81791807419,24343.3295834703,24250.30625267808,12344
1775563200,24211,24281,24133,24214.75,,,,24274.4,24241.115,0,0,24253.352814133774,24263.05675313914,24222.745902643877,24091.15788032376,24290.081717996844,24340.465612902164,24239.697823091523,22914
1775566800,24216.25,24308,24118,24120.25,,,,24264.95,24239.895,0,0,24226.732251307018,24250.07432103558,24218.726455481374,24091.447354151383,24271.797993639662,24333.027807843006,24210.56817943632,60475
1775570400,24121.25,24144.5,23994,24009.25,,,,24252.2375,24236.735,0,0,24183.235801045616,24228.181200941435,24210.51169252132,24090.629470030475,24230.082172858765,24332.989408762147,24127.174936955384,82405
1775574000,24008.75,24133,23941.5,24108.5,,,,24240.1,24235.58,0,0,24168.288640836494,24217.30109176494,24206.51123399107,24090.807286249077,24061,24061,24061,61100
1775577600,24107.5,24241.75,24105.5,24202.25,,,,24232.025,24236.01,0,0,24175.080912669197,24215.9328106954,24206.344126775733,24091.916168972966,24116.01797076939,24176.799423434404,24055.236518104375,50062
1775581200,24201.75,24299.75,24169.75,24225.5,,,,24225.8125,24237.465,0,0,24185.16473013536,24216.802555177637,24207.09533749041,24093.245361321493,24148.09394969674,24221.24036481699,24074.94753457649,42665
1775584800,24226,24238.25,24076.75,24102,,,,24215.75,24236.4,0,0,24168.531784108287,24206.365959252398,24202.97395170647,24093.332472154114,24146.317123563535,24212.028682455777,24080.605564671292,37354
1775588400,24102.5,24381,24083.25,24369.5,,,,24219.25,24240.81,0,0,24208.72542728663,24221.19632659309,24209.504384972883,24096.08040775457,24187.1064554804,24268.86052681664,24105.35238414416,85873
1775592000,24369.25,24451.5,24345.75,24399.25,,,,24224.0375,24245.99,0,0,24246.830341829304,24237.383024175535,24216.94538948375,24099.09702061273,24205.869727417867,24304.419428906516,24107.320025929217,26940
1775599200,24514,24924.5,24355,24914,,,,24260.8875,24261.5,0,0,24380.264273463443,24298.893658341396,24244.280864405955,24107.20550796982,24260.902544352793,24446.844791373922,24074.960297331665,35575
1775602800,24915,25086,24913.5,25050.75,,,,24302.875,24279.49,0,0,24514.361418770754,24367.244234855814,24275.907105017486,24116.594010378078,24321.10885746707,24592.590914131604,24049.626800802533,29389
1775606400,25049.75,25101.5,25007.75,25080.25,,,,24345.875,24298.765,0,0,24627.539135016603,24432.062940778014,24307.449963644252,24126.182627190236,24359.491190825607,24670.77725198545,24048.205129665763,20125
1775610000,25080,25109.5,25040.75,25095.25,,,,24388.275,24318.075,0,0,24721.081308013283,24492.352673434558,24338.344082717027,24135.82508861123,24376.010099056813,24702.112080711544,24049.908117402083,9106
1775613600,25095.5,25111.5,25091.75,25110.5,,,,24432.375,24338.7,0,0,24798.965046410627,24548.547884940508,24368.6247069242,24145.52334643599,24385.827826819084,24720.441116179696,24051.214537458472,5439
1775617200,25110.25,25118.75,25086.75,25102,,,,24475.4125,24358.905,0,0,24859.572037128502,24598.86171358228,24397.38452233894,24155.040527068468,24393.175399717355,24733.80709616237,24052.54370327234,4181
1775620800,25103.25,25156.25,25102.5,25125.25,,,,24519.3625,24377.235,0,0,24912.707629702803,24646.715194165707,24425.928266560943,24164.694352669776,24404.171038403816,24753.817553938046,24054.524522869586,6195
1775624400,25125.25,25195.25,25119,25192.25,,,,24561.0125,24397.205,0,0,24968.616103762244,24696.30926742337,24455.980099244825,24174.918786971568,24418.474835622997,24779.99772423055,24056.951947015445,7892
1775628000,25192,25202,25161.25,25171.25,,,,24600.3125,24416.17,0,0,25009.142883009794,24739.48569765761,24484.02989927444,24184.832530384785,24436.48011109877,24811.92039739599,24061.039824801548,10242
1775631600,25171.25,25190,25136,25141.75,,,,24647.2625,24434.745,0,0,25035.664306407834,24776.055179688734,24509.822844400933,24194.35409724663,24454.01870793222,24841.096825561985,24066.940590302456,10798
1775635200,25141.5,25225,25134.25,25215.25,,,,24697.4875,24453.98,0,0,25071.581445126267,24815.981981535213,24537.486654424425,24204.51226543323,24469.58371179808,24866.954891326204,24072.212532269958,9550
1775638800,25216,25245.25,25184.5,25200,,,,24746.75,24473.325,0,0,25097.265156101013,24850.892710486558,24563.46756993719,24214.417616025934,24483.21087082123,24889.290032365436,24077.131709277022,8485
1775642400,25199.5,25231.75,25185.5,25204.5,,,,24800.9625,24492.305,0,0,25118.71212488081,24883.038827715052,24588.60609660632,24224.269182035627,24493.594362110965,24905.83904314264,24081.34968107929,6707
1775646000,25204.75,25235,25180.25,25209.25,,,,24860.9625,24510.3,0,0,25136.81969990465,24912.694388831867,24612.945073209994,24234.069986194478,24509.562775415576,24930.637030780865,24088.488520050287,10690
1775649600,25210.75,25257,25155,25212.75,,,,24916.175,24527.145,0,0,25152.00575992372,24939.972171665333,24636.466835044896,24243.80809578458,24546.28990372522,24984.804784851556,24107.775022598886,26541
1775653200,25213,25249.75,25064,25080.75,,,,24960.1,24542.01,0,0,25137.754607938976,24952.770156059392,24653.88970425882,24252.13587592603,24630.34098159904,25085.093389804468,24175.588573393616,84680
1775656800,25080.75,25105,24926.5,24993,,,,24998.475,24555.56,0,0,25108.80368635118,24956.427414599446,24667.188147229062,24259.507658255123,24678.303021059306,25121.438510206888,24235.167531911724,85726
1775660400,24993.25,25089,24978.75,25078.5,,,,25047.3,24571,0,0,25102.742949080945,24967.524922363133,24683.318023808315,24267.65683578492,25048.75,25048.75,25048.75,52310
1775664000,25078.75,25157.5,25061.75,25142.25,,,,25085.9375,24587.705,0,0,25110.644359264756,24983.40902033012,24701.31535620799,24276.35925532935,25078.77922655373,25114.17474262437,25043.383710483085,37651
1775667600,25142.5,25156.75,25065,25094.25,,,,25120.6875,24601.37,0,0,25107.365487411804,24993.485473027384,24716.724557925325,24284.49747169423,25086.124311139698,25118.48768369551,25053.760938583884,34399
1775671200,25094.5,25131.75,24948.75,24953.25,,,,25122.65,24614.31,0,0,25076.542389929444,24989.827702752165,24726.000065457665,24291.151725707223,25065.653139454487,25108.951182826393,25022.35509608258,46795
1775674800,24953.25,25097,24943.25,25080,,,,25124.1125,24629.43,0,0,25077.233911943556,24998.02518432015,24739.882415831875,24299.00096226735,25058.414035569032,25096.84141688622,25019.986654251847,67592
1775678400,25079.75,25095.25,25033.25,25039,,,,25122.05,24644.025,0,0,25069.587129554846,25001.750167563772,24751.6125171718,24306.364136772154,25058.24544337611,25095.40190676594,25021.088979986278,16687
1775685600,25037.75,25065,25010.75,25034.5,,,,25119.0125,24659.445,0,0,25062.569703643876,25004.727425057976,24762.706143949377,24313.609269739594,25057.757579728554,25094.629211761185,25020.885947695922,5932
1775689200,25034.25,25055.5,25022.5,25026,,,,25114.7875,24672.94,0,0,25055.2557629151,25006.661295507252,24773.031393206264,24320.69773471731,25057.36708862743,25094.046656863306,25020.687520391555,4496
1775692800,25026.5,25034.25,24999,25012.25,,,,25110.3,24685.91,0,0,25046.65461033208,25007.16935955205,24782.412515041313,24327.578851784798,25056.314337731907,25093.126648788948,25019.502026674865,6802
1775696400,25012,25025.5,24980.5,25022.75,,,,25105.175,24699.37,0,0,25041.873688265663,25008.58578141095,24791.837514451458,24334.495977637685,25055.222828948547,25092.28102151101,25018.164636386082,6521
1775700000,25022.75,25050.75,25022.75,25031,,,,25097.1125,24713.925,0,0,25039.698950612532,25010.623437646318,24801.21643545336,24341.4263659199,25054.9225538012,25091.78876140166,25018.056346200738,4173
1775703600,25031.75,25037.25,25009,25018.5,,,,25089.475,24728.305,0,0,25035.459160490027,25011.33948876938,24809.737359553226,24348.16341700527,25054.538408608078,25091.363897219646,25017.71291999651,3303
1775707200,25019.5,25023.75,25006,25014,,,,25083.0875,24742.515,0,0,25031.16732839202,25011.581353426707,24817.74765917859,24354.788656637058,25054.196256734118,25091.04808516697,25017.344428301265,2476
1775710800,25014.5,25047,24994.25,25028.5,,,,25073.75,24759.545,0,0,25030.633862713617,25013.1194122061,24826.01245685786,24361.492252093405,25053.80566767862,25090.586793410675,25017.02454194656,3696
1775714400,25030,25059,25017,25039,,,,25065.7,24776.105,0,0,25032.307090170892,25015.472192914636,24834.3649095301,24368.23362271934,25053.500494044132,25089.980576626596,25017.020411461668,5892
1775718000,25039.75,25048.75,24965,24985,,,,25054.725,24791.4,0,0,25022.845672136715,25012.70199355876,24840.2721679799,24374.370601597755,25052.082587988207,25089.099318473865,25015.065857502548,8068
1775721600,24986,25006.75,24953,24972.75,,,,25042.9,24805.91,0,0,25012.82653770937,25009.069994144327,24845.467377078727,24380.324625462454,25050.126504229935,25088.549993216322,25011.703015243547,8263
1775725200,24972.5,25018.5,24964.25,25016.25,,,,25033.075,24821.665,0,0,25013.511230167496,25009.722721949387,24852.164734840346,24386.652241129494,25049.146506388708,25087.827013878898,25010.46599889852,6240
1775728800,25017.25,25027,24981,24984.5,,,,25028.2625,24836.53,0,0,25007.708984134,25007.429747226717,24857.3543530819,24392.600975048605,25047.96504728046,25086.972451481182,25008.95764307974,7522
1775732400,24983.75,25039,24976.75,25030,,,,25030.1125,24852.205,0,0,25012.167187307197,25009.481588387924,24864.1247706081,24398.943253903843,25046.940090871685,25085.752302848687,25008.127878894684,10635
1775736000,25030.25,25063.5,25016.5,25028.75,,,,25027.625,24865.595,0,0,25015.483749845756,25011.23326217084,24870.580661956803,24405.209987695845,25046.522099258535,25084.624335551543,25008.419862965526,13813
1775739600,25029.25,25111.5,25005.5,25033.25,,,,25022.175,24878.555,0,0,25019.036999876604,25013.234783791675,24876.959851683987,24411.45914204713,25047.031960001033,25082.323393087278,25011.74052691479,59028
1775743200,25033,25056,24960.5,25041.25,,,,25019.525,24895.325,0,0,25023.479599901282,25015.781621628794,24883.40260259834,24417.72571774815,25043.140374085244,25077.257731790025,25009.023016380463,67160
1775746800,25041.5,25197.75,25016,25189,,,,25031.3125,24914.89,0,0,25056.583679921026,25031.528746935266,24895.38681426115,24425.400088715833,25134.25,25134.25,25134.25,77597
1775750400,25189,25265.75,25161.75,25196.5,,,,25037.1375,24934.525,0,0,25084.56694393682,25046.526133577514,24907.1951744862,24433.07272464901,25165.31658586612,25201.731252558086,25128.901919174154,56478
1775754000,25196.75,25257,25188,25226.75,,,,25046.525,24956.655,0,0,25113.00355514946,25062.910121434103,24919.726736271055,24440.97001097091,25177.813791791606,25218.055472861623,25137.57211072159,36344
1775757600,25227,25231.25,25145,25179.75,,,,25053.7875,24980.065,0,0,25126.352844119567,25073.531928576456,24929.923727005524,24448.321055637865,25179.460432888332,25215.15981996714,25143.761045809526,47782
1775761200,25180.25,25269.75,25175.75,25249,,,,25064.9375,25002.875,0,0,25150.882275295655,25089.483571433142,24942.436522024916,24456.288010308137,25189.21689493041,25227.270074950604,25151.163714910217,50348
1775764800,25248.75,25254.25,25220.25,25244.75,,,,25076.5625,25023.725,0,0,25169.655820236523,25103.598701302857,24954.291952533742,24464.133403240394,25191.5898513976,25230.246396959952,25152.933305835246,13232
1775772000,25237,25254.75,25202.75,25206.75,,,,25085.7625,25043.35,0,0,25177.07465618922,25112.976092093508,24964.192268120652,24471.52262310865,25192.243243477777,25230.72252549205,25153.763961463505,6311
1775775600,25209.25,25238,25193,25224,,,,25095.4125,25065.79,0,0,25186.459724951375,25123.069174630462,24974.380806625726,24479.009960192147,25192.588895168286,25230.928658546436,25154.249131790137,3868
1775779200,25224,25280,25206,25270.5,,,,25108.0125,25083.81,0,0,25203.2677799611,25136.471976936784,24985.993324012954,24486.885482976304,25193.757635946033,25232.608203753865,25154.9070681382,5842
1775782800,25270.5,25298.5,25255.75,25285,,,,25121.5625,25101.525,0,0,25219.61422396888,25149.974524487985,24997.719076012447,24494.82692095664,25195.223639043197,25235.31791234162,25155.129365744775,5165
1775786400,25284.75,25290.25,25254,25273,,,,25133.7875,25108.705,0,0,25230.291379175105,25161.15865862544,25008.5144063649,24502.56993666851,25196.045412662283,25236.70493964105,25155.385885683514,3260
1775790000,25274.25,25303.75,25271,25291.75,,,,25146.425,25113.525,0,0,25242.583103340083,25173.0305987504,25019.621684546666,24510.422474612107,25196.899523142394,25238.33020171378,25155.46884457101,2845
1775793600,25291.75,25293.25,25265.5,25269.25,,,,25160.6375,25117.305,0,0,25247.916482672066,25181.77781704582,25029.411030250718,24517.972997252782,25197.387620274112,25239.15219578819,25155.623044760036,1919
1775797200,25269.5,25284.75,25257.5,25263,,,,25175.15,25120.66,0,0,25250.933186137652,25189.161651859835,25038.571382005593,24525.38620126022,25197.929998021595,25239.991748455242,25155.868247587947,2393
1775800800,25261.75,25268,25218.75,25228.25,,,,25185.75,25123.015,0,0,25246.39654891012,25192.715138054395,25046.009759181845,24532.37987089942,25198.582857450816,25240.61326024056,25156.552454661072,5147
1775804400,25229.25,25256,25223,25242,,,,25198.625,25125.815,0,0,25245.517239128098,25197.19558004945,25053.695650978636,24539.440767706394,25199.271241224644,25241.291405433723,25157.251077015564,5340
1775808000,25243,25243.75,25202.75,25209.5,,,,25207.6,25127.5,0,0,25238.313791302477,25198.31416368132,25059.805625450063,24546.108023749115,25199.687369827858,25241.349211867386,25158.02552778833,7101
1775811600,25209.5,25274.75,25206,25259,,,,25219.1125,25128.835,0,0,25242.45103304198,25203.83105789211,25067.61716955006,24553.201476249124,25200.972438046763,25242.76668845977,25159.178187633755,9325
1775815200,25258.5,25283.75,25240.5,25271.25,,,,25231.0125,25130.835,0,0,25248.210826433584,25209.96005262919,25075.602770744175,24560.34623767948,25202.052236610332,25244.30774916119,25159.796724059473,5822
1775818800,25272,25302.25,25261.75,25268.75,,,,25242.3875,25133.375,0,0,25252.318661146866,25215.304593299265,25083.177171891464,24567.39503133441,25203.493074961025,25246.60014536739,25160.38600455466,6731
1775822400,25269.25,25386,25263.75,25304.5,,,,25248.1625,25135.16,0,0,25262.754928917493,25223.413266635696,25091.856498483954,24574.729409132076,25207.602033711046,25254.989277669403,25160.21478975269,13123
1775826000,25304,25369.25,25290.5,25320.5,,,,25254.3625,25137.57,0,0,25274.303943133993,25232.239333305177,25100.822910308114,24582.150012026286,25223.314875259348,25283.10345909243,25163.526291426268,55595
1775829600,25319,25373.75,25268,25352.5,,,,25260.65,25140.53,0,0,25289.943154507193,25243.172121186526,25110.692600099952,24589.815186035976,25237.816267390455,25304.543200095057,25171.089334685854,65313
1775833200,25352.5,25393,25244.75,25264.5,,,,25264.8875,25141.635,0,0,25284.854523605754,25245.11101926048,25116.72426284113,24596.528467766962,25300.75,25300.75,25300.75,59711
1775836800,25264.5,25301.5,25222.25,25264.5,,,,25265.6625,25142.67,0,0,25280.783618884605,25246.873653873165,25122.519389788537,24603.174950674755,25284.694717931856,25303.465137114406,25265.924298749305,43686
1775840400,25265.5,25276,25223.25,25272,,,,25267.025,25146.495,0,0,25279.026895107683,25249.15786715742,25128.38137450271,24609.82992628993,25278.554816842654,25298.699658485457,25258.40997519985,29567
1775844000,25271.75,25281.25,25238.5,25260.75,,,,25269.725,25151.85,0,0,25275.371516086147,25250.211697415838,25133.5723009928,24616.30674294376,25275.259770029796,25294.825749778436,25255.693790281155,29028
1775847600,25261.25,25302,25259,25284.25,,,,25272.7375,25155.965,0,0,25277.147212868917,25253.306088559853,25139.481230365633,24622.95294450651,25276.650468385964,25294.197229980728,25259.1037067912,44177
1775851200,25284.25,25338,25276.75,25333,,,,25275.8625,25159.78,0,0,25288.317770295133,25260.550989599866,25147.070201723844,24630.01808933729,25278.919276974448,25298.259363855745,25259.57919009315,12643
1776031200,24980,25019.25,24904.5,24956.25,,,,25259.425,25157.02,0,0,25221.904216236107,25232.887263272605,25139.587056558204,24633.264178000598,25250.399810376708,25343.257971510666,25157.54164924275,21489
1776034800,24957.25,24989.25,24922,24984,,,,25244.975,25157.635,0,0,25174.323372988885,25210.26114842964,25133.485603359844,24636.75408667721,25242.11651803873,25345.397944193912,25138.835091883546,7185
1776038400,24984,25056,24950,25055,,,,25233.1375,25157.135,0,0,25150.458698391107,25196.146498572398,25130.407736561418,24640.915737556043,25231.963672939826,25342.99242630191,25120.934919577743,11873
1776042000,25055.5,25093.75,25052,25083,,,,25223.825,25158.015,0,0,25136.966958712885,25185.860453247635,25128.54860963744,24645.31458593857,25227.220223320423,25339.77234037725,25114.668106263594,8149
1776045600,25083.25,25085.5,25056.5,25077.25,,,,25214.5375,25158.87,0,0,25125.023566970307,25175.986775679667,25126.53689945558,24649.6124507551,25224.874481854793,25338.149604672824,25111.59935903676,4134
1776049200,25077.75,25084.25,25054,25059.75,,,,25206.1125,25159.545,0,0,25111.968853576247,25165.419796072423,25123.91780535928,24653.693421394353,25222.93333866663,25336.859236000037,25109.007441333222,3360
1776052800,25059.75,25096,25049.5,25081,,,,25198.0625,25160.92,0,0,25105.775082860997,25157.74526915675,25122.23475416872,24657.945228146647,25220.963512553546,25335.38482492052,25106.542200186574,3724
1776056400,25081,25089.25,25059.25,25079.75,,,,25191.575,25162.06,0,0,25100.570066288798,25150.6547901425,25120.568685377788,24662.142290553147,25219.22867275898,25334.049404722813,25104.40794079515,3378
1776060000,25080,25119,25078,25115.5,,,,25184.4,25163.75,0,0,25103.55605303104,25147.458900129546,25120.369913402188,24666.65331253769,25217.295760666006,25332.104279883562,25102.48724144845,4820
1776063600,25115.5,25128.25,25088,25101.5,,,,25175.9125,25165.41,0,0,25103.14484242483,25143.280818299587,25119.62991679818,24670.98014524876,25215.28431142718,25330.014174717366,25100.55444813699,5277
1776067200,25101,25130.25,25089.75,25097.75,,,,25167.3625,25167.085,0,0,25102.065873939864,25139.141652999624,25118.77188084531,24675.22661146519,25212.459939867153,25327.019671523714,25097.90020821059,7746
1776070800,25098,25133,25097.75,25116,,,,25157.9375,25168.835,0,0,25104.852699151892,25137.037866363295,25118.66317963569,24679.612416326232,25211.032405871458,25325.342510520466,25096.72230122245,4486
1776074400,25116.5,25164.25,25109.5,25156.75,,,,25149.75,25171.19,0,0,25115.232159321513,25138.829878512086,25120.15678043429,24684.360053974728,25209.981354380223,25323.70605750815,25096.256651252297,4813
1776078000,25156.5,25194.75,25084.5,25089.25,,,,25136.5875,25173.275,0,0,25110.03572745721,25134.32261682917,25118.94474982902,24688.38880965657,25206.494199913494,25319.221885352832,25093.766514474155,12890
1776081600,25090.25,25179.5,25073.5,25168.75,,,,25131.8,25177.195,0,0,25121.778581965766,25137.45237893561,25120.89789689455,24693.16852299332,25203.835019964507,25315.024237861766,25092.645802067247,13543
1776085200,25168.25,25310,25156.5,25308,,,,25133.975,25183.03,0,0,25159.022865572613,25152.95670812328,25128.235234271233,24699.286249132692,25213.705662494736,25316.447371068836,25110.963953920636,74523
1776088800,25306.75,25360.75,25245.5,25351.75,,,,25137.9625,25190.375,0,0,25197.56829245809,25171.02882556662,25137.000519201774,24705.77842575824,25229.379895808892,25331.357401484263,25127.40239013352,71477
1776092400,25352,25355,25296.5,25309.5,,,,25140.4,25195.965,0,0,25219.954633966474,25183.61711415147,25143.765204723273,24711.78560560144,25320.333333333332,25320.333333333332,25320.333333333332,43680
1776096000,25309,25435,25282.5,25410.75,,,,25146.725,25203.605,0,0,25258.11370717318,25204.26555831952,25154.23519669491,24718.740475197443,25353.66694052452,25381.002251615486,25326.331629433553,64953
1776099600,25411,25439.5,25396.75,25404,,,,25150.275,25211.02,0,0,25287.290965738543,25222.423234835926,25164.029894863736,24725.558977931796,25366.836269669264,25401.418903633596,25332.253635704932,30713
1776103200,25404.5,25454.5,25396,25445.25,,,,25174.725,25219.1,0,0,25318.882772590834,25242.680213487205,25175.058134280844,24732.72008262899,25377.11034157662,25416.73659357929,25337.484089573947,26122
1776106800,25445.5,25550.25,25431,25538.25,,,,25202.4375,25226.085,0,0,25362.756218072667,25269.55019407928,25189.30095254434,24740.73530568741,25408.660848524178,25474.038411816462,25343.283285231893,53359
1776110400,25537.75,25599.25,25533.5,25585.5,,,,25228.9625,25233.865,0,0,25407.304974458133,25298.272903708435,25204.83817009162,24749.140924536292,25421.82831341759,25498.7600567582,25344.89657007698,19092
1776117600,25575.25,25597.5,25564.25,25594,,,,25254.5125,25241.21,0,0,25444.643979566506,25325.157185189488,25220.099418323323,24757.547482501104,25425.443323290903,25505.22599280587,25345.660653775936,5382
1776121200,25593.75,25619.25,25583,25585.25,,,,25279.9125,25249.32,0,0,25472.765183653206,25348.8019865359,25234.41904897731,24765.783328446367,25430.15290461213,25513.637176007658,25346.6686332166,6916
1776124800,25585,25600,25560,25590.25,,,,25306.4375,25256.145,0,0,25496.262146922563,25370.751805941727,25248.373203919375,24773.986976919536,25433.957231038843,25519.77806445857,25348.136397619117,6369
1776128400,25590.75,25593.5,25571.25,25581.25,,,,25331.45,25262.875,0,0,25513.25971753805,25389.88800540157,25261.427195922537,24782.019444810885,25435.805557800613,25522.658739650415,25348.952375950812,3244
1776132000,25582,25597.75,25575.75,25596.5,,,,25357.2875,25270.67,0,0,25529.907774030442,25408.670914001428,25274.567305886358,24790.12372894212,25437.387888662877,25525.180527992146,25349.595249333608,2694
1776135600,25595.75,25595.75,25574.5,25582.75,,,,25380.65,25277.845,0,0,25540.476219224354,25424.496285455843,25286.652901733953,24798.01055750986,25438.545201770165,25526.950896858747,25350.139506681582,2084
1776139200,25583,25594.5,25580.75,25593.75,,,,25405.2625,25284.31,0,0,25551.130975379485,25439.88298677804,25298.695925195367,24805.928362907773,25439.484521256552,25528.411778276928,25350.557264236177,1655
1776142800,25593.5,25598.25,25571.5,25574.25,,,,25429.0875,25290.095,0,0,25555.75478030359,25452.098169798217,25309.501967344568,24813.573354321627,25440.807118442477,25530.36258704784,25351.251649837115,2506
1776146400,25574.5,25593.25,25564.5,25584.75,,,,25452.525,25296.33,0,0,25561.55382424287,25464.15742708929,25320.296007840858,24821.246753781114,25442.907042108127,25533.40312382142,25352.410960394835,4092
1776150000,25586,25643.5,25581.5,25618,,,,25475.5875,25302.855,0,0,25572.843059394298,25478.143115535717,25331.970674200038,24829.174646778316,25448.352526024937,25542.337842719622,25354.367209330252,8952
1776153600,25618.25,25665,25609.75,25662.5,,,,25504.25,25310.72,0,0,25590.77444751544,25494.902832305197,25344.932608545136,24837.466441337736,25452.30095601574,25549.359564411647,25355.242347619835,5752
1776157200,25663,25674,25631.75,25638.25,,,,25527.725,25318.225,0,0,25600.26955801235,25507.934393004725,25356.435251347288,24845.434436946314,25455.914683562303,25555.61705716335,25356.212309961258,5410
1776160800,25638,25655.5,25622.75,25625.75,,,,25543.6125,25326.175,0,0,25605.365646409882,25518.64490273157,25366.99661403955,24853.19877090705,25459.22559301271,25560.898156028292,25357.55302999713,5529
1776164400,25625,25698,25620,25666.75,,,,25559.3625,25334.67,0,0,25617.642517127904,25532.109002483245,25378.751648783098,24861.29380801245,25464.44876359684,25569.806038494266,25359.091488699414,7909
1776168000,25667.5,25723,25656.5,25676.25,,,,25577.7,25344.005,0,0,25629.364013702325,25545.212729530223,25390.418250791605,24869.402824848148,25474.658315643013,25587.516394167156,25361.80023711887,14855
1776171600,25675.5,25763.75,25651.75,25722.25,,,,25593.275,25353.27,0,0,25647.94121096186,25561.307026845658,25403.431260564485,24877.888866391946,25513.52787376975,25649.14985681694,25377.905890722563,62734
1776175200,25721.5,25820.25,25712,25806,,,,25613.375,25363.965,0,0,25679.552968769487,25583.551842586963,25419.21826995411,24887.123803044764,25551.584540345943,25707.889425365796,25395.27965532609,64143
1776178800,25805.75,25899.75,25762.5,25875.75,,,,25634.9,25376.105,0,0,25718.79237501559,25610.115311442692,25437.12147505395,24896.960879631384,25846,25846,25846,56719
1776182400,25876,25938,25872,25914,,,,25653.6875,25388.295,0,0,25757.833900012472,25637.74119222063,25455.822593679288,24907.080671873857,25871.73764642798,25902.287730469594,25841.187562386367,40257
1776186000,25914.25,25969.25,25911.75,25958,,,,25672.3125,25401.045,0,0,25797.867120009978,25666.855629291484,25475.515825299706,24917.53758061143,25889.932780294344,25931.54856970544,25848.31699088325,31285
1776189600,25958.75,25964.75,25884.25,25917.75,,,,25688.5,25412.35,0,0,25821.84369600798,25689.664208446804,25492.85834195462,24927.48994299341,25897.693063890878,25936.507629838463,25858.878497943293,40532
1776193200,25917.5,26003.25,25915,26000.75,,,,25709.275,25427.075,0,0,25857.624956806387,25717.94473495164,25512.775661877968,24938.16914754074,25918.87834003931,25966.094077277827,25871.662602800796,66072
1776196800,26000.5,26003,25972,25990,,,,25729.2625,25441.585,0,0,25884.099965445108,25742.67703177422,25531.49034180432,24948.635126172176,25923.367177367214,25972.120313348532,25874.614041385896,16228
1776204000,25985.75,26015,25976.5,25995.75,,,,25749.9875,25456.06,0,0,25906.429972356087,25765.68366524929,25549.696602910033,24959.0541796431,25924.95427511731,25974.321387041695,25875.587163192926,5629
1776207600,25995.75,26035.5,25993.5,26018.25,,,,25771.075,25471.21,0,0,25928.79397788487,25788.644241135717,25568.07124593317,24969.593441537196,25926.91762418888,25977.502415112802,25876.33283326496,5674
1776211200,26017.5,26023,25995,26018.75,,,,25792.875,25485.9,0,0,25946.785182307896,25809.562946487014,25585.74492256324,24980.03281027812,25928.946898361035,25980.590049241742,25877.303747480328,6392
1776214800,26017.75,26042.5,26014,26038.5,,,,25815.1125,25500.01,0,0,25965.128145846316,25830.375405897285,25603.500023639193,24990.56482211615,25930.743176385007,25983.673915431475,25877.81243733854,4784
1776218400,26037.75,26038.5,25990,25996,,,,25836.2,25520.805,0,0,25971.302516677053,25845.43218717935,25618.892179574912,25000.56915224435,25932.07710506715,25985.508288409546,25878.645921724754,4796
1776222000,25995.5,26026.25,25995,26021.75,,,,25858.05,25541.56,0,0,25981.392013341643,25861.461079253957,25634.690525473936,25010.730155704605,25933.01454042766,25986.85306397454,25879.176016880778,3209
1776225600,26021.5,26025.5,26009.75,26014,,,,25877.85,25560.74,0,0,25987.913610673313,25875.328253867232,25649.5654068279,25020.712940224956,25933.571203847096,25987.65777502174,25879.48463267245,1892
1776229200,26014,26058,25966,25978.5,,,,25893.65,25578.65,0,0,25986.03088853865,25884.707503515667,25662.46480263857,25030.243159725203,25935.581457633187,25990.070908664817,25881.092006601557,8733
1776232800,25979,25998,25968,25988,,,,25911.1375,25596.865,0,0,25986.42471083092,25894.097730468788,25675.230888809605,25039.773078533908,25936.25003994549,25990.66537879372,25881.83470109726,4035
1776236400,25988.5,26009.25,25970.5,26004.75,,,,25930.0875,25615.765,0,0,25990.089768664737,25904.157027698897,25688.153206895502,25049.374838946507,25937.460680258388,25991.95192951417,25882.969431002606,6251
1776240000,26004.5,26038,26000,26032,,,,25948.35,25634.785,0,0,25998.47181493179,25915.779116089907,25701.637394860383,25059.15220373311,25938.899050895903,25994.044387941783,25883.753713850023,5153
1776243600,26032,26038.25,25975,25978.25,,,,25963.45,25652.755,0,0,25994.42745194543,25921.45828735446,25712.48494800311,25068.297455437256,25940.093240373408,25995.291424193976,25884.89505655284,6437
1776247200,25978.75,25998.5,25933.75,25985.25,,,,25976.6,25670.15,0,0,25992.591961556343,25927.2575339586,25723.181616708873,25077.421361353303,25941.21542044728,25995.772185228085,25886.658655666473,11266
1776250800,25985.5,26048,25972.5,25998.25,,,,25986.2125,25688.085,0,0,25993.723569245074,25933.71139450782,25733.968612132056,25086.58383536969,25943.291062129912,25998.17388996472,25888.408234295104,10726
1776254400,25998.5,26007.25,25960.5,25990,,,,25991.925,25705.93,0,0,25992.97885539606,25938.828540461654,25744.009058715113,25095.57305093815,25944.660933658575,25999.17550335484,25890.14636396231,11159
1776258000,25990,26072.25,25979,26068.5,,,,25999.65,25724.98,0,0,26008.083084316848,25950.61685496514,25756.73419366746,25105.253916102945,25959.293943220127,26020.080973798285,25898.50691264197,63022
1776261600,26069.25,26176.25,26048.5,26163,,,,26009.9,25745.105,0,0,26039.06646745348,25969.924413604673,25772.666186072656,25115.778752758637,25983.801245264676,26065.818313060754,25901.7841774686,69125
1776265200,26163,26215.5,26138.75,26196.75,,,,26023.85,25767.255,0,0,26070.603173962783,25990.544921458793,25789.296923873728,25126.53468556701,26183.66666666667,26183.66666666667,26183.66666666667,51929
1776268800,26197.25,26251.5,26102.25,26144.25,,,,26031.025,25786.765,0,0,26085.332539170227,26004.518110417084,25803.216652349267,25136.66120610863,26174.28677542123,26183.103183537172,26165.47036730529,58779
1776272400,26144.25,26220,26136.75,26190.75,,,,26041.0625,25804.42,0,0,26106.416031336183,26021.44828219735,25818.41403853165,25147.149651818992,26176.37321748232,26184.78549250938,26167.96094245526,37701
1776276000,26190.25,26315.25,26173.25,26303.25,,,,26056.4375,25823.45,0,0,26145.782825068945,26047.06662017941,25837.42721349119,25158.653137870544,26197.054943433774,26234.960932237755,26159.148954629793,45906
1776279600,26303,26377.5,26292.25,26364.25,,,,26073.7375,25844.545,0,0,26189.476260055155,26075.90147289037,25858.086930609184,25170.649126548447,26234.16827696022,26306.11661610139,26162.21993781905,65265
1776283200,26364.25,26371.25,26330,26359.5,,,,26090.775,25863.52,0,0,26223.481008044124,26101.683157173065,25877.750188232352,25182.478488473338,26241.26161949418,26316.533182520063,26165.990056468298,16393
1776290400,26350,26393.25,26345,26389.75,,,,26108.3375,25883.235,0,0,26256.7348064353,26127.871051975515,25897.828612223242,25194.491140329326,26243.573550849804,26320.220477269206,26166.9266244304,4818
1776294000,26389.5,26419,26383.5,26407,,,,26128.8875,25902.47,0,0,26286.78784514824,26153.246410886833,25917.79611762625,25206.55590510217,26245.901243330634,26324.355896697263,26167.446589964005,4156
1776297600,26408,26445,26388.75,26437.75,,,,26149.6875,25920.46,0,0,26316.980276118593,26179.110373533484,25938.186465954634,25218.80659261359,26250.411061077157,26332.75928012056,26168.062842033753,7410
1776301200,26437.5,26465.25,26426,26440.75,,,,26171.025,25937.565,0,0,26341.734220894876,26202.89579412135,25957.894839838766,25230.965233483104,26254.522624910307,26340.640297226753,26168.40495259386,6344
1776304800,26440.75,26459,26439.75,26442.5,,,,26194.225,25954.535,0,0,26361.887376715902,26224.677994655773,25976.898963766656,25243.020305786755,26256.62738878109,26344.582239270534,26168.672538291645,3301
1776308400,26442,26460.5,26437.5,26443.5,,,,26217,25971.7,0,0,26378.20990137272,26244.57090423252,25995.197043618944,25254.965377370965,26258.73321228078,26348.440319618716,26169.02610494284,3375
1776312000,26442.75,26444.5,26429,26434.5,,,,26238.4875,25988.585,0,0,26389.467921098178,26261.83718566593,26012.424610535847,25266.702040282697,26260.162931743867,26350.90353971161,26169.422323776125,2483
1776315600,26435,26461.25,26416.5,26455,,,,26259.6375,26006.06,0,0,26402.57433687854,26279.39744151448,26029.780508161894,25278.525900578392,26263.162816866905,26356.130120964866,26170.195512768943,5100
1776319200,26455.75,26486,26455.25,26480.75,,,,26284.7625,26023.745,0,0,26418.20946950283,26297.702219558618,26047.465586273192,25290.488329428357,26267.77996845508,26364.763453274456,26170.796483635706,7007
1776322800,26479.75,26488,26452.25,26460,,,,26308.5,26041.29,0,0,26426.567575602265,26312.456563235108,26063.64340641934,25302.125261473848,26271.43457486844,26371.168396701738,26171.70075303514,5987
1776326400,26459.5,26464.5,26408.5,26440.5,,,,26330.6125,26058.225,0,0,26429.35406048181,26324.09687566828,26078.42209636368,25313.452373299977,26275.835958951848,26377.800393468173,26173.871524435523,8856
1776330000,26440.5,26458,26433.75,26453.25,,,,26353.775,26075.805,0,0,26434.13324838545,26335.838068789348,26093.121229839613,25324.79364321739,26278.077994108036,26381.2445227178,26174.911465498273,4409
1776333600,26453.75,26465.75,26364.5,26406,,,,26370.65,26092.23,0,0,26428.506598708358,26342.216426172134,26105.390985532176,25335.55191542418,26281.85076465566,26385.942162431893,26177.75936687943,9827
1776337200,26407.5,26425.25,26383,26418.25,,,,26383.4125,26108.235,0,0,26426.455278966685,26349.128569247394,26117.659966491698,25346.32503069359,26284.675777150307,26389.292775764083,26180.05877853653,7942
1776340800,26419,26432.5,26392.75,26402,,,,26393.675,26123.025,0,0,26421.564223173347,26353.935062952176,26128.810556041044,25356.829259243903,26287.842742181325,26392.962047444962,26182.723436917688,9325
1776344400,26402,26453.25,26275.5,26321.25,,,,26402.525,26136.685,0,0,26401.501378538676,26350.963693592887,26136.35720090218,25366.42548552008,26299.29933045639,26397.249412938887,26201.349247973892,82774
1776348000,26321.25,26422.75,26290.5,26404.25,,,,26413.2,26152.255,0,0,26402.05110283094,26355.80790326626,26146.862800866802,25376.752097604458,26310.554064439337,26404.449087686713,26216.65904119196,81593
1776351600,26403.75,26543,26403.75,26533.25,,,,26424.7,26169.585,0,0,26428.29088226475,26371.939002969328,26162.015240048495,25388.259539419338,26493.333333333332,26493.333333333332,26493.333333333332,74571
1776355200,26533.75,26564,26430.5,26473.25,,,,26430.15,26185.525,0,0,26437.282705811802,26381.14909360848,26174.220524752476,25399.05546440024,26491.56478391425,26493.588100400775,26489.541467427727,56974
1776358800,26474.25,26509.75,26431,26460.75,,,,26435.2125,26200.295,0,0,26441.97616464944,26388.385539644074,26185.456974762183,25409.619589132577,26484.6992814585,26495.80387703116,26473.594685885837,51511
1776362400,26460.25,26484.25,26355,26438,,,,26437.625,26212.935,0,0,26441.18093171955,26392.895945130975,26195.360622810724,25419.85223003673,26468.565560008203,26496.50007831968,26440.631041696724,68979
1776366000,26438,26498.5,26434.25,26484.75,,,,26441.5125,26225.115,0,0,26449.89474537564,26401.246313755433,26206.709225837752,25430.448227747806,26469.263854123496,26494.642997206553,26443.88471104044,54384
1776369600,26484.25,26490.75,26440.75,26464.25,,,,26442.8375,26236.12,0,0,26452.76579630051,26406.973921595847,26216.808864040195,25440.734812546336,26469.05976342847,26493.800986565773,26444.31854029117,16415
1776376800,26460,26487.25,26445.25,26475.25,,,,26444.5625,26246.465,0,0,26457.26263704041,26413.180837814405,26226.943810548422,25451.028496003586,26469.062475509134,26493.626716048693,26444.498234969575,4669
1776380400,26473.5,26488.5,26470.25,26479.5,,,,26446.4125,26257.7,0,0,26461.710109632328,26419.20985255855,26236.847974840643,25461.262043307033,26469.15664752448,26493.62867526505,26444.68461978391,3006
1776384000,26479.75,26497.25,26456,26487.5,,,,26448.6125,26267.435,0,0,26466.86808770586,26425.4180477805,26246.677466023364,25471.4733662592,26469.361788364382,26493.652509399846,26445.071067328918,6227
1776387600,26487.5,26497.75,26480.5,26488.25,,,,26451.3,26277.4,0,0,26471.14447016469,26431.130043436817,26256.15089872833,25481.59054669443,26469.59618568689,26493.83345880056,26445.358912573218,4103
1776391200,26489.25,26495,26455,26465,,,,26451.8,26286.785,0,0,26469.915576131752,26434.209130397106,26264.341059562514,25491.375715384038,26469.61697492855,26493.733143987913,26445.50080586919,3457
1776394800,26464.75,26468.25,26449.5,26459.25,,,,26450.725,26295.605,0,0,26467.7824609054,26436.485573088277,26271.984547422806,25501.006305280713,26469.545608234814,26493.59623823472,26445.494978234907,2330
1776398400,26459.25,26481.75,26456,26463.25,,,,26450.8875,26304.495,0,0,26466.875968724322,26438.918702807525,26279.485153406225,25510.580869407273,26469.528516859664,26493.49917360526,26445.557860114066,2343
1776402000,26463.25,26470,26440,26465.5,,,,26452.1375,26313.035,0,0,26466.60077497946,26441.335184370477,26286.77985327265,25520.082552298743,26469.430850897646,26493.31748945091,26445.544212344383,3118
1776405600,26466,26480.25,26446.75,26456.75,,,,26452.3125,26322.25,0,0,26464.630619983567,26442.73653124589,26293.44534922274,25529.402626405223,26469.34402257604,26493.118346355473,26445.569698796604,3777
1776409200,26457,26492.25,26457,26488.25,,,,26456.425,26331.58,0,0,26469.354495986852,26446.874119314445,26301.084747292436,25538.94339629174,26469.471228477465,26493.11720182938,26445.82525512555,4669
1776412800,26488.75,26521,26476.75,26518.75,,,,26461.45,26341.675,0,0,26479.233596789483,26453.40829028586,26309.620639555476,25548.692715731624,26469.940122196153,26493.783969983193,26446.096274409112,4754
1776416400,26518.75,26541.5,26506.25,26537,,,,26468.2,26352.845,0,0,26490.786877431587,26461.00753662351,26318.53747721997,25558.526619057677,26470.860461320146,26495.606642561743,26446.11428007855,5858
1776420000,26537,26547,26505.5,26526.5,,,,26478.4625,26363.615,0,0,26497.92950194527,26466.961396930463,26326.692870270166,25568.158194987453,26471.69299606334,26497.162055473193,26446.223936653485,5655
1776423600,26525.75,26568.25,26521.75,26565.75,,,,26486.5375,26374.835,0,0,26511.493601556216,26475.942179027694,26336.067659671335,25578.084481604492,26473.146522633047,26500.5584644033,26445.734580862794,6953
1776427200,26566.5,26745.75,26561.5,26741.5,,,,26496.95,26389.025,0,0,26557.494881244973,26500.083799116084,26351.966967135202,25589.660755419372,26489.660886792815,26551.98066707978,26427.34110650585,32793
1776430800,26742,26817.75,26629.5,26731.25,,,,26509.85,26404.085,0,0,26592.24590499598,26521.09890828735,26366.840811561273,25601.019852380374,26538.04611170626,26648.461044796477,26427.63117861604,107137
1776434400,26731.75,26855.75,26714.5,26827.25,,,,26528.175,26420.925,0,0,26639.246723996785,26548.93082571577,26384.896073852986,25613.221147381562,26573.776200895558,26710.07175026891,26437.480651522204,83017
1776438000,26827.75,26877,26799.25,26804.75,,,,26546.5125,26437.055,0,0,26672.34737919743,26572.187114287066,26401.36093370189,25625.07715586533,26827,26827,26827,64292
1776441600,26804.75,26884.75,26791.5,26859.25,,,,26565.2375,26454.44,0,0,26709.727903357943,26598.28374026097,26419.317367674365,25637.35748267264,26834.38784707482,26843.311538614413,26825.46415553523,44066
1776445200,26859.5,26877.25,26735.5,26808,,,,26582.425,26469.23,0,0,26729.382322686353,26617.3488547827,26434.559823843996,25649.005666924655,26823.57786024262,26838.690901995964,26808.46481848928,70304
1776448800,26808.25,26822,26755.5,26784.75,,,,26597.9,26481.665,0,0,26740.455858149082,26632.567140711544,26448.292771928544,25660.306605562222,26815.55898128385,26835.64440892551,26795.473553642194,50908
1776452400,26785,26831,26757.75,26827.5,,,,26615.3,26494.28,0,0,26757.864686519264,26650.288309737767,26463.16364361762,25671.920470183493,26813.60970428131,26832.099153989435,26795.120254573183,54619
1776456000,26827.75,26845,26816,26840.75,,,,26632.9625,26508.21,0,0,26774.44174921541,26667.603008852515,26477.970951711046,25683.55061475878,26814.583670568325,26833.138807220603,26796.028533916047,14317
1776636000,26599.75,26675,26535,26665,,,,26641.8,26517.695,0,0,26752.55339937233,26667.366371684104,26485.305424192964,25693.31628028357,26803.47480862185,26851.50366324868,26755.44595399502,18580
1776639600,26665.75,26682,26636.75,26659.75,,,,26651.5375,26524.825,0,0,26733.992719497863,26666.673974258276,26492.146387950103,25702.932536201144,26800.43595134235,26852.266120259857,26748.605782424846,6837
1776643200,26658.25,26665,26616,26656.75,,,,26661.4125,26530.675,0,0,26718.54417559829,26665.771794780252,26498.601431559902,25712.423257233968,26796.160408055453,26853.20783011657,26739.112985994336,9218
1776646800,26657.75,26714.75,26653,26705.25,,,,26673.5125,26537.59,0,0,26715.88534047863,26669.3607225275,26506.705296988926,25722.302130296317,26793.84445445819,26852.333080097425,26735.355828818956,7502
1776650400,26705.75,26706.25,26684.75,26694.5,,,,26684.9625,26543.685,0,0,26711.608272382906,26671.646111388636,26514.069795146224,25731.975740940135,26792.88830325372,26851.890070589827,26733.886535917612,3333
1776654000,26694.25,26701.25,26677,26679.25,,,,26696.0875,26549.13,0,0,26705.136617906326,26672.33737398967,26520.54745023853,25741.401355458143,26792.03553884105,26851.56741145346,26732.50366622864,2762
1776657600,26679,26682.25,26654.25,26675.5,,,,26705.45,26553.885,0,0,26699.20929432506,26672.624885445155,26526.62402081741,25750.69586933418,26790.922247495822,26851.299516223662,26730.544978767983,3210
1776661200,26675.5,26678.5,26612,26635,,,,26711.2625,26557.77,0,0,26686.367435460048,26669.204441313777,26530.874059216727,25759.494915410458,26788.652092203472,26851.28760738458,26726.016577022365,5411
1776664800,26636,26701.25,26633.25,26687.25,,,,26718.775,26562.665,0,0,26686.54394836804,26670.84494664889,26537.006449051365,25768.726309286973,26786.53852487469,26850.483589899395,26722.593459849984,6669
1776668400,26689,26721.25,26646.25,26669,,,,26725.9,26567.175,0,0,26683.03515869443,26670.677224226263,26542.182666735625,25777.684256458248,26783.891099803946,26849.210283782555,26718.571915825338,9123
1776672000,26668.5,26708.25,26619,26695.75,,,,26732.4,26572.4,0,0,26685.578126955545,26672.95656747842,26548.204915098933,25786.81923898105,26781.634075324095,26848.123766901193,26715.144383746996,7807
1776675600,26697,26720,26685.5,26694.25,,,,26730.0375,26577.185,0,0,26687.312501564436,26674.89233407129,26553.932173330348,25795.848400782234,26780.647936886984,26847.33482915414,26713.961044619828,4629
1776679200,26695.25,26732.5,26691.5,26700.25,,,,26728.4875,26581.575,0,0,26689.90000125155,26677.197576428447,26559.670127317393,25804.847421669972,26779.655667408068,26846.41904910788,26712.892285708254,5318
1776682800,26701,26723.5,26680.75,26710,,,,26722.625,26586.575,0,0,26693.92000100124,26680.17961493495,26565.5654164422,25813.85391498669,26778.206020433037,26845.12067876249,26711.291362103584,7675
1776686400,26710.5,26776,26702,26750.5,,,,26719.9125,26592.775,0,0,26705.236000800993,26686.57237721359,26572.81775305231,25823.17377652911,26777.15889098508,26843.347759320677,26710.970022649482,12098
1776690000,26751.75,26827.75,26715.75,26780.75,,,,26715.9875,26599.325,0,0,26720.338800640795,26695.13397928508,26580.971958814964,25832.701898155687,26776.833814707727,26838.400354042376,26715.267275373077,63754
1776693600,26782.75,26788.25,26611.25,26637.75,,,,26707.475,26603.96,0,0,26703.821040512637,26689.917253895528,26583.198548665358,25840.71232702976,26761.852757728862,26828.557305048012,26695.148210409712,85509
1776697200,26638.25,26710.75,26568.75,26658.5,,,,26701.1625,26608.765,0,0,26694.75683241011,26687.061139905025,26586.15154675691,25848.849517805582,26646,26646,26646,69390
1776700800,26658.25,26699.75,26639.25,26679.25,,,,26693.75,26614.31,0,0,26691.65546592809,26686.351036277294,26589.802466491936,25857.1122091707,26654.82245166026,26667.398815544766,26642.246087775755,34148
1776704400,26679.5,26727,26660.5,26707.5,,,,26687.0875,26622.035,0,0,26694.82437274247,26688.273669342994,26594.41805604127,25865.573779228704,26665.399422472405,26687.034069566995,26643.764775377815,33252
1776708000,26707.5,26748.5,26696.75,26732,,,,26690.4375,26628.59,0,0,26702.259498193976,26692.248790311813,26599.813426392593,25874.19493565429,26677.71716394463,26708.768442827957,26646.665885061306,35079
1776711600,26732.75,26752,26709.25,26745.75,,,,26694.7375,26632.84,0,0,26710.957598555182,26697.112536647102,26605.536429279156,25882.867125349272,26688.566646883475,26724.54824908307,26652.58504468388,39590
1776715200,26745.25,26809.75,26729.25,26774.25,,,,26700.6125,26638.86,0,0,26723.616078844145,26704.125033315548,26612.152647738796,25891.73660668908,26695.593392085095,26737.004448500305,26654.182335669884,19683
1776722400,26776.75,26817.5,26756.5,26810.25,,,,26705.8625,26645.85,0,0,26740.942863075317,26713.77275755959,26619.921171356884,25900.876043438442,26697.34559427681,26740.41813936099,26654.273049192627,4158
1776726000,26810.5,26812.5,26791.5,26796.75,,,,26710.975,26653.025,0,0,26752.104290460255,26721.31614323599,26626.85563522524,25909.79021216045,26698.406018226426,26742.498236973326,26654.313799479525,2450
1776729600,26796.75,26838.5,26785,26824,,,,26718.2125,26659.81,0,0,26766.483432368204,26730.651039305445,26634.586786785036,25918.886826964823,26702.075920870346,26750.04303006271,26654.108811677983,7670
1776733200,26825,26837.25,26807.25,26812.75,,,,26725.075,26666.78,0,0,26775.736745894563,26738.11458118677,26641.57357946013,25927.780987890546,26704.10497822498,26754.047361903937,26654.162594546022,4331
1776736800,26813,26823,26808.25,26812,,,,26733.925,26673.515,0,0,26782.98939671565,26744.831437442517,26648.25696850091,25936.579187016014,26705.091635417288,26755.88335573,26654.299915104577,2254
1776740400,26813.25,26817,26790,26812.25,,,,26740.175,26680.17,0,0,26788.84151737252,26750.960397675015,26654.688067775387,25945.292329433763,26706.13935338271,26757.6969487342,26654.58175803122,2633
1776744000,26812.25,26831.25,26811.75,26825.5,,,,26748,26686.93,0,0,26796.173213898015,26757.736725159106,26661.38657492145,25954.05061471303,26707.005431209447,26759.338720129836,26654.67214228906,1904
1776747600,26825.5,26844.25,26819,26826.75,,,,26754.55,26693.7,0,0,26802.288571118414,26764.01065923555,26667.871415120608,25962.734190686035,26708.516504769643,26762.263094428556,26654.76991511073,3191
1776751200,26826.5,26857.25,26823.25,26846.25,,,,26762.15,26701.325,0,0,26811.080856894732,26771.48696294141,26674.866653743327,25971.52539276876,26710.429861646106,26766.10378381613,26654.755939476083,3770
1776754800,26846.25,26847.25,26806.5,26813.25,,,,26767.8,26708.405,0,0,26811.514685515787,26775.283602674008,26680.293451635745,25979.90076199494,26712.500612108324,26769.681593047615,26655.319631169034,4968
1776758400,26813.25,26854.75,26797.25,26837,,,,26774.15,26715.88,0,0,26816.61174841263,26780.894184249097,26686.438806473558,25988.429112621856,26714.561580149155,26773.292990889164,26655.830169409146,4807
1776762000,26837.25,26847,26805.5,26840.75,,,,26778.6625,26723.385,0,0,26821.439398730105,26786.335622044633,26692.490225827536,25996.90991747139,26716.434372547188,26776.50643156772,26656.362313526657,4464
1776765600,26841.25,26882.5,26834.5,26872,,,,26783.225,26731.69,0,0,26831.551518984084,26794.123292767847,26699.52982481469,26005.617281476647,26718.794683089614,26781.17182179565,26656.417544383577,4546
1776769200,26871.75,26901.75,26840,26871.25,,,,26794.9,26739.35,0,0,26839.491215187267,26801.134811607135,26706.263949331762,26014.230542357476,26724.077457443975,26791.397733990987,26656.757180896962,10150
1776772800,26871.5,26880.25,26812,26820.75,,,,26803.0125,26745.39,0,0,26835.742972149812,26802.91801055194,26710.753598377574,26022.25561158775,26730.09955042475,26800.381321627672,26659.81777922183,16372
1776776400,26823.25,26839,26726.75,26838.5,,,,26810.975,26751.42,0,0,26836.29437771985,26806.152736865402,26715.763261186297,26030.37744629832,26741.903027776807,26811.361426950345,26672.44462860327,61247
1776780000,26838.75,26885.25,26730,26736.75,,,,26812.4375,26755.625,0,0,26816.38550217588,26799.843397150365,26716.58627055154,26037.406028922218,26749.0996846751,26814.298390394637,26683.900978955564,76308
1776783600,26737.75,26786.25,26662.5,26731.5,,,,26812.4125,26758.94,0,0,26799.408401740704,26793.630361045787,26717.171122686774,26044.312436594635,26726.75,26726.75,26726.75,84899
1776787200,26733,26782.75,26668.25,26670.75,,,,26808.6625,26757.525,0,0,26773.676721392563,26782.459419132534,26715.350686502978,26050.54564618076,26719.23695614397,26728.726873279076,26709.747039008864,53212
1776790800,26670.75,26765.75,26600,26699.25,,,,26804.9125,26756.885,0,0,26758.791377114052,26774.89492648412,26714.719287032272,26057.0004158705,26707.756703694937,26724.477596968212,26691.03581042166,81631
1776794400,26699,26746.25,26659.5,26724,,,,26800.6,26754.82,0,0,26751.83310169124,26770.268114985563,26715.08323656042,26063.637227652885,26708.134115380428,26723.346228753126,26692.92200200773,46525
1776798000,26724.25,26786.5,26551.75,26642.25,,,,26792.875,26751.57,0,0,26729.916481352993,26758.63010453233,26712.227031205108,26069.394568671265,26696.234873151832,26720.794747847045,26671.67499845662,87844
1776801600,26642,26794.25,26601.75,26721.25,,,,26787.7375,26748.81,0,0,26728.183185082395,26755.23191321121,26712.580873118633,26075.880692366078,26696.985785358,26720.69583422176,26673.27573649424,30340
1776808800,26729.5,26760.5,26727.75,26740.25,,,,26784.1125,26747.455,0,0,26730.596548065914,26753.8699211011,26713.665936917903,26082.491332243033,26697.556034058325,26721.659841857505,26673.452226259145,4842
1776812400,26740.25,26777.25,26735,26773.5,,,,26782.1875,26747.23,0,0,26739.177238452732,26755.654473728275,26716.01237076426,26089.36704037992,26698.228914700507,26723.083966634833,26673.37386276618,4113
1776816000,26774.75,26818,26771.75,26797.75,,,,26781.4625,26746.635,0,0,26750.891790762187,26759.481339752976,26719.21776798919,26096.415627042807,26699.857598567298,26727.49415423433,26672.221042900266,6676
1776819600,26797.25,26832.75,26792.75,26821.75,,,,26781.275,26746.255,0,0,26765.06343260975,26765.14212704816,26723.23863983275,26103.632884485167,26701.419885143354,26731.950189649946,26670.889580636762,5467
1776823200,26821.25,26837.75,26816,26817.25,,,,26780.8,26749.3,0,0,26775.5007460878,26769.87920640742,26726.925359839308,26110.733552301233,26702.429129220927,26734.78283905431,26670.075419387544,3376
1776826800,26817.25,26826.25,26804,26808,,,,26778.8875,26752.265,0,0,26782.00059687024,26773.344733097652,26730.104757492667,26117.6715269052,26703.31201947647,26737.001885885744,26669.622153067197,3299
1776830400,26808.5,26817.5,26774.5,26778.25,,,,26777.1375,26754.695,0,0,26781.250477496193,26773.790666452413,26731.992806218444,26124.244447035497,26704.052070656056,26738.533869330724,26669.57027198139,3546
1776834000,26777.25,26856.75,26765.5,26831.25,,,,26776.85,26757.215,0,0,26791.250381996953,26779.014242229467,26735.88524519027,26131.279328159522,26706.195310189294,26743.690176286906,26668.700444091683,7982
1776837600,26833,26845,26802,26836,,,,26776.6125,26760.045,0,0,26800.200305597562,26784.194765663153,26739.81131400634,26138.291474147984,26707.442795420913,26746.70352071113,26668.182070130697,4397
1776841200,26835.75,26864.5,26825.75,26844.75,,,,26775.25,26763.355,0,0,26809.110244478048,26789.699786966503,26743.926556594328,26145.320912216164,26709.41942953852,26751.695290892956,26667.143568184085,6242
1776844800,26845.5,26850.25,26779.75,26819.5,,,,26772.6625,26766.235,0,0,26811.18819558244,26792.408897242276,26746.89022104161,26152.029161845854,26711.39787765195,26755.694219344645,26667.101535959257,8177
1776848400,26818,26863.25,26807.75,26825.75,,,,26772.9125,26770.05,0,0,26814.10055646595,26795.439906583888,26749.98276139292,26158.732851777735,26713.415735912415,26759.990347681756,26666.841124143073,7515
1776852000,26826,26849.75,26806,26826,,,,26772.2875,26772.825,0,0,26816.48044517276,26798.218096894445,26752.96382957359,26165.3723258894,26715.37004261793,26763.853044593914,26666.88704064195,7862
1776855600,26826.25,26839.5,26806,26833.75,,,,26777.1375,26776.12,0,0,26819.93435613821,26801.44826990404,26756.13191468835,26172.022850009904,26717.151423150724,26767.22673375344,26667.07611254801,7466
1776859200,26835,26900.5,26819.5,26821.5,,,,26781.6375,26778.635,0,0,26820.247484910567,26803.27115445822,26758.6953690143,26178.485309213786,26722.70730329414,26778.31184134562,26667.10276524266,20776
1776862800,26821.75,26892.75,26811.5,26864.5,,,,26791.325,26782.04,0,0,26829.097987928453,26808.837413143836,26762.844570229423,26185.31132603753,26738.416512251577,26806.08649104478,26670.746533458372,64817
1776866400,26864.25,27006.25,26852,26972,,,,26804.9625,26787.475,0,0,26857.678390342764,26823.670375585305,26771.046743945917,26193.139074037153,26765.8261661481,26859.818997524053,26671.83333477215,85043
1776870000,26972.25,27008.75,26940.25,26980.5,,,,26817.7875,26792.885,0,0,26882.242712274212,26837.92761416846,26779.26059712451,26200.97351111141,26976.5,26976.5,26976.5,51849
1776873600,26980.5,27005,26957.25,26966.75,,,,26834.0125,26797.21,0,0,26899.14416981937,26849.638740153147,26786.61312272747,26208.593177667513,26976.429165788722,26976.511556648555,26976.34677492889,38324
1776877200,26966.5,27050,26965.75,27030,,,,26849.45,26802.195,0,0,26925.315335855496,26866.03521832104,26796.157706149923,26216.766379879777,26988.764280327963,27006.839374163337,26970.68918649259,41996
1776880800,27029.75,27041,26992.5,27013.75,,,,26863.125,26809.715,0,0,26943.002268684395,26879.463834837312,26804.6907372813,26224.696565154605,26993.798795661463,27013.19650526731,26974.401086055615,30313
1776884400,27014,27093,26978,27080,,,,26878.45,26818.145,0,0,26970.401814947516,26897.694395306647,26815.487178956544,26233.207047093365,27009.454304771818,27039.654575829,26979.254033714635,62226
1776888000,27079.75,27136,27069,27106.5,,,,26893.8875,26826.69,0,0,26997.621451958013,26916.676723006043,26826.899446448446,26241.896529211837,27017.968631321102,27057.47630231421,26978.460960327993,22282
1776895200,27075,27098,27066,27087.25,,,,26907.1625,26834.285,0,0,27015.54716156641,26932.18338455095,26837.10927207792,26250.308006533112,27018.936154892548,27058.94374984024,26978.928559944856,3687
1776898800,27088,27099.75,27082,27096,,,,26921.1,26841.565,0,0,27031.63772925313,26947.07580413723,26847.26184964349,26258.72285223925,27019.397440573168,27059.700566087413,26979.094315058923,1580
1776902400,27095.5,27098,26848,27060.75,,,,26933.7375,26847.865,0,0,27037.4601834025,26957.409821942936,26855.6339339712,26266.70322186871,27017.914493538254,27056.73581506285,26979.093172013658,23881
1776906000,27060.5,27062.5,26993,27000.25,,,,26944.8375,26852.385,0,0,27030.018146722003,26961.304383584487,26861.305152246838,26274.002194785437,27017.92870561047,27056.335479525613,26979.521931695326,5995
1776909600,27000.75,27000.75,26943.75,26950.5,,,,26950.8,26855.19,0,0,27014.114517377602,26960.32216689499,26864.802989413627,26280.733516230357,27016.52148089111,27055.359147755702,26977.68381402652,7706
1776913200,26952.5,26962,26865,26908.25,,,,26954.4125,26857.42,0,0,26992.941613902083,26955.588333540898,26866.506793750348,26286.977461342492,27012.942513079408,27055.59229340298,26970.292732755835,10251
1776916800,26906.25,26957.25,26893.25,26956,,,,26959.975,26860.06,0,0,26985.553291121665,26955.625757764454,26870.016331250335,26293.63440202565,27011.903231559772,27055.192920026344,26968.6135430932,4082
1776920400,26956,26981.75,26939,26978.25,,,,26967.9125,26863.37,0,0,26984.092632897333,26957.682507058595,26874.26078884836,26300.446497527882,27011.15118885181,27054.472954561297,26967.829423142324,5104
1776924000,26979,27007.25,26977,26990.75,,,,26976.1625,26866.945,0,0,26985.424106317867,26960.68864278054,26878.82899320725,26307.31518909477,27010.812200557895,27053.83096027681,26967.79344083898,5476
1776927600,26991.25,27013.5,26970.25,26997.5,,,,26984.7375,26870.65,0,0,26987.839285054295,26964.03512980049,26883.482758179514,26314.182699651043,27010.49971851764,27053.18408337483,26967.81535366045,5872
1776931200,26995.75,27002,26918,26928,,,,26989.45,26872.7,0,0,26975.871428043436,26960.759208909538,26885.228532368554,26320.290334480385,27009.181697107484,27052.3276899617,26966.035704253267,7061
1776934800,26927.25,26961.5,26890,26941.75,,,,26995.4625,26875,0,0,26969.04714243475,26959.03109900867,26887.445060510963,26326.474012744264,27007.645477572347,27051.72013194557,26963.570823199123,6575
1776938400,26941.75,26985,26916.25,26978.75,,,,27001.175,26877.65,0,0,26970.987713947798,26960.823726371516,26891.025646373277,26332.964321075167,27006.6102519677,27050.753423993912,26962.46707994149,7424
1776942000,26979.5,27048.5,26941.75,27032.5,,,,27004.2,26882.035,0,0,26983.290171158238,26967.339751246833,26896.573660240992,26339.92487509432,27006.64473213714,27049.999139093936,26963.290325180347,12552
1776945600,27032.5,27079.75,26956.75,27009.25,,,,27005.6375,26885.48,0,0,26988.482136926592,26971.149773860758,26900.992340231543,26346.584826585917,27007.097776630773,27049.339245986568,26964.85630727498,19686
1776949200,27009.25,27102.75,26965,27016.75,,,,27008.1375,26889,0,0,26994.135709541275,26975.295248964325,26905.531856300895,26353.25313676914,27009.978649379307,27049.887991637715,26970.0693071209,59227
1776952800,27017.25,27106.25,26970,27094.25,,,,27011.35,26893.445,0,0,27014.15856763302,26986.109317240294,26912.93256781851,26360.626239885867,27016.863230567433,27057.2847826661,26976.441678468764,74607
1776956400,27094.5,27155.75,27061,27093,,,,27015.3125,26897.88,0,0,27029.926854106416,26995.82665203663,26919.994035747193,26367.91354098153,27103.25,27103.25,27103.25,57387
1776960000,27093.25,27119,27038.75,27087.75,,,,27015.7,26903.22,0,0,27041.491483285132,27004.183320033302,26926.57270101201,26375.07609281256,27094.447263132683,27104.984677667733,27083.909848597632,40048
1776963600,27089,27099,26681.75,26880.5,,,,27004.4,26904.06,0,0,27009.293186628107,26992.939381848457,26924.765928423305,26380.105186416415,26971.119953901074,27073.144506618613,26869.095401183535,142990
1776967200,26879,26982.25,26842.5,26860.5,,,,26993.0625,26906.535,0,0,26979.534549302487,26980.899438044053,26922.245695936115,26384.88523431277,26956.108020467178,27052.389139970022,26859.826900964334,59144
1776970800,26861,26944.5,26840.25,26926.25,,,,26984.575,26910.43,0,0,26968.87763944199,26975.931307312774,26922.402727468034,26390.271948399208,26947.939339903387,27038.425395622577,26857.453284184197,55273
1776974400,26926,26988.5,26909.25,26942.75,,,,26978.675,26915.87,0,0,26963.652111553594,26972.914824829793,26923.20065972419,26395.769242444985,26947.88121980047,27035.95803957626,26859.80440002468,19681
1776981600,26992,27053,26992,27042.75,,,,26980.8,26922.74,0,0,26979.471689242877,26979.263477117995,26927.88886914677,26402.206861923143,26949.44588110314,27037.384616156254,26861.507146050026,7343
1776985200,27041.75,27080.5,27033.5,27080.25,,,,26987.2875,26929.865,0,0,26999.6273513943,26988.444070107267,26933.86381545474,26408.953559814454,26950.667174931034,27038.93177707032,26862.402572791747,4088
1776988800,27081,27135.75,27070.75,27118.25,,,,26997.7875,26939.385,0,0,27023.351881115443,27000.244609188423,26941.094646221223,26416.011235836202,26954.323562933303,27044.72648799429,26863.920637872317,9168
1776992400,27119.75,27128.5,27099.5,27118.75,,,,27005.925,26947.335,0,0,27042.431504892353,27011.01782653493,26948.06152284,26423.00366135027,26956.405132083735,27048.048652335336,26864.761611832135,5167
1776996000,27118,27121,27059,27070.75,,,,27010.55,26953.945,0,0,27048.095203913883,27016.448024122667,26952.8728356698,26429.448898550767,26958.032971908942,27050.203532038922,26865.862411778962,5190
1776999600,27070.25,27078.25,27023.25,27032,,,,27012.6125,26959.115,0,0,27044.876163131106,27017.861840111516,26955.975861721967,26435.44443189852,26959.043330700937,27051.14374323581,26866.942918166063,4794
1777003200,27031,27057.25,27016.25,27054.25,,,,27015.45,26964.245,0,0,27046.750930504884,27021.169854646832,26959.829749497578,26441.601701232863,26959.802990707776,27051.826012479,26867.779968936553,3765
1777006800,27054.5,27086.75,27031.75,27086,,,,27023.35,26969.53,0,0,27054.600744403906,27027.063504224392,26964.777602458456,26448.013624603682,26960.79774764642,27052.97857965777,26868.616915635066,3836
1777010400,27086.25,27099.25,27066.75,27075,,,,27030.0125,26974.685,0,0,27058.680595523125,27031.42136747672,26969.10004942087,26454.252295005634,26961.82297284152,27054.267153008128,26869.378792674914,3615
1777014000,27074.25,27114.75,27071.25,27109,,,,27036.525,26980.705,0,0,27068.7444764185,27038.47397043338,26974.586321992603,26460.76719754289,26963.5545181118,27056.672199246208,26870.43683697739,5415
1777017600,27109.5,27153.75,27073.25,27094.5,,,,27039.625,26987.03,0,0,27073.8955811348,27043.567245848528,26979.288819169364,26467.072996572315,26966.82742602512,27061.3399165438,26872.31493550644,9956
1777021200,27096,27120.75,27064.5,27108.75,,,,27044.6,26992.58,0,0,27080.86646490784,27049.49295077139,26984.365728221546,26473.457842377564,26968.487320482425,27063.53758342507,26873.43705753978,5599
1777024800,27109.25,27192.75,27108,27172.5,,,,27052.3875,26999.31,0,0,27099.193171926272,27060.675409792173,26991.743542801094,26480.41348573699,26972.68011689574,27070.712598803562,26874.647634987916,10024
1777028400,27171.5,27363.75,27170.5,27275.75,,,,27061.4625,27007.93,0,0,27134.50453754102,27080.22764526561,27002.881050926542,26488.32728189881,26993.841659208414,27115.37475137591,26872.308567040916,34673
1777032000,27277,27312.25,27203,27238,,,,27068.7125,27016.3,0,0,27155.203630032815,27094.570586605103,27012.1014018706,26495.786711929668,27004.72014287671,27134.434174813123,26875.0061109403,21511
1777035600,27238,27266.75,27130.25,27193.75,,,,27074.0125,27023.66,0,0,27162.912904026252,27103.58689691373,27019.22487630705,26502.731620268678,27028.56814109055,27165.50880938806,26891.62747279304,72057
1777039200,27193.75,27297.25,27158.5,27290.25,,,,27094.5,27032.945,0,0,27188.380323221,27120.556269921573,27029.853312530304,26510.5676240471,27053.764431273044,27200.450475821883,26907.078386724206,75074
1777042800,27290.5,27417.25,27286.25,27396,,,,27121.275,27044.19,0,0,27229.9042585768,27145.596609019613,27044.212006156566,26519.377896444643,27366.5,27366.5,27366.5,68946
1777046400,27396.25,27430.5,27360,27409.75,,,,27145.45,27055.955,0,0,27265.87340686144,27169.610553654195,27058.54682944454,26528.237320360615,27379.145641742096,27395.417413212774,27362.873870271418,41641
1777050000,27410,27462.5,27367,27432.75,,,,27169.95,27067.32,0,0,27299.248725489153,27193.53232150381,27073.22146358397,26537.237446526182,27390.002917616184,27413.01387787194,27366.991957360427,39050
1777053600,27433,27443,27383.75,27408,,,,27188.2125,27076.04,0,0,27320.998980391323,27213.029383185283,27086.3500336395,26545.90175054085,27393.770142539564,27416.224021899867,27371.316263179262,31646
1777057200,27408.5,27454.5,27404,27434,,,,27205.9,27085.11,0,0,27343.599184313058,27233.11762107753,27099.98336565364,26554.73854904293,27402.37729301134,27427.517253863538,27377.237332159144,54833
1777060800,27434,27444.5,27409,27440.25,,,,27222,27094.58,0,0,27362.929347450445,27251.94783734321,27113.32715523585,26563.54960825643,27404.066775389332,27429.38397878962,27378.749571989043,14675
1777240800,27403.25,27421.75,27344.25,27395.5,,,,27235.8375,27101.89,0,0,27369.443477960354,27264.998033948374,27124.392756991307,26571.827721607115,27403.459977216608,27428.516590126237,27378.403364306978,9340
1777244400,27395.25,27398,27366.75,27384,,,,27251.5,27109.295,0,0,27372.354782368282,27275.81639449852,27134.573433187725,26579.90903781003,27403.08259905383,27428.060805561458,27378.1043925462,4868
1777248000,27385,27474.5,27379,27455.5,,,,27272.675,27116.805,0,0,27388.983825894626,27292.151267725927,27147.15878874899,26588.621385692517,27404.19729920627,27429.472124807595,27378.922473604944,9192
1777251600,27456,27540,27456,27537.75,,,,27296.85,27125.43,0,0,27418.7370607157,27314.478425205387,27162.47609115099,26598.06545150652,27408.23825717297,27440.346967475045,27376.129546870892,10756
1777255200,27537.5,27542.5,27511,27518.75,,,,27318.4875,27134.06,0,0,27438.73964857256,27333.048568368533,27176.447616988207,26607.22649179004,27410.10465517777,27445.13448173591,27375.07482861963,4666
1777258800,27518.75,27536.25,27512.75,27524.5,,,,27340.9625,27142.63,0,0,27455.891718858045,27350.453243971395,27190.096730047495,26616.353591374216,27411.51919253578,27448.556078903104,27374.482306168455,3626
1777262400,27524.5,27540,27508,27517.75,,,,27361.4,27151.77,0,0,27468.263375086437,27365.662039973995,27202.94587788877,26625.322709868004,27412.919390797935,27451.73885431622,27374.09992727965,3767
1777266000,27518.75,27520.25,27443.5,27449.5,,,,27379.15,27160.755,0,0,27464.51070006915,27373.28367270363,27212.614666991172,26633.523478924042,27414.18848426763,27453.51118887462,27374.86577966064,6625
1777269600,27449.25,27456,27421.25,27434,,,,27395.4125,27170.425,0,0,27458.40856005532,27378.803338821483,27221.296444756223,26641.488419432262,27414.628439875527,27453.698127338368,27375.558752412686,5949
1777273200,27433.75,27443.5,27405.75,27426,,,,27408.0875,27180.78,0,0,27451.926848044255,27383.093944383167,27229.32403515794,26649.294504811045,27414.824711650912,27453.55193448731,27376.097488814514,5923
1777276800,27425,27444.75,27388,27440.75,,,,27416.3375,27190.475,0,0,27449.691478435405,27388.335403984696,27237.61524946547,26657.16968386765,27415.01474563736,27453.38325519342,27376.6462360813,6321
1777280400,27439.25,27466.25,27435.75,27455,,,,27427.1875,27200.01,0,0,27450.753182748325,27394.395821804268,27246.140141643296,26665.10829397842,27415.52372801183,27453.87473379045,27377.172722233212,4450
1777284000,27455.25,27483.25,27440,27475.5,,,,27441.275,27209.705,0,0,27455.70254619866,27401.76892891297,27255.13464589258,26673.171893043313,27416.193250120472,27454.727664155096,27377.658836085848,4364
1777287600,27475.5,27500.25,27475,27482,,,,27450.8625,27219.395,0,0,27460.96203695893,27409.062662648153,27264.031326445813,26681.219933908553,27417.569488584253,27456.93131905661,27378.207658111896,6674
1777291200,27482,27483.75,27390,27419.25,,,,27452.025,27229.22,0,0,27452.619629567143,27409.988784225596,27270.11833325186,26688.563516655733,27418.213708262418,27456.726994563785,27379.70042196105,16995
1777294800,27419.75,27435,27298.5,27401.5,,,,27451.6125,27238.415,0,0,27442.395703653714,27409.217076568722,27275.270555477277,26695.65741201239,27410.930580195272,27449.006836813398,27372.854323577147,79162
1777298400,27402.25,27409.5,27321.5,27368,,,,27448.375,27246.2,0,0,27427.51656292297,27405.47006960793,27278.90700428209,26702.34738801227,27404.411125665185,27442.96120158439,27365.86104974598,74216
1777302000,27369,27383,27307.5,27367.25,,,,27446.3375,27252.895,0,0,27415.463250338376,27401.99551782539,27282.371435486715,26708.963334400207,27352.583333333332,27352.583333333332,27352.583333333332,50841
1777305600,27367,27406.5,27347.75,27390.5,,,,27444.1625,27260.52,0,0,27410.470600270703,27400.950470750355,27286.61177134998,26715.744793759408,27362.8368902762,27376.70115086166,27348.972629690743,27808
1777309200,27391,27439.75,27380.25,27428.5,,,,27443.575,27268.755,0,0,27414.07648021656,27403.454973409414,27292.176015610767,26722.83688536379,27378.203399738122,27405.03984442704,27351.366955049205,31835
1777312800,27428.5,27437.25,27391,27399.25,,,,27443.7625,27274.855,0,0,27411.11118417325,27403.072703099468,27296.374995390735,26729.567364116392,27382.949309877073,27410.04602134366,27355.852598410485,20000
1777316400,27399.75,27454.75,27390.5,27445,,,,27446.8125,27281.895,0,0,27417.8889473386,27406.88427554497,27302.20342694404,26736.68609681175,27393.281356773998,27424.16053626031,27362.402177287684,36633
1777320000,27444.75,27446,27411.25,27418.5,,,,27444.9625,27288.51,0,0,27418.011157870882,27407.940250495427,27306.764076867803,26743.470314753922,27395.194058294703,27426.080332298072,27364.307784291334,10635
1777327200,27423,27501.5,27420.25,27484.75,,,,27442.3125,27300.595,0,0,27431.358926296707,27414.922954995844,27313.743916990636,26750.846232020052,27398.073388382843,27431.54580692503,27364.600969840656,7233
1777330800,27484.75,27504.5,27474.75,27490,,,,27440.875,27313.185,0,0,27443.087141037366,27421.74814090531,27320.655920245907,26758.20099588055,27399.735626403257,27435.086913379033,27364.38433942748,3416
1777334400,27490.25,27512,27450.25,27467.5,,,,27438.025,27324.01,0,0,27447.969712829894,27425.90740082301,27326.41451160881,26765.258697414076,27402.241302569266,27439.59425044811,27364.88835469042,6350
1777338000,27468,27484.5,27417.5,27421.75,,,,27433.225,27333.59,0,0,27442.725770263914,27425.529455293643,27330.153158212386,26771.7909491811,27403.67317020491,27441.060781359425,27366.285559050397,7421
1777341600,27423.5,27437.25,27386,27395.25,,,,27430.5125,27340.64,0,0,27433.23061621113,27422.776777539675,27332.705975537392,26777.994521826065,27403.7409835566,27440.618922196612,27366.863044916587,5652
1777345200,27394,27429.25,27388.5,27409.5,,,,27429.2875,27347.225,0,0,27428.484492968906,27421.569797763343,27335.717505908473,26784.27815842481,27403.82996205239,27440.40589493879,27367.25402916599,3520
1777348800,27412.75,27439.5,27404.75,27417.75,,,,27428.875,27353.215,0,0,27426.337594375123,27421.22254342122,27338.934466461084,26790.581360828546,27404.021580899724,27440.432607595856,27367.61055420359,2433
1777352400,27417.75,27423,27350,27364,,,,27425.0375,27358.12,0,0,27413.870075500097,27416.02049401929,27339.91742856065,26796.287018929754,27403.291727974567,27439.414036318278,27367.169419630856,6423
1777356000,27363,27378.25,27322,27337.75,,,,27419.175,27363.46,0,0,27398.64606040008,27408.90499456299,27339.832431362192,26801.674710283685,27401.75061094981,27438.56963293931,27364.93158896031,6087
1777359600,27337,27352.25,27320,27338,,,,27412.3,27369.58,0,0,27386.51684832006,27402.459085966355,27339.760571308772,26807.011280330615,27399.751324592664,27437.69735643863,27361.805292746696,7181
1777363200,27338,27360,27302.5,27352,,,,27405.8,27375.535,0,0,27379.61347865605,27397.87189633305,27340.240548904505,26812.434053660658,27397.648167875348,27436.581786648407,27358.71454910229,8255
1777366800,27352,27355.25,27256.5,27284.25,,,,27399.05,27379.5,0,0,27360.54078292484,27387.542633030047,27338.04484110433,26817.128739693886,27393.626602436896,27436.47665540991,27350.77654946388,10237
1777370400,27284.75,27300.75,27238.75,27262,,,,27392.075,27383.24,0,0,27340.83262633987,27376.129666390952,27335.062690472787,26821.555319398423,27388.79218595922,27437.309424647614,27340.274947270827,10015
1777374000,27261.25,27269.75,27080.5,27094,,,,27378.375,27382.94,0,0,27291.466101071896,27350.481514900865,27325.609251630718,26824.266211742717,27366.24222982557,27450.22363913884,27282.2608205123,27079
1777377600,27094.75,27153.5,27036.5,27149,,,,27367.4625,27384.03,0,0,27262.972880857516,27332.16501354624,27318.68339862559,26827.49739371543,27339.082931823657,27450.60304521827,27227.562818429044,34724
1777381200,27148.75,27252,27068.25,27202.5,,,,27358.0625,27385.905,0,0,27250.87830468601,27320.377285042036,27314.127186914782,26831.22876293219,27303.395880923803,27423.199735738293,27183.592026109312,89470
1777384800,27201.75,27235,27012.5,27091.75,,,,27341.225,27384.29,0,0,27219.052643748808,27299.59298640185,27305.406512918125,26833.821014047295,27266.350484215887,27397.63994218306,27135.061026248713,99884
1777388400,27091.25,27119.75,27009.5,27053.5,,,,27323.9375,27379.845,0,0,27185.942114999045,27277.220896728955,27295.527826137022,26836.006874604038,27060.916666666668,27060.916666666668,27060.916666666668,66006
1777392000,27053.5,27095.75,27028,27084.25,,,,27305.9,27376.77,0,0,27165.603691999237,27259.678087935416,27287.242421190473,26838.47695545375,27064.395062770927,27068.539608718813,27060.250516823042,46493
1777395600,27084.5,27144.25,27047.5,27141.5,,,,27292.05,27375.725,0,0,27160.782953599388,27248.934625395832,27281.52703212418,26841.49211012585,27075.78908771623,27096.163796463185,27055.41437896928,36318
1777399200,27141.5,27194.75,27120.75,27194.25,,,,27277.525,27373.805,0,0,27167.47636287951,27243.963295814392,27278.10440341343,26845.002138880816,27095.16503015975,27137.33206559725,27052.997994722253,38574
1777402800,27194.75,27224.5,27154.5,27169.25,,,,27261.4875,27369.27,0,0,27167.83109030361,27237.171178013083,27273.835603279567,26848.228485757623,27114.232695652776,27166.169503630637,27062.295887674914,52149
1777406400,27169.25,27207.25,27147.25,27191.5,,,,27247.6875,27364.905,0,0,27172.56487224289,27233.019252739166,27270.606756092133,26851.644122715257,27118.552497436638,27171.463421162676,27065.6415737106,16309
1777413600,27197.25,27233,27197.25,27223.75,,,,27237.7875,27360.725,0,0,27182.80189779431,27232.176593399243,27268.76923624538,26855.34666875789,27120.219943417927,27174.216871277345,27066.22301555851,4363
1777417200,27224.25,27247.75,27213.75,27247.5,,,,27230.4,27357.515,0,0,27195.74151823545,27233.56963036295,27267.935148549484,26859.24869195433,27121.765785502208,27177.028382695018,27066.503188309398,3511
1777420800,27246.25,27294,27246.25,27264,,,,27223.125,27354.115,0,0,27209.39321458836,27236.33602760268,27267.780828998526,26863.276068153787,27125.470581676975,27184.673444318047,27066.267719035903,6851
1777424400,27263.5,27270,27191.75,27246.5,,,,27214.5625,27350.24,0,0,27216.814571670686,27237.260025093346,27266.94628668486,26867.089241604994,27129.43538150063,27191.097236611895,27067.773526389363,10059
1777428000,27247.25,27281.5,27242.25,27267.5,,,,27209.7375,27347.68,0,0,27226.951657336547,27240.009113721226,27266.968000932513,26871.07342825569,27132.301979113265,27196.316392974066,27068.287565252464,6120
1777431600,27269,27293.5,27266,27283.25,,,,27207.0125,27345.665,0,0,27238.211325869237,27243.94010338293,27267.606510699865,26875.174687676033,27133.784826781015,27199.169318878532,27068.400334683498,2890
1777435200,27284,27312.25,27282,27297.75,,,,27205,27342.51,0,0,27250.11906069539,27248.8319121663,27268.78860831948,26879.379417151893,27135.361247786037,27202.363192621786,27068.359302950288,2819
1777438800,27299.25,27309.75,27276.25,27297.25,,,,27202.2625,27337.7,0,0,27259.54524855631,27253.23355651482,27269.904741326558,26883.537333399137,27136.883992179413,27205.33955368098,27068.428430677846,2827
1777442400,27297.25,27317.25,27260.5,27265.75,,,,27201.3375,27332.64,0,0,27260.78619884505,27254.371415013473,27269.741810294145,26887.340444509595,27139.344008153275,27209.736841091675,27068.951175214876,5122
1777446000,27265.5,27288.5,27210,27237.75,,,,27200.125,27326.905,0,0,27256.178959076038,27252.860377284975,27268.487229498296,26890.82710675328,27141.958268939816,27213.397010457797,27070.519527421835,7591
1777449600,27238.75,27261.5,27198,27241.25,,,,27207.4875,27321.375,0,0,27253.19316726083,27251.804888440885,27267.419102851305,26894.31390171096,27144.52475847698,27216.560227847967,27072.48928910599,8876
1777453200,27241,27270,27222.25,27229,,,,27211.4875,27316.965,0,0,27248.354533808662,27249.73171676444,27265.91247136694,26897.644111644186,27146.132374129,27218.614696122615,27073.650052135385,5403
1777456800,27227,27288.5,27212,27264,,,,27214.5625,27313.565,0,0,27251.48362704693,27251.028833422217,27265.837472489806,26901.28944386663,27148.052097843487,27221.304362166567,27074.799833520407,5794
1777460400,27262.25,27285,27235,27251.25,,,,27222.5375,27310.07,0,0,27251.436901637546,27251.048939474742,27265.265414745107,26904.771638455022,27150.22556993122,27224.32807138133,27076.12306848111,6673
1777464000,27251.75,27253,27191.75,27225.75,,,,27231.15,27305.77,0,0,27246.299521310037,27248.74903588613,27263.715790637456,26907.96545299776,27152.584491239337,27226.62290982192,27078.546072656754,11135
1777467600,27225.75,27251.25,27124.25,27220.25,,,,27237.95,27301.075,0,0,27241.08961704803,27246.158214441934,27262.011249828145,26911.072761923155,27159.09526273728,27229.54308616021,27088.647439314347,57029
1777471200,27220.75,27315.5,27177.75,27302.25,,,,27245.9875,27297.61,0,0,27253.321693638423,27251.257467674484,27263.589240030964,26914.96507274979,27172.71661193746,27247.448607450457,27097.984616424463,59364
1777474800,27303,27309.5,27199.25,27240.25,,,,27248.2875,27292.775,0,0,27250.707354910737,27250.256788794984,27262.673975716025,26918.20173869258,27249.666666666668,27249.666666666668,27249.666666666668,62889
1777478400,27239.75,27273.5,27153.5,27199.25,,,,27249.7875,27288.375,0,0,27240.41588392859,27245.61980799544,27260.186760982062,26920.998238805092,27232.24275325932,27252.47479958698,27212.010706931662,46643
1777482000,27199,27254,27170,27249.5,,,,27252.6875,27285.335,0,0,27242.23270714287,27245.972552723128,27259.7676723161,26924.266913045838,27230.48820300088,27248.573683156563,27212.4027228452,32093
1777485600,27249.5,27301,27158,27295.25,,,,27256.2625,27283.88,0,0,27252.836165714296,27250.45232065739,27261.159136146838,26927.95828704538,27235.916634418445,27253.982794797368,27217.850474039522,49600
1777489200,27295.5,27340.25,27262.25,27337.25,,,,27260.75,27283.28,0,0,27269.718932571435,27258.343018779447,27264.14309159206,26932.03084140314,27253.736820747683,27289.954383348566,27217.5192581468,57259
1777492800,27337,27414,27094,27148.75,,,,27254.9875,27278.445,0,0,27245.52514605715,27248.380017072224,27259.617872313942,26934.187250941417,27247.280518448097,27282.658784963747,27211.902251932446,56561
1777500000,27207,27500,27207,27471.25,,,,27266.225,27279.3,0,0,27290.67011684572,27268.640924611114,27267.917171438887,26939.53115889225,27257.353838408493,27307.641407379888,27207.0662694371,22695
1777503600,27473.25,27557.5,27452,27550.5,,,,27280.375,27282.325,0,0,27342.636093476576,27294.264476919194,27278.9988509903,26945.61045084357,27265.825794888147,27333.653678120623,27197.99791165567,10924
1777507200,27551.75,27622.75,27551.25,27595.25,,,,27295.975,27285.33,0,0,27393.15887478126,27321.626797199267,27291.400856833818,26952.074525959557,27278.067999465857,27368.855792217873,27187.28020671384,13302
1777510800,27594.25,27601.25,27556,27581.25,,,,27310.15,27288.585,0,0,27430.77709982501,27345.228906544788,27302.767489899157,26958.33497843757,27284.61720815047,27384.59015070402,27184.64426559692,7817
1777514400,27581.25,27588.5,27386.5,27427.5,,,,27316.6625,27287.44,0,0,27430.121679860007,27352.708096858896,27307.658960883506,26963.003287109834,27292.695612497013,27397.410668701257,27187.98055629277,16627
1777518000,27424.75,27453.5,27402.5,27410.25,,,,27323.8875,27285.845,0,0,27426.147343888006,27357.93917896263,27311.682138888074,26967.453503158493,27294.940150239523,27400.10859821971,27189.771702259335,6645
1777521600,27410.25,27410.5,27231.5,27234.25,,,,27323.7125,27281.18,0,0,27387.767875110403,27346.694708147847,27308.645584421876,26970.108194669352,27294.829164345683,27397.93598347262,27191.722345218746,15483
1777525200,27233.5,27308.75,27221.75,27223.75,,,,27322.8375,27277.22,0,0,27354.964300088322,27335.517916498044,27305.316345817097,26972.63199372737,27293.84629611464,27395.983607642393,27191.708984586887,9232
1777528800,27223.5,27307.5,27185.25,27283.5,,,,27325.5625,27274.985,0,0,27340.67144007066,27330.789014998223,27304.460802843878,26975.72520772013,27292.809242018215,27393.601590468115,27192.016893568314,12416
1777532400,27282.25,27377.25,27269.75,27352.25,,,,27329.975,27273.84,0,0,27342.98715205653,27332.74001363475,27306.334889006863,26979.4717230662,27293.857508238394,27393.535954018746,27194.179062458043,11229
1777536000,27351.5,27396.75,27324.75,27360,,,,27335.4125,27272.685,0,0,27346.389721645224,27335.21819421341,27308.439403163455,26983.258074080466,27295.230776987246,27394.330135169163,27196.13141880533,9077
1777539600,27359.5,27442,27330.75,27367.75,,,,27342.5125,27272.76,0,0,27350.661777316178,27338.1756311031,27310.76530892175,26987.08386438812,27297.101059960183,27395.892700101213,27198.309419819154,9918
1777543200,27368.25,27432.75,27350.5,27374.75,,,,27350.2375,27273.5,0,0,27355.479421852942,27341.50057373009,27313.274512493444,26990.941238871823,27299.393841717603,27397.916142093072,27200.871541342134,11924
1777546800,27376.5,27494.25,27371.5,27440.5,,,,27357.15,27275.55,0,0,27372.483537482352,27350.50052157281,27318.263747297624,26995.414460375585,27303.24381131327,27402.947220292896,27203.540402333645,13467
1777550400,27440.25,27550,27438,27524.75,,,,27371.375,27279.005,0,0,27402.936829985883,27366.341383248007,27326.361247403598,27000.681480670355,27311.279759827015,27416.608058470578,27205.951461183453,19814
1777554000,27522.75,27540,27203,27245.75,,,,27373.7,27278.235,0,0,27371.499463988708,27355.378530225462,27323.200022015222,27003.119973400004,27314.164641639443,27411.066471367965,27217.26281191092,92731
1777557600,27247.25,27376,27163.25,27359.5,,,,27379.2,27280.185,0,0,27369.099571190967,27355.753209295875,27324.623550563643,27006.66604331642,27311.917514095865,27401.195687638392,27222.639340553338,107189
1777561200,27359.25,27435.75,27331.25,27388.5,,,,27383.8625,27286.075,0,0,27372.979656952775,27358.730190268976,27327.12850936507,27010.465386168995,27385.166666666668,27385.166666666668,27385.166666666668,73204
1777564800,27388.25,27435,27347.75,27371.25,,,,27385.5625,27290.52,0,0,27372.63372556222,27359.86835478998,27328.858763899774,27014.05528282403,27384.98157134008,27385.222999385955,27384.740143294202,43028
1777568400,27370.75,27548,27369.5,27543.25,,,,27405.2875,27297.335,0,0,27406.756980449776,27376.539413445436,27337.266263354686,27019.320901900406,27415.871142345455,27462.71776861269,27369.02451607822,50536
1777572000,27543.5,27591.75,27542,27551.25,,,,27409.2875,27306.525,0,0,27435.65558435982,27392.422194041304,27345.657782438815,27024.61372874717,27445.191723074124,27517.083081829594,27373.300364318653,41981
1777575600,27551.25,27622,27542,27577.5,,,,27410.6375,27317.005,0,0,27464.024467487856,27409.24744912846,27354.74963410788,27030.115084680034,27476.102525530663,27561.04178553487,27391.163265526455,61808
1777579200,27578.5,27617.5,27557,27598.5,,,,27410.8,27327.29,0,0,27490.919573990286,27426.452226480418,27364.308471986,27035.77065597675,27486.684203461722,27574.171722834486,27399.196684088958,27445
1777586400,27631.75,27646.5,27556.25,27579.75,,,,27410.725,27336.055,0,0,27508.68565919223,27440.38838770947,27372.7571593591,27041.183385768025,27489.770865315353,27577.841816857563,27401.699913773144,8811
1777590000,27579.75,27624.25,27576.5,27594.25,,,,27419.0625,27344.055,0,0,27525.798527353785,27454.375807008608,27381.44315310972,27046.68653615839,27491.544911993846,27579.971092216096,27403.118731771596,5097
1777593600,27594.5,27641.5,27591,27625.5,,,,27429.825,27353.18,0,0,27545.738821883027,27469.93255182601,27391.014009850518,27052.445874107063,27493.921982010892,27583.207207122017,27404.636756899767,5912
1777597200,27624.75,27658.25,27613,27650.25,,,,27450.625,27362.355,0,0,27566.641057506422,27486.325047114555,27401.18012711128,27058.394173867193,27495.95089615855,27586.25473770925,27405.64705460785,4461
1777600800,27648.5,27652.25,27624.5,27642,,,,27471.5375,27370.72,0,0,27581.71284600514,27500.477315558684,27410.624043695152,27064.201197012793,27497.364335434802,27588.33440297334,27406.394267896263,3203
1777604400,27642.5,27674.5,27634.25,27643,,,,27489.5125,27378.63,0,0,27593.97027680411,27513.433923235167,27419.736826295342,27069.960389082316,27499.35111509715,27591.376708188378,27407.32552200592,4276
1777608000,27643.5,27643.5,27620.75,27628.5,,,,27503.325,27385.92,0,0,27600.876221443286,27523.894475668334,27427.923617421016,27075.51799715115,27500.31627528479,27592.688532644504,27407.944017925074,2437
1777611600,27628.25,27640.75,27612.25,27616.75,,,,27516.1625,27393.325,0,0,27604.050977154628,27532.335886971214,27435.328573600586,27080.903390214324,27501.252012216188,27593.89025455163,27408.613769880747,2548
1777615200,27617.75,27628.5,27591.5,27596.5,,,,27527.6,27399.905,0,0,27602.540781723703,27538.16898815565,27441.64902169468,27086.033704739555,27502.417265577842,27595.185989386446,27409.64854176924,3784
1777618800,27595.75,27625.75,27572,27579.5,,,,27537.8375,27405.83,0,0,27597.932625378962,27541.92635286877,27447.054942412535,27090.943817130206,27503.87203701712,27596.58524172918,27411.158832305064,5562
1777622400,27580.5,27597.75,27554.5,27566.75,,,,27544.15,27411.21,0,0,27591.69610030317,27544.183048062518,27451.748866239494,27095.678207009507,27504.64970872317,27597.127774135293,27412.171643311045,3915
1777626000,27566,27576,27545.5,27569.75,,,,27546.4,27416.66,0,0,27587.306880242533,27546.50731642047,27456.376361681083,27100.395339278068,27505.179523725445,27597.4105188314,27412.94852861949,3148
1777629600,27570.25,27580.75,27536.25,27569.75,,,,27562.6,27422.74,0,0,27583.795504194026,27548.620287654972,27460.822386713196,27105.065534907142,27505.787313299672,27597.71272166724,27413.861904932102,3780
1777633200,27570.25,27575,27537.25,27564.25,,,,27572.8375,27429.27,0,0,27579.88640335522,27550.04117059543,27464.878371547973,27109.634534559806,27506.55948570016,27598.034276429607,27415.084694970712,5243
1777636800,27564.5,27625.75,27547,27577,,,,27582.2625,27435.985,0,0,27579.309122684175,27552.49197326857,27469.275298153934,27114.284937201002,27509.54765370268,27600.442295136036,27418.653012269326,14603
1777640400,27576.5,27875.75,27575.75,27873.5,,,,27607.375,27448.875,0,0,27638.14729814734,27581.674521153247,27485.12724724594,27121.83931593532,27557.386106620932,27688.470973729196,27426.301239512668,82389
1777644000,27873.5,27909.25,27751,27814.75,,,,27620.95,27459.89,0,0,27673.467838517874,27602.863201048407,27498.053629706883,27128.733949607606,27602.207232984423,27758.06339031124,27446.351075657607,91973
1777647600,27815.25,27917,27769,27890.75,,,,27637.925,27472.68,0,0,27716.9242708143,27629.034728225826,27513.453487365437,27136.316198865243,27858.916666666668,27858.916666666668,27858.916666666668,59793
1777651200,27890.75,27901.5,27805.5,27831.5,,,,27650.625,27484.795,0,0,27739.83941665144,27647.440662023477,27525.925899625618,27143.233450617827,27853.273997644443,27859.606794526848,27846.941200762038,47471
1777654800,27831,27897,27828.5,27883.75,,,,27664.8875,27498.065,0,0,27768.62153332115,27668.92332911225,27539.95821728736,27150.601774492276,27856.876911777203,27865.692527313342,27848.061296241063,30021
1777658400,27883.25,27890.25,27794.75,27821.75,,,,27676.9875,27508.455,0,0,27779.24722665692,27682.81666282932,27551.00887543295,27157.279866288372,27852.18858944064,27863.955276373028,27840.421902508253,38761
1777662000,27822.25,27900.75,27818,27837.25,,,,27689.1375,27520.395,0,0,27790.847781325538,27696.856057117562,27562.234017572835,27164.045738265602,27852.14427373715,27862.436332583,27841.8522148913,54075
1777665600,27837.25,27837.5,27755.75,27783.25,,,,27697.025,27532.075,0,0,27789.32822506043,27704.710051925056,27570.90131100135,27170.20697470077,27847.723099830677,27866.263404327496,27829.182795333858,18313
1777845600,27890,27926,27836,27849.75,,,,27707,27544.08,0,0,27801.412580048345,27717.895501750052,27581.83655370718,27176.96859684305,27848.75539203817,27867.483804080068,27830.02697999627,11749
1777849200,27850,27857.5,27815,27825,,,,27716.15,27554.675,0,0,27806.130064038676,27727.632274318228,27591.372375130428,27183.416670506303,27848.455938017953,27867.139352285703,27829.7725237502,4883
1777852800,27823.25,27897.25,27800.25,27892.75,,,,27728.6375,27565.785,0,0,27823.45405123094,27742.642976652936,27603.19110551747,27190.47471358584,27849.15788702515,27867.67006511084,27830.64570893946,13049
1777856400,27893,27922,27858.5,27919.5,,,,27743.1875,27581.2,0,0,27842.66324098475,27758.720887866304,27615.595375889334,27197.728696535236,27850.666375048408,27870.83942568257,27830.493324414245,8504
1777860000,27919.5,27944,27878.25,27928.75,,,,27758.7875,27590.35,0,0,27859.880592787802,27774.178079878457,27627.87594938387,27205.002540350804,27852.308165726983,27874.737837051387,27829.87849440258,7274
1777863600,27929.25,27945,27918.75,27931.75,,,,27775.55,27597.975,0,0,27874.25447423024,27788.502799889506,27639.792578819797,27212.233858357264,27853.326982850027,27877.34007415925,27829.313891540805,3814
1777867200,27931.75,27953.25,27927.25,27938.75,,,,27793.5125,27604.845,0,0,27887.153579384194,27802.161636263187,27651.516399258235,27219.462874692017,27854.291490210926,27879.83789043886,27828.745089982993,3360
1777870800,27938,27965.75,27930.5,27935.5,,,,27811.95,27611.93,0,0,27896.822863507354,27814.283305693807,27662.65301105203,27226.58762220752,27855.573790721708,27883.079488760246,27828.06809268317,4370
1777874400,27935.75,27940.25,27872.25,27895.5,,,,27828.2375,27621.29,0,0,27896.558290805882,27821.666641539825,27671.784265520575,27233.24346676267,27856.579468410968,27884.628634707202,27828.530302114734,6665
1777878000,27896.5,27951.25,27881.25,27912.25,,,,27845.3625,27631.33,0,0,27899.696632644707,27829.90149230893,27681.21429432369,27239.999750675477,27857.843267620236,27886.857764187425,27828.828771053046,6911
1777881600,27912,27914.25,27864.25,27892.5,,,,27861.775,27644.495,0,0,27898.257306115767,27835.59226573539,27689.50000827178,27246.492290469752,27858.600449036872,27887.6908159146,27829.510082159144,7612
1777885200,27894.5,27924.75,27883.5,27890.25,,,,27877.4375,27657.825,0,0,27896.655844892615,27840.561150668538,27697.372556967006,27252.897839818314,27859.142137122155,27888.415039138417,27829.869235105893,4384
1777888800,27891,27897,27662.25,27813.75,,,,27874.45,27668.43,0,0,27880.074675914093,27838.123773335035,27701.936378262417,27258.478458327583,27852.689514776244,27886.950553114235,27818.428476438254,34623
1777892400,27815,27847.75,27778.75,27826.75,,,,27875.05,27677.92,0,0,27869.409740731273,27837.08979394094,27706.83103009526,27264.132901528305,27851.448067186848,27885.71095943958,27817.185174934115,13470
1777896000,27828.5,27881.5,27828.25,27844.5,,,,27872.7375,27687.61,0,0,27864.42779258502,27837.76344903722,27712.22981322878,27269.907698528023,27851.44702286235,27885.135336924126,27817.758708800575,13042
1777899600,27845.25,27898.75,27787.5,27896,,,,27875.9625,27698.175,0,0,27870.742234068013,27843.057680942926,27719.43648721981,27276.137472672024,27852.74609762662,27884.159813225375,27821.332382027864,63647
1777903200,27895.25,27941,27844,27882,,,,27875.875,27708.32,0,0,27872.99378725441,27846.597891766298,27725.81152693668,27282.16595553101,27857.168206321076,27888.904881687977,27825.431530954174,63319
1777906800,27882,27914.25,27697.25,27734.75,,,,27871.525,27714.205,0,0,27845.345029803528,27836.429901605727,27726.162055292105,27286.669279356574,27782.08333333333,27782.083678600313,27782.082988066344,93790
1777910400,27734.25,27747.75,27613,27706.25,,,,27864.975,27717.835,0,0,27817.526023842824,27824.595365096116,27725.38119037869,27290.84421190029,27742.97561490824,27788.91974565029,27697.031484166186,67955
1777914000,27705.25,27803.75,27704,27792.25,,,,27865.425,27728.765,0,0,27812.47081907426,27821.654877360106,27728.003496638346,27295.83332421969,27747.829148211327,27789.898659909137,27705.759636513518,41674
1777917600,27792.25,27818.75,27718,27759.75,,,,27860.925,27736.77,0,0,27801.92665525941,27816.02716123646,27729.24845755449,27300.44941054586,27750.47635646279,27789.77623484498,27711.1764780806,35843
1777921200,27759,27794,27739.75,27780.25,,,,27858.6875,27744.605,0,0,27797.591324207526,27812.774692033145,27731.24851804255,27305.22354576431,27753.672369290296,27790.60822036028,27716.736518220314,43298
1777924800,27779.75,27781,27738.75,27743,,,,27851.2,27752.04,0,0,27786.67305936602,27806.43153821195,27731.709360472254,27309.579530383573,27753.692467759305,27789.98019883573,27717.40473668288,10186
1777932000,27760,27789.5,27740.75,27753.5,,,,27842.9,27756.245,0,0,27780.038447492818,27801.61958019268,27732.563895355695,27313.996649484234,27753.787373778257,27789.856357182507,27717.718390374008,3723
1777935600,27752,27764.75,27731.75,27745.5,,,,27833.7375,27760.13,0,0,27773.130757994255,27796.517800175163,27733.07119357704,27318.290215161007,27753.72654031207,27789.630551149417,27717.82252947472,2821
1777939200,27747,27793,27739.75,27785,,,,27826.4,27764.28,0,0,27775.504606395403,27795.470727431966,27735.107617358335,27322.934093617117,27754.130023422287,27789.75249482572,27718.507552018855,6544
1777942800,27785,27833.25,27767.75,27815.25,,,,27820.225,27768.615,0,0,27783.45368511632,27797.268843119968,27738.250455893303,27327.83275935227,27754.99183279163,27790.923625584514,27719.06003999875,5227
1777946400,27815.5,27841,27801,27815.5,,,,27814.225,27773.33,0,0,27789.862948093058,27798.92622101815,27741.27984977984,27332.685169706972,27755.926425646314,27792.41471302531,27719.438138267316,4597
1777950000,27816,27848.5,27811.25,27841,,,,27811.5,27778.265,0,0,27800.090358474445,27802.751110016503,27745.19044390612,27337.743028714864,27756.580439667556,27793.601289089554,27719.559590245557,2681
1777953600,27840,27860.25,27826.75,27828.25,,,,27807.3,27782.32,0,0,27805.722286779557,27805.069190924092,27748.4476814,27342.623695095812,27757.271478482056,27794.888557969323,27719.65439899479,2711
1777957200,27827.25,27855,27818.75,27852.75,,,,27805.3125,27786.37,0,0,27815.127829423647,27809.403809930995,27752.53796840392,27347.6995787267,27758.091411896436,27796.43608580063,27719.746737992242,3131
1777960800,27852.5,27887,27818.25,27880.75,,,,27804.8375,27791.145,0,0,27828.252263538918,27815.889827209994,27757.565891211612,27353.003563017977,27759.94747892158,27800.363649619172,27719.531308223985,5896
1777964400,27880,27926.75,27874.75,27882,,,,27808.25,27795.925,0,0,27839.001810831134,27821.899842918177,27762.445660183705,27358.2672091571,27762.91541440261,27807.502079382906,27718.328749422315,7445
1777968000,27882.5,27942.25,27879.5,27929.75,,,,27813.4,27801.95,0,0,27857.151448664907,27831.70440265289,27769.006614686303,27363.953605085884,27765.814461011603,27814.695799427434,27716.933122595772,6465
1777971600,27930,27958.5,27908.5,27936.75,,,,27818.0125,27808.35,0,0,27873.071158931925,27841.25400241172,27775.58478665939,27369.653071701945,27768.840821647038,27822.20874686005,27715.472896434025,6281
1777975200,27936.75,27959,27921.75,27934.75,,,,27819.95,27815.115,0,0,27885.40692714554,27849.753638556107,27781.82655973157,27375.275926709885,27771.72852196306,27829.010670397343,27714.44637352878,6065
1777978800,27934,27947.25,27900,27943.75,,,,27823.0375,27822.4,0,0,27897.075541716433,27858.298762323735,27788.176498565626,27380.932385150583,27774.907841338892,27835.814470558547,27714.001212119238,7289
1777982400,27942.5,28006,27928.5,27973.5,,,,27834.975,27830.535,0,0,27912.360433373145,27868.771602112487,27795.44408685717,27386.828580323214,27781.46975271242,27850.875523986015,27712.063981438823,12701
1777986000,27973.5,28112,27971,28085.25,,,,27853.925,27840.845,0,0,27946.938346698516,27888.451456465897,27806.809024627477,27393.778047185668,27825.067297539765,27943.912248837834,27706.222346241695,71020
1777989600,28085,28139.25,28031.75,28096,,,,27869.1125,27851.37,0,0,27976.750677358814,27907.319505878088,27818.149847191104,27400.765330298247,27865.418546281668,28010.285907427537,27720.5511851358,80735
1777993200,28095.75,28149.75,28087.75,28127,,,,27887.475,27862.625,0,0,28006.800541887053,27927.29045988917,27830.261617889493,27407.99154591717,28121.5,28121.5,28121.5,41637
1777996800,28126.75,28152.5,28090.25,28125.5,,,,27904.7375,27873.595,0,0,28030.540433509643,27945.309508990154,27841.839593658533,27415.130933519988,28122.08448948277,28122.708175081854,28121.46080388369,36568
1778000400,28125.5,28167.75,28107.75,28159,,,,27925.5375,27879.305,0,0,28056.232346807716,27964.735917263777,27854.277256652316,27422.53261577352,28128.031235440038,28138.041485589085,28118.02098529099,27679
1778004000,28159.5,28186.25,28154.25,28168.75,,,,27946.3,27886.385,0,0,28078.73587744617,27983.28265205798,27866.60952109732,27429.95766437279,28135.82154085635,28154.417413559713,28117.225668152983,24312
1778007600,28168.75,28188.25,28108.75,28135.75,,,,27965.8125,27891.285,0,0,28090.138701956937,27997.14332005271,27877.16404968174,27436.980473682514,28138.118721690804,28154.41723094148,28121.82021244013,48780
1778011200,28135.25,28247,28110,28207.25,,,,27986.925,27898.8,0,0,28113.56096156555,28016.243927320644,27890.108596753045,27444.644847078707,28145.06071500164,28168.025827534715,28122.095602468566,28879
1778018400,28250,28422,28243,28376.25,,,,28014.975,27908.65,0,0,28166.09876925244,28048.971752109675,27909.172965507827,27453.91455009285,28158.124344320695,28212.546609258465,28103.702079382925,14370
1778022000,28375.25,28385.25,28345.5,28370,,,,28042.7,27919.615,0,0,28206.87901540195,28078.156138281523,27927.244613919283,27463.02982820138,28167.000797815806,28234.900809799692,28099.10078583192,9867
1778025600,28369.5,28372.75,28248,28275.75,,,,28064.4375,27928.385,0,0,28220.653212321562,28096.119216619565,27940.911491804804,27471.116596079974,28175.21346660687,28248.278160039557,28102.148773174184,15419
1778029200,28275.25,28309,28267.75,28292,,,,28087.625,27938.56,0,0,28234.922569857248,28113.926560563243,27954.67966859677,27479.28459014883,28178.901792963945,28253.564493350335,28104.239092577554,8248
1778032800,28291.75,28296.5,28261.5,28288,,,,28109.3875,27947.325,0,0,28245.538055885798,28129.751418693857,27967.751054141994,27487.331509649837,28181.01732046043,28256.341711712965,28105.692929207893,5358
1778036400,28287.75,28334.5,28282.75,28312.25,,,,28130.9625,27957.07,0,0,28258.880444708637,28146.342198812596,27981.26081672466,27495.539653832428,28183.257341817876,28259.799056014144,28106.71562762161,4621
1778040000,28313.5,28344.5,28310.25,28335.5,,,,28153.6375,27965.925,0,0,28274.20435576691,28163.538362556905,27995.152549402126,27503.897468222156,28185.529509598695,28263.609089341357,28107.449929856033,4177
1778043600,28334.75,28359.75,28326,28355,,,,28174.9,27974.635,0,0,28290.36348461353,28180.94396596082,28009.264214131454,27512.366150130394,28188.12625624706,28268.19289597696,28108.059616517156,4414
1778047200,28354.25,28369,28300,28336.25,,,,28194.875,27982.785,0,0,28299.54078769082,28195.06269632802,28022.0871861263,27520.563999382826,28191.59258033286,28273.79259116414,28109.392569501582,6627
1778050800,28335.25,28352.75,28308,28347.75,,,,28215.525,27991.105,0,0,28309.182630152656,28208.9433602982,28034.858276866446,27528.794705856628,28195.355483988755,28279.681262487546,28111.029705489964,7508
1778054400,28348,28517.75,28323.75,28482.75,,,,28242.475,28001.985,0,0,28343.896104122126,28233.834872998363,28052.4226581658,27538.286798335666,28211.068245002552,28312.43968565113,28109.696804353975,19677
1778058000,28482.5,28514.25,28415,28506.25,,,,28269.1125,28013.4,0,0,28376.366883297702,28258.599884543964,28070.219808825965,27547.918272979092,28224.09633856197,28338.50767598431,28109.685001139627,15780
1778061600,28507.75,28614.5,28501.5,28585,,,,28294.1,28027.19,0,0,28418.09350663816,28288.272622312696,28090.407267303377,27558.23749414348,28244.78948690353,28382.51227682032,28107.06669698674,20803
1778065200,28584,28634.25,28512,28538.25,,,,28316.2125,28039.71,0,0,28442.12480531053,28310.997838466086,28107.969727409127,27567.98886236096,28264.467894078636,28418.201949541286,28110.733838615986,22838
1778068800,28539.25,28540.25,28426.25,28458,,,,28332.7625,28051.02,0,0,28445.299844248424,28324.361671332805,28121.696404765633,27576.844694576273,28278.579750561767,28436.117751624588,28121.041749498945,26430
1778072400,28457.75,28506,28336,28469,,,,28349.9375,28062.595,0,0,28450.03987539874,28337.51061030255,28135.316153598353,27585.72186179442,28309.490703004125,28464.14232827589,28154.83907773236,95512
1778076000,28468.25,28550.75,28385,28537.25,,,,28368.85,28077.065,0,0,28467.48190031899,28355.668736638683,28151.078265221946,27595.189803468107,28339.25068587867,28495.813029462297,28182.68834229504,95998
1778079600,28537.5,28586.75,28518,28560.25,,,,28388.425,28091.735,0,0,28486.035520255195,28374.267033307893,28167.1242156054,27604.792392488325,28555,28555,28555,51598
1778083200,28560.5,28601.25,28512.25,28539.25,,,,28408.6,28105.63,0,0,28496.678416204155,28389.26548482536,28181.717383620875,27614.090478135207,28553.320233178947,28555.329569198653,28551.31089715924,36060
1778086800,28539.5,28610.25,28528.5,28600,,,,28428.2375,28119.71,0,0,28517.342732963323,28408.423168023055,28198.12062347888,27623.900523128887,28559.586713628887,28570.917314260012,28548.256112997762,27470
1778090400,28599.5,28665.75,28591.75,28640.25,,,,28441.4375,28134.875,0,0,28541.92418637066,28429.498334566415,28215.459030401278,27634.013453247007,28576.345137239154,28608.615436493415,28544.074837984892,34307
1778094000,28640,28725.75,28637.75,28710.25,,,,28458.45,28154.385,0,0,28575.589349096528,28455.021213242195,28234.862597836523,27644.722274607735,28610.957048955974,28670.175121967142,28551.738975944805,64417
1778097600,28710.25,28800,28694.5,28712.25,,,,28480.275,28174.505,0,0,28602.92147927722,28478.405648401997,28253.58367243117,27655.34444102955,28625.93853604419,28694.698027744664,28557.179044343713,29220
1778104800,28662.75,28702,28650,28676.5,,,,28499.5,28192.19,0,0,28617.63718342178,28496.414225819997,28270.168626453476,27665.5051928601,28627.32088422664,28695.623681144712,28559.018087308566,6879
1778108400,28677.25,28694.5,28654.25,28670.25,,,,28518.6125,28210.4,0,0,28628.159746737423,28512.217478018178,28285.85809208275,27675.50265362766,28628.119730083858,28696.086907737783,28560.152552429932,4449
1778112000,28669.5,28695,28637,28662,,,,28536.1,28228.035,0,0,28634.927797389937,28525.834070925615,28300.60875513833,27685.318547621413,28629.124114546103,28696.416620123342,28561.831608968863,7189
1778115600,28661.5,28716,28638.25,28697,,,,28554.175,28247.115,0,0,28647.34223791195,28541.394609932377,28316.15350983879,27695.385029734633,28630.33339002882,28697.360491231306,28563.306288826334,5922
1778119200,28698.5,28706.75,28652.5,28687,,,,28570.775,28265.785,0,0,28655.27379032956,28554.63146357489,28330.696509452955,27705.251845359162,28631.354560894993,28698.10621152231,28564.602910267677,5385
1778122800,28686.5,28702.5,28673.75,28691.75,,,,28588.55,28284.71,0,0,28662.569032263647,28567.096785068083,28344.855469866565,27715.067747395387,28631.946730344225,28698.61198415643,28565.28147653202,2816
1778126400,28691.5,28713.5,28686,28705,,,,28606.4125,28303.11,0,0,28671.055225810916,28579.633440970985,28358.978784773757,27724.917819560607,28632.543725136253,28699.231627593643,28565.855822678863,2387
1778130000,28704.75,28727.75,28694.25,28720.25,,,,28618.2875,28321.21,0,0,28680.894180648735,28592.41676451908,28373.146283410082,27734.82162235105,28633.55089105289,28700.43477345708,28566.667008648703,3478
1778133600,28720,28748.75,28695,28737.5,,,,28629.85,28339.65,0,0,28692.215344518987,28605.6061495628,28387.434664452823,27744.79852163114,28635.391073177638,28702.875680801346,28567.90646555393,5651
1778137200,28737.25,28805.25,28728.5,28777.5,,,,28639.475,28358.38,0,0,28709.27227561519,28621.232863238907,28402.731344278203,27755.074158231826,28640.52213075039,28711.56864505378,28569.475616446998,11346
1778140800,28779.5,28814.5,28728.75,28736.75,,,,28649.4,28376.55,0,0,28714.76782049215,28631.73442112628,28415.830115090823,27764.84207705539,28643.91063352957,28716.69676909767,28571.124497961468,8715
1778144400,28736.25,28762.5,28711,28730.25,,,,28663.0125,28394.1,0,0,28717.86425639372,28640.690382842073,28428.16030665589,27774.44812603991,28645.730547149138,28718.89605865111,28572.565035647167,6294
1778148000,28729.75,28743,28690.25,28727,,,,28675.9125,28411.025,0,0,28719.691405114976,28648.536711674613,28439.87951031644,27783.926254139016,28647.063190429664,28720.23801736745,28573.88836349188,5723
1778151600,28728,28751,28705.25,28732,,,,28685.65,28428.025,0,0,28722.15312409198,28656.124283340556,28451.335215794228,27793.35982374957,28649.050043551346,28722.43293268477,28575.667154417923,7894
1778155200,28732.25,28760.75,28717,28755.25,,,,28695.4,28444.535,0,0,28728.772499273582,28665.13571212778,28463.253442625828,27802.930870279426,28651.964790509344,28726.056280957782,28577.873300060906,10325
1778158800,28755.25,28803,28708,28781.5,,,,28707.5125,28461.43,0,0,28739.317999418865,28675.714283752528,28475.733699777757,27812.667876545303,28671.932152158413,28751.646096066965,28592.218208249862,73069
1778162400,28781.5,28944.75,28779,28928,,,,28723.9125,28481.295,0,0,28777.054399535093,28698.649348865936,28493.469633119807,27823.76570861948,28707.408778627243,28814.892696011215,28599.92486124327,82526
1778166000,28928.5,28930.5,28772.75,28784.25,,,,28731.1125,28498.105,0,0,28778.493519628075,28706.43122624176,28504.872784762167,27833.322766245157,28829.166666666668,28829.166666666668,28829.166666666668,71349
1778169600,28785.5,28788.25,28637,28696.75,,,,28730.4375,28512.57,0,0,28762.14481570246,28705.551114765236,28512.39738143816,27841.91408200391,28760.881160357694,28821.350495398325,28700.411825317064,90986
1778173200,28697.5,28713.5,28552,28696.5,,,,28729.65,28524.795,0,0,28749.01585256197,28704.728286150214,28519.617091969998,27850.417424471532,28724.522103672993,28795.068315879114,28653.97589146687,83695
1778176800,28696.75,28721.5,28582.75,28644.75,,,,28728.0625,28535.77,0,0,28728.162682049577,28699.27571468201,28524.52426483392,27858.321231193207,28709.146121781516,28778.924700418156,28639.367543144876,63601
1778180400,28645,28708.75,28586.75,28684.25,,,,28728.7625,28546.915,0,0,28719.38014563966,28697.90974062001,28530.78801915416,27866.53942789775,28700.753184709105,28766.947467575003,28634.558901843207,63637
1778184000,28684.25,28766.25,28633,28644,,,,28727.8625,28557.285,0,0,28704.30411651173,28693.0088551091,28535.227704677527,27874.27535398832,28699.52843004993,28763.80475363584,28635.25210646402,24785
1778191200,28582,28670.75,28541,28614.5,,,,28723.7375,28566.395,0,0,28686.343293209382,28685.87168646282,28538.336422141154,27881.64077335162,28697.176768900335,28762.233424041548,28632.120113759123,10586
1778194800,28615.25,28679.75,28607.75,28679.5,,,,28723.3625,28576.61,0,0,28684.974634567505,28685.292442238926,28543.872248723852,27889.579671129217,28696.852634219966,28761.75771429485,28631.94755414508,3216
1778198400,28679.75,28741.25,28679.75,28728,,,,28725.175,28588.455,0,0,28693.579707654004,28689.174947489933,28551.092944852327,27897.922161963754,28697.148106877597,28761.60307292963,28632.693140825566,6343